age,fnlwgt,marital_status,occupation,sex,capital_gain,capital_loss,hours_per_week,native_country,age_group,capital_net,has_capital_gain,has_capital_loss,income_binary,source,relationship_binary,race_Amer-Indian-Eskimo,race_Asian-Pac-Islander,race_Black,race_Other,race_White,education_level_encoded
0,163127,0,Adm-clerical,0,0,0,1,United-States,26-35,0,0,0,0,train,1,False,False,False,False,True,0
0,303296,0,Adm-clerical,0,0,0,1,Laos,18-25,0,0,0,0,train,1,False,True,False,False,False,0
0,103649,0,Adm-clerical,0,0,0,1,United-States,26-35,0,0,0,1,train,1,False,False,True,False,False,0
0,164170,0,Adm-clerical,0,0,0,1,India,26-35,0,0,0,0,train,1,False,True,False,False,False,0
0,216010,0,Adm-clerical,0,0,0,1,United-States,18-25,0,0,0,0,train,1,False,False,False,False,True,0
0,168906,0,Adm-clerical,0,0,0,1,United-States,26-35,0,0,0,0,train,1,False,False,False,False,True,0
0,32275,0,Exec-managerial,0,0,0,1,United-States,18-25,0,0,0,0,train,1,False,False,False,True,False,0
0,310907,0,Exec-managerial,0,0,0,1,United-States,26-35,0,0,0,0,train,1,False,False,False,False,True,0
0,169323,0,Exec-managerial,0,0,0,1,United-States,18-25,0,0,0,0,train,1,False,False,False,False,True,0
0,446559,0,Exec-managerial,0,0,0,1,United-States,26-35,0,0,0,0,train,1,False,False,False,False,True,0
0,146764,0,Exec-managerial,0,0,0,1,United-States,26-35,0,0,0,1,train,1,False,False,False,False,True,0
0,338409,0,Prof-specialty,0,0,0,1,Cuba,26-35,0,0,0,0,train,1,False,False,True,False,False,0
0,123147,0,Prof-specialty,0,0,1887,1,United-States,26-35,-1887,0,1,1,train,1,False,False,False,False,True,0
0,127610,0,Prof-specialty,0,0,0,1,United-States,26-35,0,0,0,1,train,1,False,False,False,False,True,0
0,359155,0,Prof-specialty,0,0,0,1,United-States,26-35,0,0,0,1,train,1,False,False,False,False,True,0
0,97757,0,Prof-specialty,0,0,0,1,United-States,26-35,0,0,0,1,train,1,False,False,False,False,True,0
0,129661,0,Prof-specialty,0,0,0,1,United-States,26-35,0,0,0,1,train,1,True,False,False,False,False,0
0,185885,1,Adm-clerical,0,0,0,0,United-States,26-35,0,0,0,0,train,0,False,False,False,False,True,0
0,350845,1,Adm-clerical,0,0,0,0,United-States,18-25,0,0,0,0,train,1,False,False,False,False,True,0
0,25429,1,Adm-clerical,0,0,0,0,United-States,18-25,0,0,0,0,train,1,False,False,False,False,True,0
0,267044,1,Adm-clerical,0,0,0,0,United-States,18-25,0,0,0,0,train,0,True,False,False,False,False,0
0,431745,1,Adm-clerical,0,0,0,0,United-States,18-25,0,0,0,0,train,0,False,False,True,False,False,0
0,188569,1,Adm-clerical,0,0,0,0,United-States,18-25,0,0,0,0,train,0,False,False,False,False,True,0
0,43285,1,Adm-clerical,0,0,0,0,United-States,18-25,0,0,0,0,train,1,False,False,False,False,True,0
0,341410,1,Adm-clerical,0,0,0,0,United-States,18-25,0,0,0,0,train,0,False,False,False,False,True,0
0,185554,1,Adm-clerical,0,0,0,0,United-States,18-25,0,0,0,0,train,1,False,False,False,False,True,0
0,182355,1,Adm-clerical,0,0,0,0,United-States,18-25,0,0,0,0,train,1,False,False,True,False,False,0
0,145917,1,Adm-clerical,0,0,0,0,United-States,18-25,0,0,0,0,train,1,False,False,False,False,True,0
0,186014,1,Adm-clerical,0,0,0,0,Germany,18-25,0,0,0,0,train,1,False,False,False,False,True,0
0,406078,1,Adm-clerical,0,0,0,0,United-States,18-25,0,0,0,0,train,1,False,False,False,False,True,0
0,214716,1,Adm-clerical,0,0,0,0,United-States,18-25,0,0,0,0,train,1,False,False,False,False,True,0
0,215247,1,Adm-clerical,0,0,0,0,United-States,18-25,0,0,0,0,train,1,False,False,False,False,True,0
0,244408,1,Adm-clerical,0,0,0,0,Vietnam,18-25,0,0,0,0,train,1,False,True,False,False,False,0
0,122272,1,Adm-clerical,0,0,0,1,United-States,18-25,0,0,0,0,train,1,False,False,False,False,True,0
0,111697,1,Adm-clerical,0,0,1719,1,United-States,18-25,-1719,0,1,0,train,1,False,False,False,False,True,0
0,117789,1,Adm-clerical,0,0,0,1,United-States,18-25,0,0,0,0,train,1,False,False,False,False,True,0
0,71592,1,Adm-clerical,0,0,0,1,Philippines,26-35,0,0,0,0,train,0,False,True,False,False,False,0
0,284317,1,Adm-clerical,0,0,0,1,United-States,18-25,0,0,0,0,train,0,False,False,False,False,True,0
0,93106,1,Adm-clerical,0,0,0,1,United-States,26-35,0,0,0,0,train,0,False,False,False,False,True,0
0,117606,1,Adm-clerical,0,0,0,1,United-States,18-25,0,0,0,0,train,1,False,False,False,False,True,0
0,188544,1,Adm-clerical,0,0,0,1,United-States,18-25,0,0,0,0,train,1,False,False,False,False,True,0
0,175034,1,Adm-clerical,0,0,0,1,United-States,26-35,0,0,0,0,train,0,False,False,False,False,True,0
0,183077,1,Adm-clerical,0,0,0,1,United-States,26-35,0,0,0,0,train,1,False,False,False,False,True,0
0,213977,1,Adm-clerical,0,0,0,1,United-States,18-25,0,0,0,0,train,0,False,False,False,False,True,0
0,121471,1,Adm-clerical,0,0,0,1,United-States,18-25,0,0,0,0,train,0,False,False,False,False,True,0
0,355686,1,Adm-clerical,0,0,0,1,United-States,18-25,0,0,0,0,train,0,False,False,False,False,True,0
0,192149,1,Adm-clerical,0,0,0,1,United-States,18-25,0,0,0,0,train,1,False,False,False,False,True,0
0,175183,1,Adm-clerical,0,0,0,1,United-States,18-25,0,0,0,0,train,0,False,False,False,False,True,0
0,151726,1,Adm-clerical,0,0,0,1,United-States,26-35,0,0,0,0,train,1,True,False,False,False,False,0
0,127139,1,Adm-clerical,0,0,0,1,United-States,18-25,0,0,0,0,train,1,False,False,False,False,True,0
0,253814,1,Adm-clerical,0,0,0,1,United-States,26-35,0,0,0,0,train,0,False,False,False,False,True,0
0,183224,1,Adm-clerical,0,0,0,1,United-States,26-35,0,0,0,0,train,1,False,True,False,False,False,0
0,243871,1,Adm-clerical,0,0,0,1,United-States,26-35,0,0,0,0,train,1,False,False,False,False,True,0
0,147638,1,Adm-clerical,0,0,0,1,Hong,26-35,0,0,0,0,train,1,False,True,False,False,False,0
0,409815,1,Adm-clerical,0,0,0,1,United-States,26-35,0,0,0,0,train,0,False,False,True,False,False,0
0,272451,1,Adm-clerical,0,0,0,1,United-States,26-35,0,0,0,0,train,0,False,False,False,False,True,0
0,161478,1,Adm-clerical,0,0,0,1,Japan,26-35,0,0,0,0,train,0,False,True,False,False,False,0
0,298696,1,Adm-clerical,0,0,0,1,United-States,26-35,0,0,0,0,train,1,False,False,False,False,True,0
0,37933,1,Adm-clerical,0,0,0,1,United-States,26-35,0,0,0,0,train,0,False,False,True,False,False,0
0,117589,1,Adm-clerical,0,0,0,1,United-States,18-25,0,0,0,0,train,0,False,False,False,False,True,0
0,194723,1,Adm-clerical,0,0,0,1,Mexico,18-25,0,0,0,0,train,1,False,False,False,False,True,0
0,173652,1,Adm-clerical,0,0,0,1,United-States,26-35,0,0,0,0,train,1,False,False,False,False,True,0
0,181546,1,Adm-clerical,0,0,0,1,United-States,18-25,0,0,0,0,train,1,False,False,False,False,True,0
0,334693,1,Adm-clerical,0,0,0,1,United-States,18-25,0,0,0,0,train,1,False,False,False,False,True,0
0,222130,1,Adm-clerical,0,0,0,1,United-States,26-35,0,0,0,0,train,0,False,False,False,False,True,0
0,129856,1,Adm-clerical,0,0,0,1,United-States,26-35,0,0,0,0,train,1,False,False,False,False,True,0
0,152035,1,Adm-clerical,0,0,0,1,United-States,18-25,0,0,0,0,train,1,False,False,False,False,True,0
0,117109,1,Adm-clerical,0,0,0,1,United-States,18-25,0,0,0,0,train,1,False,False,True,False,False,0
0,197728,1,Adm-clerical,0,0,0,1,United-States,18-25,0,0,0,0,train,1,False,False,False,False,True,0
0,114158,1,Adm-clerical,0,0,0,1,United-States,26-35,0,0,0,0,train,1,False,False,False,False,True,0
0,109419,1,Adm-clerical,0,0,0,1,United-States,26-35,0,0,0,0,train,0,False,False,False,False,True,0
0,162593,1,Adm-clerical,0,0,0,1,United-States,18-25,0,0,0,0,train,0,False,True,False,False,False,0
0,200973,1,Adm-clerical,0,0,0,1,United-States,18-25,0,0,0,0,train,0,False,False,False,False,True,0
0,125298,1,Adm-clerical,0,0,0,1,United-States,26-35,0,0,0,0,train,0,False,False,False,False,True,0
0,400966,1,Adm-clerical,0,0,0,1,United-States,18-25,0,0,0,0,train,1,False,False,False,False,True,0
0,258849,1,Adm-clerical,0,0,0,1,United-States,26-35,0,0,0,0,train,0,False,False,True,False,False,0
0,19395,1,Adm-clerical,0,0,0,1,United-States,26-35,0,0,0,0,train,0,False,False,False,False,True,0
0,54152,1,Adm-clerical,0,0,0,1,United-States,18-25,0,0,0,0,train,1,False,False,False,False,True,0
0,133352,1,Adm-clerical,0,0,0,1,Vietnam,18-25,0,0,0,0,train,1,False,True,False,False,False,0
0,86745,1,Adm-clerical,0,0,0,1,United-States,18-25,0,0,0,0,train,1,False,True,False,False,False,0
0,225291,1,Adm-clerical,0,0,0,1,United-States,26-35,0,0,0,0,train,0,False,False,False,False,True,0
0,36235,1,Adm-clerical,0,0,0,1,United-States,18-25,0,0,0,0,train,0,False,False,False,False,True,0
0,232914,1,Adm-clerical,0,0,0,1,United-States,26-35,0,0,0,0,train,1,False,False,True,False,False,0
0,147171,1,Adm-clerical,0,0,0,1,Vietnam,18-25,0,0,0,0,train,0,False,True,False,False,False,0
0,107578,1,Adm-clerical,0,2174,0,1,United-States,18-25,2174,1,0,0,train,1,False,False,False,False,True,0
0,371987,1,Exec-managerial,0,0,0,1,United-States,18-25,0,0,0,0,train,0,False,False,False,False,True,0
0,226508,1,Exec-managerial,0,0,0,1,United-States,18-25,0,0,0,0,train,1,False,False,False,False,True,0
0,255957,1,Exec-managerial,0,4101,0,1,United-States,18-25,4101,1,0,0,train,0,False,False,False,False,True,0
0,168312,1,Exec-managerial,0,0,0,1,United-States,26-35,0,0,0,0,train,0,False,False,False,False,True,0
0,348491,1,Exec-managerial,0,0,0,1,United-States,26-35,0,0,0,0,train,0,False,False,True,False,False,0
0,204704,1,Exec-managerial,0,0,0,1,United-States,26-35,0,0,0,1,train,0,False,False,False,False,True,0
0,331065,1,Exec-managerial,0,0,1408,1,United-States,26-35,-1408,0,1,0,train,0,False,False,False,False,True,0
0,218445,1,Exec-managerial,0,0,0,1,United-States,18-25,0,0,0,0,train,0,False,False,False,False,True,0
0,220066,1,Exec-managerial,0,14344,0,1,United-States,26-35,14344,1,0,1,train,0,False,False,False,False,True,0
0,172893,1,Exec-managerial,0,0,0,1,United-States,18-25,0,0,0,0,train,1,False,False,False,False,True,0
0,188798,1,Exec-managerial,0,0,0,1,United-States,26-35,0,0,0,0,train,0,False,False,False,False,True,0
0,117833,1,Exec-managerial,0,0,1669,1,United-States,26-35,-1669,0,1,0,train,0,False,False,False,False,True,0
0,40915,1,Exec-managerial,0,0,0,1,United-States,18-25,0,0,0,1,train,0,False,False,False,False,True,0
0,120461,1,Exec-managerial,0,0,0,1,United-States,26-35,0,0,0,0,train,0,False,False,False,False,True,0
0,50442,1,Exec-managerial,0,0,0,1,United-States,26-35,0,0,0,0,train,1,True,False,False,False,False,0
0,48099,1,Exec-managerial,0,0,0,1,United-States,26-35,0,0,0,0,train,0,False,False,False,False,True,0
0,194096,1,Exec-managerial,0,0,0,1,United-States,18-25,0,0,0,0,train,1,False,False,False,False,True,0
0,215251,1,Exec-managerial,0,0,0,1,United-States,18-25,0,0,0,0,train,0,False,False,False,False,True,0
0,355569,1,Exec-managerial,0,0,0,1,United-States,26-35,0,0,0,0,train,0,False,False,False,False,True,0
0,191230,1,Exec-managerial,0,0,0,1,Yugoslavia,18-25,0,0,0,0,train,1,False,False,False,False,True,0
0,159897,1,Exec-managerial,0,0,0,1,United-States,26-35,0,0,0,0,train,0,False,False,True,False,False,0
0,116531,1,Exec-managerial,0,0,0,1,United-States,26-35,0,0,0,0,train,0,False,False,False,False,True,0
0,41493,1,Farming-fishing,0,0,0,1,United-States,26-35,0,0,0,0,train,0,False,False,False,False,True,0
0,171114,1,Farming-fishing,0,0,0,1,United-States,26-35,0,0,0,0,train,0,False,False,False,False,True,0
0,170800,1,Farming-fishing,0,0,0,1,United-States,18-25,0,0,0,0,train,1,False,False,False,False,True,0
0,117526,1,Farming-fishing,0,0,0,1,United-States,26-35,0,0,0,0,train,0,False,False,False,False,True,0
0,122272,1,Farming-fishing,0,0,0,1,United-States,18-25,0,0,0,0,train,1,False,False,False,False,True,0
0,140027,1,Machine-op-inspct,0,0,0,1,United-States,18-25,0,0,0,0,train,1,False,False,True,False,False,0
0,196690,1,Machine-op-inspct,0,0,1669,1,United-States,26-35,-1669,0,1,0,train,0,False,False,False,False,True,0
0,137994,1,Machine-op-inspct,0,0,0,1,United-States,18-25,0,0,0,0,train,1,False,False,True,False,False,0
0,347132,1,Machine-op-inspct,0,0,0,1,United-States,26-35,0,0,0,0,train,0,False,False,True,False,False,0
0,324469,1,Machine-op-inspct,0,0,0,1,United-States,18-25,0,0,0,0,train,0,False,False,False,False,True,0
0,76996,1,Machine-op-inspct,0,0,0,1,United-States,26-35,0,0,0,0,train,0,False,False,True,False,False,0
0,275421,1,Machine-op-inspct,0,0,0,1,United-States,18-25,0,0,0,0,train,1,False,False,False,False,True,0
0,153718,1,Other-service,0,0,0,0,United-States,18-25,0,0,0,0,train,0,False,True,False,False,False,0
0,109881,1,Other-service,0,0,0,0,United-States,26-35,0,0,0,0,train,1,False,False,False,False,True,0
0,299047,1,Other-service,0,0,0,0,United-States,18-25,0,0,0,0,train,0,False,False,False,False,True,0
0,352139,1,Other-service,0,0,0,0,United-States,18-25,0,0,0,0,train,0,False,False,False,False,True,0
0,332702,1,Other-service,0,0,0,0,United-States,18-25,0,0,0,0,train,1,False,False,False,False,True,0
0,192453,1,Other-service,0,0,0,0,United-States,18-25,0,0,0,0,train,1,False,False,False,False,True,0
0,194608,1,Other-service,0,0,0,0,United-States,18-25,0,0,0,0,train,1,False,False,False,False,True,0
0,187161,1,Other-service,0,0,0,0,United-States,18-25,0,0,0,0,train,1,False,False,False,False,True,0
0,236684,1,Other-service,0,0,0,0,United-States,18-25,0,0,0,0,train,1,False,False,True,False,False,0
0,46247,1,Other-service,0,0,0,0,United-States,18-25,0,0,0,0,train,1,False,False,False,False,True,0
0,197384,1,Other-service,0,0,0,0,United-States,18-25,0,0,0,0,train,1,False,False,False,False,True,0
0,161708,1,Other-service,0,0,0,0,United-States,18-25,0,0,0,0,train,1,False,False,False,False,True,0
0,100587,1,Other-service,0,0,0,0,United-States,18-25,0,0,0,0,train,1,False,False,True,False,False,0
0,294789,1,Other-service,0,0,0,0,United-States,18-25,0,0,0,0,train,0,False,False,False,False,True,0
0,157599,1,Other-service,0,0,0,0,United-States,18-25,0,0,0,0,train,0,False,False,False,False,True,0
0,34616,1,Other-service,0,0,0,0,United-States,18-25,0,0,0,0,train,1,False,False,False,False,True,0
0,87653,1,Other-service,0,0,0,0,United-States,18-25,0,0,0,0,train,1,False,False,False,False,True,0
0,140764,1,Other-service,0,0,0,0,United-States,18-25,0,0,0,0,train,1,False,False,False,False,True,0
0,368852,1,Other-service,0,0,0,0,United-States,18-25,0,0,0,0,train,1,False,False,False,False,True,0
0,206599,1,Other-service,0,0,0,0,United-States,18-25,0,0,0,0,train,1,False,False,False,False,True,0
0,196745,1,Other-service,0,594,0,0,United-States,18-25,594,1,0,0,train,1,False,False,False,False,True,0
0,306467,1,Other-service,0,0,0,0,United-States,18-25,0,0,0,0,train,1,False,False,False,False,True,0
0,190423,1,Other-service,0,0,0,0,United-States,18-25,0,0,0,0,train,0,False,False,False,False,True,0
0,152182,1,Other-service,0,0,0,0,United-States,18-25,0,0,0,0,train,1,False,False,False,False,True,0
0,199915,1,Other-service,0,0,0,1,United-States,18-25,0,0,0,0,train,1,False,False,False,False,True,0
0,108574,1,Other-service,0,0,0,1,United-States,26-35,0,0,0,0,train,0,False,False,False,False,True,0
0,232577,1,Other-service,0,0,0,1,United-States,18-25,0,0,0,0,train,0,False,False,False,False,True,0
0,538319,1,Other-service,0,0,0,1,Puerto-Rico,18-25,0,0,0,0,train,1,False,False,False,False,True,0
0,264936,1,Other-service,0,0,0,1,United-States,26-35,0,0,0,0,train,0,False,False,False,False,True,0
0,60639,1,Other-service,0,0,0,1,United-States,18-25,0,0,0,0,train,0,False,False,False,False,True,0
0,174063,1,Other-service,0,0,0,1,United-States,18-25,0,0,0,0,train,1,False,False,False,False,True,0
0,203240,1,Other-service,0,0,0,1,United-States,18-25,0,0,0,0,train,0,False,False,False,False,True,0
0,211345,1,Other-service,0,0,0,1,Mexico,18-25,0,0,0,0,train,1,False,False,False,False,True,0
0,85088,1,Other-service,0,0,0,1,United-States,18-25,0,0,0,0,train,1,False,False,False,False,True,0
0,161708,1,Other-service,0,0,0,1,United-States,18-25,0,0,0,0,train,1,False,False,False,False,True,0
0,201413,1,Other-service,0,0,0,1,United-States,18-25,0,0,0,0,train,0,False,False,True,False,False,0
0,369549,1,Other-service,0,0,0,1,United-States,18-25,0,0,0,0,train,0,False,False,True,False,False,0
0,197613,1,Other-service,0,0,0,1,United-States,18-25,0,0,0,0,train,0,False,False,False,False,True,0
0,125491,1,Other-service,0,0,0,1,Vietnam,18-25,0,0,0,0,train,0,False,True,False,False,False,0
0,401335,1,Other-service,0,0,0,1,United-States,18-25,0,0,0,0,train,0,False,False,True,False,False,0
0,146378,1,Other-service,0,0,0,1,United-States,18-25,0,0,0,0,train,1,False,False,False,False,True,0
0,239806,1,Other-service,0,0,0,1,Mexico,18-25,0,0,0,0,train,1,False,False,False,False,True,0
0,123984,1,Other-service,0,0,0,1,Philippines,26-35,0,0,0,0,train,0,False,True,False,False,False,0
0,169699,1,Other-service,0,0,0,1,United-States,18-25,0,0,0,0,train,0,False,False,False,False,True,0
0,218215,1,Other-service,0,0,0,1,United-States,18-25,0,0,0,0,train,1,False,False,False,False,True,0
0,34918,1,Prof-specialty,0,0,0,0,Germany,18-25,0,0,0,0,train,0,False,False,False,False,True,0
0,860348,1,Prof-specialty,0,0,0,0,United-States,18-25,0,0,0,0,train,1,False,False,True,False,False,0
0,211601,1,Prof-specialty,0,0,0,0,United-States,18-25,0,0,0,0,train,1,False,False,True,False,False,0
0,99399,1,Prof-specialty,0,0,0,0,United-States,18-25,0,0,0,0,train,0,True,False,False,False,False,0
0,52114,1,Prof-specialty,0,0,0,0,United-States,18-25,0,0,0,0,train,1,False,False,False,False,True,0
0,34029,1,Prof-specialty,0,0,0,0,United-States,18-25,0,0,0,0,train,1,False,False,False,False,True,0
0,131573,1,Prof-specialty,0,0,0,0,United-States,18-25,0,0,0,0,train,1,False,False,False,False,True,0
0,244689,1,Prof-specialty,0,0,0,0,United-States,18-25,0,0,0,0,train,0,False,False,False,False,True,0
0,169882,1,Prof-specialty,0,594,0,0,United-States,18-25,594,1,0,0,train,1,False,False,False,False,True,0
0,178818,1,Prof-specialty,0,0,0,0,United-States,18-25,0,0,0,0,train,1,False,False,False,False,True,0
0,81853,1,Prof-specialty,0,0,0,0,United-States,18-25,0,0,0,0,train,1,False,True,False,False,False,0
0,96862,1,Prof-specialty,0,0,0,0,United-States,18-25,0,0,0,0,train,1,False,False,False,False,True,0
0,258490,1,Prof-specialty,0,0,0,0,United-States,18-25,0,0,0,0,train,0,False,False,False,False,True,0
0,356717,1,Prof-specialty,0,0,0,0,United-States,18-25,0,0,0,0,train,1,False,False,False,False,True,0
0,123727,1,Prof-specialty,0,0,0,0,United-States,18-25,0,0,0,0,train,0,False,False,False,False,True,0
0,243986,1,Prof-specialty,0,0,0,0,United-States,18-25,0,0,0,0,train,1,False,False,False,False,True,0
0,230397,1,Prof-specialty,0,0,0,0,United-States,18-25,0,0,0,0,train,1,False,False,False,False,True,0
0,96851,1,Prof-specialty,0,0,1719,0,United-States,26-35,-1719,0,1,0,train,0,False,False,False,False,True,0
0,113175,1,Prof-specialty,0,0,0,0,United-States,18-25,0,0,0,0,train,1,False,False,False,False,True,0
0,151158,1,Prof-specialty,0,0,0,0,United-States,18-25,0,0,0,0,train,1,False,False,False,False,True,0
0,188618,1,Prof-specialty,0,0,0,0,United-States,18-25,0,0,0,0,train,1,False,False,False,False,True,0
0,118736,1,Prof-specialty,0,0,0,0,United-States,26-35,0,0,0,0,train,0,False,False,False,False,True,0
0,24395,1,Prof-specialty,0,0,0,0,United-States,18-25,0,0,0,0,train,0,False,False,False,False,True,0
0,250051,1,Prof-specialty,0,0,0,0,United-States,18-25,0,0,0,0,train,1,False,False,False,False,True,0
0,202994,1,Prof-specialty,0,0,0,0,United-States,18-25,0,0,0,0,train,1,False,False,False,False,True,0
0,252752,1,Prof-specialty,0,0,0,0,United-States,18-25,0,0,0,0,train,0,False,False,False,False,True,0
0,64293,1,Prof-specialty,0,0,0,1,United-States,26-35,0,0,0,0,train,0,False,False,False,False,True,0
0,204226,1,Prof-specialty,0,0,0,1,United-States,18-25,0,0,0,0,train,0,False,False,False,False,True,0
0,189620,1,Prof-specialty,0,0,0,1,Poland,26-35,0,0,0,0,train,1,False,False,False,False,True,0
0,96467,1,Prof-specialty,0,0,0,1,United-States,26-35,0,0,0,0,train,0,False,False,False,False,True,0
0,192932,1,Prof-specialty,0,0,0,1,United-States,26-35,0,0,0,0,train,0,False,False,False,False,True,0
0,216481,1,Prof-specialty,0,0,0,1,United-States,26-35,0,0,0,0,train,0,False,False,False,False,True,0
0,197058,1,Prof-specialty,0,0,0,1,United-States,26-35,0,0,0,0,train,0,False,False,False,False,True,0
0,62534,1,Prof-specialty,0,0,0,1,Jamaica,18-25,0,0,0,0,train,1,False,False,True,False,False,0
0,163665,1,Prof-specialty,0,0,0,1,United-States,18-25,0,0,0,0,train,1,False,False,False,False,True,0
0,190057,1,Prof-specialty,0,0,0,1,United-States,18-25,0,0,0,0,train,1,False,False,False,False,True,0
0,124242,1,Prof-specialty,0,0,0,1,United-States,18-25,0,0,0,0,train,1,False,False,False,False,True,0
0,214303,1,Prof-specialty,0,0,0,1,United-States,26-35,0,0,0,0,train,0,False,False,False,False,True,0
0,113545,1,Prof-specialty,0,0,0,1,United-States,26-35,0,0,0,0,train,0,False,False,False,False,True,0
0,154373,1,Prof-specialty,0,0,0,1,United-States,18-25,0,0,0,0,train,0,False,False,False,False,True,0
0,33487,1,Prof-specialty,0,0,0,1,United-States,18-25,0,0,0,0,train,1,True,False,False,False,False,0
0,62507,1,Prof-specialty,0,0,0,1,United-States,18-25,0,0,0,0,train,1,False,False,False,False,True,0
0,29174,1,Prof-specialty,0,0,0,1,United-States,26-35,0,0,0,0,train,0,False,False,False,False,True,0
0,217421,1,Prof-specialty,0,0,0,1,United-States,18-25,0,0,0,0,train,1,False,False,False,False,True,0
0,148751,1,Prof-specialty,0,0,0,1,United-States,18-25,0,0,0,0,train,0,False,False,False,False,True,0
0,79728,1,Prof-specialty,0,0,0,1,United-States,18-25,0,0,0,0,train,1,False,False,False,False,True,0
0,311376,1,Prof-specialty,0,0,0,1,United-States,18-25,0,0,0,0,train,0,False,False,False,False,True,0
0,192773,1,Prof-specialty,0,0,0,1,United-States,18-25,0,0,0,0,train,1,False,False,False,False,True,0
0,148509,1,Prof-specialty,0,0,0,1,United-States,18-25,0,0,0,0,train,0,False,False,False,False,True,0
0,322658,1,Prof-specialty,0,0,0,1,United-States,18-25,0,0,0,0,train,0,False,False,False,False,True,0
0,139992,1,Prof-specialty,0,0,0,1,United-States,26-35,0,0,0,0,train,0,False,False,False,False,True,0
0,110998,1,Prof-specialty,0,0,0,1,Philippines,18-25,0,0,0,0,train,1,False,True,False,False,False,0
0,227594,1,Prof-specialty,0,0,0,1,United-States,18-25,0,0,0,0,train,1,False,False,False,False,True,0
0,210443,1,Prof-specialty,0,0,0,1,United-States,18-25,0,0,0,0,train,1,False,False,False,False,True,0
0,283268,1,Prof-specialty,0,0,0,1,United-States,26-35,0,0,0,0,train,0,False,False,False,False,True,0
0,134181,1,Prof-specialty,0,0,0,1,United-States,18-25,0,0,0,0,train,1,False,False,False,False,True,0
0,100999,1,Prof-specialty,0,0,0,1,United-States,18-25,0,0,0,0,train,1,False,False,False,False,True,0
0,29810,1,Prof-specialty,0,0,0,1,United-States,18-25,0,0,0,0,train,1,False,False,False,False,True,0
0,423863,1,Prof-specialty,0,0,0,1,United-States,18-25,0,0,0,0,train,1,False,False,False,False,True,0
0,209970,1,Prof-specialty,0,0,0,1,United-States,18-25,0,0,0,0,train,0,False,False,False,False,True,0
0,375680,1,Prof-specialty,0,0,0,1,United-States,26-35,0,0,0,0,train,0,False,False,True,False,False,0
0,35507,1,Prof-specialty,0,0,0,1,United-States,18-25,0,0,0,0,train,1,False,False,False,False,True,0
0,202344,1,Prof-specialty,0,0,0,1,United-States,18-25,0,0,0,0,train,1,False,False,False,False,True,0
0,307149,1,Prof-specialty,0,0,0,1,United-States,18-25,0,0,0,0,train,1,False,False,False,False,True,0
0,124242,1,Prof-specialty,0,0,0,1,United-States,18-25,0,0,0,0,train,1,False,False,False,False,True,0
0,195532,1,Prof-specialty,0,8614,0,1,United-States,18-25,8614,1,0,1,train,0,False,False,False,False,True,0
0,211968,1,Prof-specialty,0,0,0,1,Iran,18-25,0,0,0,0,train,1,False,False,False,False,True,0
0,193416,1,Prof-specialty,0,0,0,1,United-States,18-25,0,0,0,0,train,1,False,False,False,False,True,0
0,34541,1,Prof-specialty,0,0,0,1,Canada,18-25,0,0,0,0,train,0,False,False,False,False,True,0
0,36601,1,Prof-specialty,0,0,0,1,United-States,26-35,0,0,0,0,train,0,False,False,False,False,True,0
0,364310,1,Prof-specialty,0,0,0,1,Germany,26-35,0,0,0,0,train,0,False,False,True,False,False,0
0,249087,1,Prof-specialty,0,0,0,1,United-States,18-25,0,0,0,0,train,1,False,False,False,False,True,0
0,64292,1,Prof-specialty,0,0,0,1,United-States,18-25,0,0,0,0,train,1,False,False,False,False,True,0
0,150361,1,Prof-specialty,0,0,0,1,United-States,26-35,0,0,0,0,train,0,False,False,False,False,True,0
0,176077,1,Prof-specialty,0,0,0,1,United-States,26-35,0,0,0,0,train,0,False,False,False,False,True,0
0,293136,1,Prof-specialty,0,0,0,1,United-States,18-25,0,0,0,0,train,1,False,False,False,False,True,0
0,362589,1,Sales,0,0,0,0,United-States,18-25,0,0,0,0,train,0,False,False,False,False,True,0
0,197747,1,Sales,0,0,0,0,United-States,18-25,0,0,0,0,train,1,False,False,False,False,True,0
0,190483,1,Sales,0,0,0,0,United-States,18-25,0,0,0,0,train,1,False,False,False,False,True,0
0,81145,1,Sales,0,0,0,0,United-States,18-25,0,0,0,0,train,0,False,False,False,False,True,0
0,214399,1,Sales,0,0,0,0,United-States,18-25,0,0,0,0,train,1,False,False,False,False,True,0
0,309055,1,Sales,0,0,0,0,United-States,18-25,0,0,0,0,train,0,False,False,False,False,True,0
0,242941,1,Sales,0,0,1602,0,United-States,18-25,-1602,0,1,0,train,1,False,False,False,False,True,0
0,130849,1,Sales,0,0,0,0,United-States,18-25,0,0,0,0,train,1,False,False,False,False,True,0
0,179203,1,Sales,0,0,0,0,United-States,18-25,0,0,0,0,train,1,False,False,False,False,True,0
0,145651,1,Sales,0,0,0,0,United-States,18-25,0,0,0,0,train,1,False,False,True,False,False,0
0,25429,1,Sales,0,0,0,0,United-States,18-25,0,0,0,0,train,0,False,False,False,False,True,0
0,89478,1,Sales,0,0,0,0,United-States,18-25,0,0,0,0,train,1,False,False,False,False,True,0
0,434710,1,Sales,0,0,0,0,United-States,18-25,0,0,0,0,train,0,False,False,False,False,True,0
0,80163,1,Sales,0,0,0,0,United-States,18-25,0,0,0,0,train,1,False,False,False,False,True,0
0,195994,1,Sales,0,0,0,0,United-States,26-35,0,0,0,0,train,0,False,False,False,False,True,0
0,232782,1,Sales,0,0,0,1,United-States,26-35,0,0,0,0,train,1,False,False,False,False,True,0
0,181054,1,Sales,0,0,0,1,United-States,18-25,0,0,0,0,train,0,False,False,False,False,True,0
0,91842,1,Sales,0,0,0,1,United-States,18-25,0,0,0,0,train,0,False,False,False,False,True,0
0,178326,1,Sales,0,0,0,1,United-States,18-25,0,0,0,0,train,0,False,False,False,False,True,0
0,74631,1,Sales,0,0,0,1,United-States,18-25,0,0,0,0,train,0,False,False,False,False,True,0
0,137645,1,Sales,0,0,1590,1,United-States,26-35,-1590,0,1,0,train,0,False,False,True,False,False,0
0,174754,1,Sales,0,0,0,1,United-States,18-25,0,0,0,0,train,0,False,False,False,False,True,0
0,286469,1,Sales,0,0,0,1,United-States,18-25,0,0,0,0,train,1,False,False,False,False,True,0
0,278581,1,Sales,0,0,0,1,United-States,26-35,0,0,0,0,train,1,False,False,False,False,True,0
0,181992,1,Sales,0,0,0,1,United-States,26-35,0,0,0,0,train,0,False,False,True,False,False,0
0,104024,1,Sales,0,0,0,1,United-States,26-35,0,0,0,0,train,1,False,False,False,False,True,0
0,87528,1,Sales,0,0,0,1,United-States,18-25,0,0,0,0,train,0,False,False,False,False,True,0
0,343059,1,Sales,0,0,0,1,United-States,18-25,0,0,0,0,train,1,False,False,False,False,True,0
0,64292,1,Sales,0,0,0,1,United-States,18-25,0,0,0,0,train,0,False,False,False,False,True,0
0,155818,1,Sales,0,0,0,1,United-States,18-25,0,0,0,0,train,1,False,False,False,False,True,0
0,40425,1,Sales,0,0,0,1,United-States,18-25,0,0,0,0,train,0,False,False,False,False,True,0
0,251915,1,Sales,0,0,0,1,United-States,18-25,0,0,0,0,train,1,False,False,False,False,True,0
0,342575,1,Sales,0,0,0,1,United-States,18-25,0,0,0,0,train,1,False,False,True,False,False,0
0,157391,1,Sales,0,0,0,1,United-States,26-35,0,0,0,0,train,1,False,False,False,False,True,0
0,246652,1,Sales,0,0,0,1,United-States,18-25,0,0,0,0,train,1,False,False,False,False,True,0
0,257621,1,Sales,0,0,0,1,United-States,18-25,0,0,0,0,train,0,False,False,False,False,True,0
0,133515,1,Sales,0,0,0,1,United-States,18-25,0,0,0,0,train,1,False,False,False,False,True,0
0,399449,1,Sales,0,0,0,1,United-States,18-25,0,0,0,0,train,1,False,False,False,False,True,0
0,262778,1,Sales,0,6849,0,1,United-States,18-25,6849,1,0,0,train,0,False,False,False,False,True,0
0,170070,1,Tech-support,0,0,0,0,United-States,18-25,0,0,0,0,train,0,False,False,False,False,True,0
0,335453,1,Tech-support,0,0,0,0,United-States,18-25,0,0,0,0,train,0,False,False,False,False,True,0
0,181761,1,Tech-support,0,0,0,0,United-States,18-25,0,0,0,0,train,1,False,False,False,False,True,0
0,100188,1,Tech-support,0,0,0,0,United-States,18-25,0,0,0,0,train,1,False,False,False,False,True,0
0,221480,1,Tech-support,0,0,0,0,Ecuador,18-25,0,0,0,0,train,1,False,False,False,False,True,0
0,188300,1,Tech-support,0,0,0,1,United-States,18-25,0,0,0,0,train,1,False,False,False,False,True,0
0,193787,1,Tech-support,0,0,0,1,United-States,18-25,0,0,0,0,train,1,False,False,False,False,True,0
0,248402,1,Tech-support,0,0,0,1,United-States,26-35,0,0,0,0,train,0,False,False,True,False,False,0
0,423158,1,Tech-support,0,0,0,1,United-States,26-35,0,0,0,0,train,0,False,False,False,False,True,0
0,161538,1,Tech-support,0,0,0,1,United-States,26-35,0,0,0,0,train,0,False,False,False,False,True,0
0,34446,1,Tech-support,0,0,0,1,United-States,18-25,0,0,0,0,train,0,False,False,False,False,True,0
0,29904,1,Tech-support,0,0,0,1,United-States,26-35,0,0,0,0,train,0,False,False,False,False,True,0
0,103700,1,Tech-support,0,0,0,1,United-States,26-35,0,0,0,0,train,1,False,False,False,False,True,0
0,53158,1,Tech-support,0,0,0,1,United-States,26-35,0,0,0,0,train,0,False,False,False,False,True,0
0,64167,1,Tech-support,0,0,0,1,United-States,18-25,0,0,0,0,train,0,False,False,True,False,False,0
0,74883,1,Tech-support,0,0,1092,1,Philippines,18-25,-1092,0,1,0,train,0,False,True,False,False,False,0
0,183175,2,Adm-clerical,0,0,0,1,United-States,26-35,0,0,0,0,train,0,False,False,False,False,True,0
0,399088,2,Adm-clerical,0,0,0,1,United-States,26-35,0,0,0,0,train,0,False,False,False,False,True,0
0,118901,2,Adm-clerical,0,0,0,1,United-States,26-35,0,0,0,0,train,0,False,False,False,False,True,0
0,157900,2,Adm-clerical,0,0,0,1,United-States,18-25,0,0,0,0,train,0,False,False,False,False,True,0
0,212302,2,Adm-clerical,0,0,0,1,United-States,18-25,0,0,0,0,train,0,False,False,False,False,True,0
0,180916,2,Adm-clerical,0,0,0,1,United-States,26-35,0,0,0,0,train,0,False,False,False,False,True,0
0,163516,2,Adm-clerical,0,0,0,1,United-States,26-35,0,0,0,0,train,0,False,False,False,False,True,0
0,334368,2,Adm-clerical,0,0,0,1,United-States,26-35,0,0,0,0,train,0,False,False,False,False,True,0
0,115971,2,Adm-clerical,0,0,0,1,United-States,26-35,0,0,0,0,train,0,False,False,False,False,True,0
0,189461,2,Adm-clerical,0,0,0,1,United-States,26-35,0,0,0,0,train,0,False,False,False,False,True,0
0,58654,2,Adm-clerical,0,0,0,1,United-States,26-35,0,0,0,0,train,0,False,False,False,False,True,0
0,57596,2,Adm-clerical,0,0,0,1,United-States,26-35,0,0,0,0,train,0,False,False,False,False,True,0
0,98010,2,Adm-clerical,0,0,0,1,United-States,26-35,0,0,0,0,train,1,False,False,False,False,True,0
0,171114,2,Adm-clerical,0,0,0,1,United-States,26-35,0,0,0,0,train,0,False,False,False,False,True,0
0,151989,2,Prof-specialty,0,0,0,1,United-States,26-35,0,0,0,0,train,0,False,False,False,False,True,0
0,376277,2,Prof-specialty,0,0,0,1,United-States,18-25,0,0,0,0,train,0,False,False,False,False,True,0
0,99386,2,Prof-specialty,0,0,0,1,United-States,18-25,0,0,0,0,train,1,False,False,False,False,True,0
0,352542,2,Prof-specialty,0,0,0,1,United-States,26-35,0,0,0,0,train,0,False,False,False,False,True,0
0,73796,2,Prof-specialty,0,0,0,1,United-States,26-35,0,0,0,0,train,0,False,False,False,False,True,0
0,168873,2,Prof-specialty,0,0,0,1,United-States,26-35,0,0,0,0,train,0,False,False,False,False,True,0
0,309974,2,Sales,0,0,0,1,United-States,26-35,0,0,0,0,train,1,False,False,True,False,False,0
0,243605,2,Sales,0,0,1380,1,Cuba,26-35,-1380,0,1,0,train,0,False,False,False,False,True,0
0,151476,2,Sales,0,0,0,1,United-States,26-35,0,0,0,0,train,0,False,False,False,False,True,0
0,163303,2,Sales,0,0,0,1,United-States,26-35,0,0,0,0,train,1,False,False,False,False,True,0
0,116934,2,Sales,0,0,0,1,United-States,18-25,0,0,0,0,train,0,False,False,False,False,True,0
0,45781,1,Prof-specialty,0,14084,0,1,United-States,26-35,14084,1,0,1,train,0,False,False,False,False,True,1
0,397317,1,Prof-specialty,0,0,1876,1,United-States,26-35,-1876,0,1,0,train,0,False,False,False,False,True,1
0,171871,1,Prof-specialty,0,0,0,1,United-States,26-35,0,0,0,0,train,0,False,False,False,False,True,1
0,219897,1,Prof-specialty,0,0,0,1,United-States,26-35,0,0,0,0,train,0,False,False,False,False,True,1
0,355259,1,Prof-specialty,0,0,0,1,United-States,26-35,0,0,0,1,train,0,False,False,False,False,True,1
0,194773,1,Prof-specialty,0,0,0,1,Germany,26-35,0,0,0,0,train,0,False,False,False,False,True,1
0,100734,1,Prof-specialty,0,0,0,1,United-States,26-35,0,0,0,0,train,0,False,False,False,False,True,1
0,375871,0,Adm-clerical,0,0,0,1,Mexico,18-25,0,0,0,0,train,1,False,False,False,False,True,2
0,207301,0,Adm-clerical,0,0,0,1,United-States,26-35,0,0,0,1,train,1,False,False,False,False,True,2
0,174391,0,Adm-clerical,0,0,0,1,United-States,18-25,0,0,0,0,train,1,False,False,False,False,True,2
0,185957,0,Adm-clerical,0,0,0,1,United-States,26-35,0,0,0,0,train,1,False,False,False,False,True,2
0,31290,0,Adm-clerical,0,0,0,1,United-States,26-35,0,0,0,1,train,1,False,False,False,False,True,2
0,196788,0,Adm-clerical,0,0,0,1,United-States,26-35,0,0,0,0,train,1,False,False,False,False,True,2
0,217421,0,Adm-clerical,0,0,0,1,United-States,18-25,0,0,0,0,train,1,False,False,False,False,True,2
0,106889,0,Adm-clerical,0,0,0,1,United-States,18-25,0,0,0,0,train,1,False,False,False,False,True,2
0,286310,0,Adm-clerical,0,0,0,1,United-States,26-35,0,0,0,0,train,1,False,False,False,False,True,2
0,59342,1,Adm-clerical,0,0,0,0,United-States,18-25,0,0,0,0,train,1,False,False,False,False,True,2
0,216284,1,Adm-clerical,0,0,0,0,United-States,18-25,0,0,0,0,train,1,False,False,False,False,True,2
0,197850,1,Adm-clerical,0,0,0,0,United-States,18-25,0,0,0,0,train,1,False,True,False,False,False,2
0,103851,1,Adm-clerical,0,1055,0,0,United-States,18-25,1055,1,0,0,train,1,False,False,False,False,True,2
0,153405,1,Adm-clerical,0,0,0,0,United-States,18-25,0,0,0,0,train,1,False,False,False,False,True,2
0,189265,1,Adm-clerical,0,0,0,1,United-States,26-35,0,0,0,0,train,0,False,False,False,False,True,2
0,376540,1,Adm-clerical,0,0,0,1,United-States,18-25,0,0,0,0,train,0,False,False,False,False,True,2
0,236436,1,Adm-clerical,0,0,0,1,United-States,26-35,0,0,0,0,train,0,False,False,False,False,True,2
0,234151,1,Adm-clerical,0,0,0,1,United-States,18-25,0,0,0,0,train,0,False,False,True,False,False,2
0,200973,1,Adm-clerical,0,0,0,1,United-States,18-25,0,0,0,0,train,1,False,False,False,False,True,2
0,154781,1,Adm-clerical,0,0,0,1,United-States,18-25,0,0,0,0,train,0,False,False,False,False,True,2
0,64292,1,Adm-clerical,0,0,0,1,United-States,18-25,0,0,0,0,train,0,False,False,False,False,True,2
0,270276,1,Adm-clerical,0,0,0,1,United-States,26-35,0,0,0,0,train,0,False,False,False,False,True,2
0,103148,1,Adm-clerical,0,0,0,1,United-States,26-35,0,0,0,0,train,0,False,False,False,False,True,2
0,291374,1,Adm-clerical,0,0,0,1,United-States,26-35,0,0,0,0,train,0,False,False,True,False,False,2
0,176321,1,Adm-clerical,0,0,0,1,Mexico,18-25,0,0,0,0,train,1,False,False,False,False,True,2
0,106437,1,Adm-clerical,0,0,0,1,United-States,26-35,0,0,0,0,train,0,False,False,False,False,True,2
0,93021,1,Adm-clerical,0,0,0,1,United-States,26-35,0,0,0,0,train,0,False,False,False,True,False,2
0,241185,1,Adm-clerical,0,0,0,1,United-States,18-25,0,0,0,0,train,0,False,False,False,False,True,2
0,334357,1,Adm-clerical,0,0,0,1,United-States,18-25,0,0,0,0,train,1,False,False,True,False,False,2
0,26248,1,Adm-clerical,0,0,0,1,United-States,18-25,0,0,0,0,train,1,False,False,False,False,True,2
0,306515,1,Adm-clerical,0,0,0,1,United-States,18-25,0,0,0,0,train,0,False,False,False,False,True,2
0,152035,1,Adm-clerical,0,0,0,1,United-States,26-35,0,0,0,0,train,1,False,False,False,False,True,2
0,200973,1,Adm-clerical,0,0,0,1,United-States,18-25,0,0,0,0,train,0,False,False,False,False,True,2
0,73203,1,Adm-clerical,0,0,0,1,United-States,18-25,0,0,0,0,train,1,False,False,False,False,True,2
0,193219,1,Adm-clerical,0,0,0,1,Jamaica,18-25,0,0,0,0,train,1,False,False,True,False,False,2
0,186294,1,Adm-clerical,0,0,0,1,United-States,18-25,0,0,0,0,train,0,False,False,False,False,True,2
0,195411,1,Adm-clerical,0,0,0,1,United-States,18-25,0,0,0,0,train,0,False,False,True,False,False,2
0,171114,1,Adm-clerical,0,0,0,1,United-States,18-25,0,0,0,0,train,0,False,False,False,False,True,2
0,269060,1,Adm-clerical,0,0,0,1,United-States,26-35,0,0,0,0,train,0,False,False,False,False,True,2
0,174503,1,Adm-clerical,0,0,0,1,United-States,18-25,0,0,0,0,train,0,False,False,False,False,True,2
0,184759,1,Adm-clerical,0,0,0,1,United-States,18-25,0,0,0,0,train,0,False,False,False,False,True,2
0,688355,1,Adm-clerical,0,0,0,1,United-States,18-25,0,0,0,0,train,0,False,False,True,False,False,2
0,152540,1,Adm-clerical,0,0,0,1,United-States,18-25,0,0,0,0,train,0,False,False,False,False,True,2
0,205204,1,Adm-clerical,0,0,0,1,United-States,26-35,0,0,0,0,train,1,False,False,False,False,True,2
0,275190,1,Adm-clerical,0,0,0,1,United-States,18-25,0,0,0,0,train,1,False,False,False,False,True,2
0,366416,1,Adm-clerical,0,0,0,1,United-States,18-25,0,0,0,0,train,1,False,False,False,False,True,2
0,88419,1,Exec-managerial,0,0,0,1,England,26-35,0,0,0,0,train,0,False,True,False,False,False,2
0,200381,1,Exec-managerial,0,0,0,1,United-States,26-35,0,0,0,0,train,0,False,False,False,False,True,2
0,231638,1,Exec-managerial,0,0,0,1,United-States,26-35,0,0,0,0,train,1,False,False,False,False,True,2
0,301654,1,Exec-managerial,0,0,0,1,United-States,26-35,0,0,0,0,train,1,False,False,False,False,True,2
0,25864,1,Exec-managerial,0,0,0,1,United-States,26-35,0,0,0,0,train,0,True,False,False,False,False,2
0,270379,1,Exec-managerial,0,0,0,1,United-States,26-35,0,0,0,0,train,0,False,False,True,False,False,2
0,198163,1,Exec-managerial,0,0,0,1,United-States,18-25,0,0,0,0,train,1,False,False,False,False,True,2
0,126060,1,Exec-managerial,0,0,0,1,United-States,26-35,0,0,0,0,train,0,False,False,False,False,True,2
0,123727,1,Exec-managerial,0,0,0,1,United-States,18-25,0,0,0,0,train,1,False,False,False,False,True,2
0,241951,1,Handlers-cleaners,0,0,0,1,United-States,18-25,0,0,0,0,train,0,False,False,True,False,False,2
0,82804,1,Handlers-cleaners,0,0,0,1,United-States,18-25,0,0,0,0,train,0,False,False,True,False,False,2
0,99697,1,Handlers-cleaners,0,0,0,1,United-States,18-25,0,0,0,0,train,1,False,False,False,False,True,2
0,181666,1,Handlers-cleaners,0,0,0,1,United-States,26-35,0,0,0,0,train,1,False,False,False,False,True,2
0,235389,1,Handlers-cleaners,0,0,0,1,Portugal,26-35,0,0,0,0,train,0,False,False,False,False,True,2
0,169631,1,Handlers-cleaners,0,0,0,1,United-States,26-35,0,0,0,0,train,1,False,False,False,False,True,2
0,174391,1,Handlers-cleaners,0,0,0,1,United-States,18-25,0,0,0,0,train,1,False,False,False,False,True,2
0,206399,1,Machine-op-inspct,0,0,0,1,United-States,18-25,0,0,0,0,train,1,False,False,True,False,False,2
0,288341,1,Machine-op-inspct,0,0,0,1,United-States,26-35,0,0,0,0,train,1,False,False,False,False,True,2
0,129042,1,Machine-op-inspct,0,0,0,1,United-States,18-25,0,0,0,0,train,0,False,False,True,False,False,2
0,240747,1,Machine-op-inspct,0,0,0,1,Dominican-Republic,18-25,0,0,0,0,train,1,False,False,False,False,True,2
0,96279,1,Machine-op-inspct,0,0,0,1,United-States,18-25,0,0,0,0,train,1,False,False,False,False,True,2
0,148069,1,Machine-op-inspct,0,0,0,1,United-States,26-35,0,0,0,0,train,0,False,False,False,False,True,2
0,108887,1,Machine-op-inspct,0,0,0,1,United-States,18-25,0,0,0,0,train,1,False,False,False,False,True,2
0,228613,1,Machine-op-inspct,0,0,0,1,United-States,18-25,0,0,0,0,train,0,False,False,False,False,True,2
0,240842,1,Machine-op-inspct,0,0,0,1,United-States,26-35,0,0,0,0,train,0,False,False,True,False,False,2
0,407684,1,Machine-op-inspct,0,0,0,1,Mexico,18-25,0,0,0,0,train,1,False,False,False,False,True,2
0,219318,1,Machine-op-inspct,0,0,0,1,Puerto-Rico,26-35,0,0,0,0,train,1,False,False,False,False,True,2
0,182200,1,Machine-op-inspct,0,0,0,1,United-States,18-25,0,0,0,0,train,1,False,False,False,False,True,2
0,127185,1,Machine-op-inspct,0,0,0,1,United-States,18-25,0,0,0,0,train,0,False,False,False,False,True,2
0,309634,1,Other-service,0,0,0,0,United-States,18-25,0,0,0,0,train,1,False,False,False,False,True,2
0,396099,1,Other-service,0,0,0,0,United-States,18-25,0,0,0,0,train,0,False,False,False,False,True,2
0,426017,1,Other-service,0,0,0,0,United-States,26-35,0,0,0,0,train,1,False,False,False,False,True,2
0,169658,1,Other-service,0,0,0,0,United-States,18-25,0,0,0,0,train,1,False,False,False,False,True,2
0,262601,1,Other-service,0,0,0,0,United-States,18-25,0,0,0,0,train,1,False,False,False,False,True,2
0,177722,1,Other-service,0,0,0,0,United-States,18-25,0,0,0,0,train,1,False,False,False,False,True,2
0,323573,1,Other-service,0,0,0,0,United-States,18-25,0,0,0,0,train,1,False,False,False,False,True,2
0,103440,1,Other-service,0,0,0,0,United-States,18-25,0,0,0,0,train,0,False,False,False,False,True,2
0,174592,1,Other-service,0,0,0,0,United-States,18-25,0,0,0,0,train,1,False,False,False,False,True,2
0,32616,1,Other-service,0,0,1719,0,United-States,18-25,-1719,0,1,0,train,0,False,False,False,False,True,2
0,152545,1,Other-service,0,0,0,0,United-States,18-25,0,0,0,0,train,1,False,False,False,False,True,2
0,218343,1,Other-service,0,0,0,0,United-States,18-25,0,0,0,0,train,1,False,False,False,False,True,2
0,295488,1,Other-service,0,0,0,0,United-States,18-25,0,0,0,0,train,1,False,False,True,False,False,2
0,206010,1,Other-service,0,0,0,0,United-States,18-25,0,0,0,0,train,1,False,False,False,False,True,2
0,182070,1,Other-service,0,0,0,0,United-States,18-25,0,0,0,0,train,1,False,False,False,False,True,2
0,115551,1,Other-service,0,0,0,0,United-States,18-25,0,0,0,0,train,1,False,False,False,False,True,2
0,130125,1,Other-service,0,1055,0,0,United-States,18-25,1055,1,0,0,train,1,True,False,False,False,False,2
0,104662,1,Other-service,0,0,0,0,United-States,18-25,0,0,0,0,train,0,False,False,False,False,True,2
0,41794,1,Other-service,0,0,0,0,United-States,18-25,0,0,0,0,train,1,False,False,False,False,True,2
0,127388,1,Other-service,0,0,0,0,United-States,18-25,0,0,0,0,train,0,False,False,False,False,True,2
0,73895,1,Other-service,0,0,0,0,United-States,18-25,0,0,0,0,train,1,False,False,False,False,True,2
0,181580,1,Other-service,0,0,0,0,United-States,18-25,0,0,0,0,train,1,False,False,False,False,True,2
0,130849,1,Other-service,0,0,0,0,United-States,18-25,0,0,0,0,train,1,False,False,False,False,True,2
0,291429,1,Other-service,0,0,0,0,United-States,18-25,0,0,0,0,train,1,False,False,False,False,True,2
0,226956,1,Other-service,0,0,0,1,United-States,18-25,0,0,0,0,train,1,False,False,False,False,True,2
0,43323,1,Other-service,0,0,1762,1,United-States,18-25,-1762,0,1,0,train,0,False,False,False,False,True,2
0,252752,1,Other-service,0,0,0,1,United-States,18-25,0,0,0,0,train,0,False,False,False,False,True,2
0,117789,1,Other-service,0,0,0,1,United-States,18-25,0,0,0,0,train,1,False,False,False,False,True,2
0,232392,1,Other-service,0,0,0,1,United-States,18-25,0,0,0,0,train,1,False,False,False,False,True,2
0,197904,1,Other-service,0,0,0,1,United-States,18-25,0,0,0,0,train,0,False,False,False,False,True,2
0,293227,1,Other-service,0,0,0,1,United-States,18-25,0,0,0,0,train,0,False,False,False,False,True,2
0,316672,1,Other-service,0,0,0,1,Mexico,26-35,0,0,0,0,train,0,False,False,False,False,True,2
0,185732,1,Other-service,0,0,0,1,United-States,26-35,0,0,0,0,train,1,False,False,False,False,True,2
0,419721,1,Other-service,0,0,0,1,Japan,26-35,0,0,0,0,train,0,False,False,True,False,False,2
0,285290,1,Other-service,0,0,0,1,United-States,26-35,0,0,0,0,train,0,False,False,True,False,False,2
0,175548,1,Other-service,0,0,0,1,United-States,26-35,0,0,0,0,train,0,False,False,False,True,False,2
0,28520,1,Other-service,0,0,0,1,United-States,18-25,0,0,0,0,train,0,False,False,False,False,True,2
0,57711,1,Other-service,0,0,0,1,United-States,18-25,0,0,0,0,train,0,False,False,False,False,True,2
0,219371,1,Other-service,0,0,0,1,United-States,26-35,0,0,0,0,train,0,False,False,False,False,True,2
0,235733,1,Other-service,0,0,0,1,United-States,18-25,0,0,0,0,train,0,False,False,False,False,True,2
0,158156,1,Other-service,0,0,0,1,United-States,26-35,0,0,0,0,train,0,False,False,False,False,True,2
0,191460,1,Other-service,0,0,0,1,United-States,18-25,0,0,0,0,train,0,False,False,True,False,False,2
0,173649,1,Other-service,0,0,0,1,United-States,26-35,0,0,0,0,train,1,False,False,True,False,False,2
0,196857,1,Other-service,0,0,0,1,United-States,18-25,0,0,0,0,train,0,False,False,False,False,True,2
0,116562,1,Other-service,0,0,0,1,United-States,18-25,0,0,0,0,train,1,False,False,False,False,True,2
0,169240,1,Other-service,0,0,0,1,United-States,26-35,0,0,0,0,train,0,False,False,False,False,True,2
0,136277,1,Other-service,0,0,0,1,United-States,26-35,0,0,0,0,train,1,False,False,True,False,False,2
0,97963,1,Other-service,0,0,0,1,United-States,18-25,0,0,0,0,train,1,False,False,False,False,True,2
0,187392,1,Other-service,0,0,0,1,United-States,26-35,0,0,0,0,train,0,False,False,False,False,True,2
0,358975,1,Other-service,0,0,0,1,United-States,18-25,0,0,0,0,train,0,False,False,False,False,True,2
0,51025,1,Other-service,0,0,0,1,United-States,26-35,0,0,0,0,train,0,False,False,False,False,True,2
0,370494,1,Other-service,0,0,0,1,Mexico,26-35,0,0,0,0,train,0,False,False,False,False,True,2
0,27433,1,Other-service,0,0,0,1,United-States,18-25,0,0,0,0,train,1,False,False,False,False,True,2
0,258872,1,Prof-specialty,0,0,0,0,United-States,18-25,0,0,0,0,train,1,False,False,False,False,True,2
0,80077,1,Prof-specialty,0,0,0,0,United-States,18-25,0,0,0,0,train,1,False,False,False,False,True,2
0,158762,1,Prof-specialty,0,0,0,0,United-States,18-25,0,0,0,0,train,1,False,False,False,False,True,2
0,139003,1,Prof-specialty,0,0,0,0,United-States,18-25,0,0,0,0,train,1,False,False,False,True,False,2
0,213055,1,Prof-specialty,0,0,0,0,United-States,18-25,0,0,0,0,train,0,False,False,False,True,False,2
0,37332,1,Prof-specialty,0,1055,0,0,United-States,18-25,1055,1,0,0,train,1,False,False,False,False,True,2
0,114798,1,Prof-specialty,0,0,0,0,United-States,18-25,0,0,0,0,train,1,False,False,False,False,True,2
0,20469,1,Prof-specialty,0,0,0,0,South,18-25,0,0,0,0,train,1,False,True,False,False,False,2
0,124884,1,Prof-specialty,0,0,0,0,United-States,18-25,0,0,0,0,train,0,False,False,False,False,True,2
0,139183,1,Prof-specialty,0,0,0,0,United-States,18-25,0,0,0,0,train,1,False,False,False,False,True,2
0,246308,1,Prof-specialty,0,0,0,0,Puerto-Rico,18-25,0,0,0,0,train,1,False,False,False,False,True,2
0,304873,1,Prof-specialty,0,34095,0,1,United-States,18-25,34095,1,0,0,train,1,False,False,False,False,True,2
0,137300,1,Prof-specialty,0,0,0,1,United-States,18-25,0,0,0,0,train,1,False,False,False,False,True,2
0,149704,1,Prof-specialty,0,1055,0,1,United-States,18-25,1055,1,0,0,train,0,False,False,False,False,True,2
0,184699,1,Prof-specialty,0,0,0,1,United-States,18-25,0,0,0,0,train,0,False,False,True,False,False,2
0,80710,1,Prof-specialty,0,0,0,1,United-States,18-25,0,0,0,0,train,1,False,False,False,False,True,2
0,145886,1,Prof-specialty,0,0,0,1,United-States,18-25,0,0,0,0,train,1,False,False,False,False,True,2
0,202920,1,Prof-specialty,0,99999,0,1,Dominican-Republic,18-25,99999,1,0,1,train,0,False,False,False,False,True,2
0,98044,1,Prof-specialty,0,0,0,1,United-States,18-25,0,0,0,0,train,1,False,False,False,False,True,2
0,152046,1,Prof-specialty,0,0,0,1,Germany,26-35,0,0,0,0,train,0,False,False,False,False,True,2
0,216563,1,Prof-specialty,0,0,0,1,United-States,18-25,0,0,0,0,train,1,False,False,False,False,True,2
0,188343,1,Prof-specialty,0,0,0,1,United-States,26-35,0,0,0,0,train,0,False,False,True,False,False,2
0,108670,1,Prof-specialty,0,0,0,1,United-States,18-25,0,0,0,0,train,0,False,False,False,False,True,2
0,175586,1,Prof-specialty,0,0,0,1,United-States,18-25,0,0,0,0,train,0,False,False,True,False,False,2
0,356772,1,Prof-specialty,0,0,0,1,United-States,18-25,0,0,0,0,train,0,False,False,False,False,True,2
0,50814,1,Prof-specialty,0,0,0,1,United-States,26-35,0,0,0,0,train,0,False,False,False,False,True,2
0,215616,1,Prof-specialty,0,0,0,1,Canada,18-25,0,0,0,0,train,0,False,False,False,False,True,2
0,175499,1,Prof-specialty,0,0,0,1,United-States,18-25,0,0,0,0,train,1,False,False,False,False,True,2
0,291374,1,Prof-specialty,0,0,0,1,United-States,26-35,0,0,0,0,train,0,False,False,True,False,False,2
0,65368,1,Sales,0,0,0,0,United-States,18-25,0,0,0,0,train,1,False,False,False,False,True,2
0,475028,1,Sales,0,0,0,0,United-States,18-25,0,0,0,0,train,1,False,False,False,False,True,2
0,193830,1,Sales,0,0,0,0,United-States,18-25,0,0,0,0,train,1,False,False,False,False,True,2
0,293579,1,Sales,0,0,0,0,United-States,18-25,0,0,0,0,train,1,False,False,True,False,False,2
0,329783,1,Sales,0,0,0,0,United-States,18-25,0,0,0,0,train,1,False,False,False,False,True,2
0,40829,1,Sales,0,0,0,0,United-States,18-25,0,0,0,0,train,1,True,False,False,False,False,2
0,280298,1,Sales,0,0,0,0,United-States,18-25,0,0,0,0,train,1,False,False,False,False,True,2
0,400225,1,Sales,0,0,0,0,United-States,18-25,0,0,0,0,train,1,False,False,False,False,True,2
0,139183,1,Sales,0,0,0,0,United-States,18-25,0,0,0,0,train,1,False,False,False,False,True,2
0,107277,1,Sales,0,0,0,0,United-States,18-25,0,0,0,0,train,1,False,False,False,False,True,2
0,400443,1,Sales,0,0,0,0,United-States,18-25,0,0,0,0,train,1,False,False,False,False,True,2
0,160118,1,Sales,0,0,0,0,United-States,18-25,0,0,0,0,train,0,False,False,False,False,True,2
0,70240,1,Sales,0,0,0,0,Philippines,18-25,0,0,0,0,train,1,False,True,False,False,False,2
0,57957,1,Sales,0,0,0,0,United-States,18-25,0,0,0,0,train,1,False,False,False,False,True,2
0,140164,1,Sales,0,0,0,1,United-States,18-25,0,0,0,0,train,1,False,False,False,False,True,2
0,243313,1,Sales,0,0,0,1,United-States,18-25,0,0,0,0,train,1,False,False,False,False,True,2
0,240817,1,Sales,0,2597,0,1,United-States,18-25,2597,1,0,0,train,1,False,False,False,False,True,2
0,211046,1,Sales,0,2463,0,1,United-States,18-25,2463,1,0,0,train,0,False,False,False,False,True,2
0,163594,1,Sales,0,0,0,1,United-States,26-35,0,0,0,0,train,0,False,False,False,False,True,2
0,89718,1,Sales,0,2202,0,1,United-States,26-35,2202,1,0,0,train,0,False,False,False,False,True,2
0,170038,1,Sales,0,0,0,1,United-States,18-25,0,0,0,0,train,0,False,False,False,False,True,2
0,55284,1,Sales,0,0,0,1,United-States,18-25,0,0,0,0,train,1,False,False,False,False,True,2
0,446219,1,Sales,0,0,0,1,United-States,18-25,0,0,0,0,train,0,False,False,True,False,False,2
0,123273,1,Sales,0,0,0,1,United-States,26-35,0,0,0,0,train,1,False,False,True,False,False,2
0,76978,1,Sales,0,0,0,1,United-States,18-25,0,0,0,0,train,0,False,False,True,False,False,2
0,85088,1,Sales,0,0,1762,1,United-States,18-25,-1762,0,1,0,train,1,False,False,False,False,True,2
0,266287,1,Sales,0,0,0,1,United-States,18-25,0,0,0,0,train,1,False,False,False,False,True,2
0,148644,1,Sales,0,0,0,1,United-States,18-25,0,0,0,0,train,1,False,False,False,False,True,2
0,117393,1,Sales,0,0,0,1,United-States,26-35,0,0,0,0,train,0,False,False,False,False,True,2
0,200199,1,Sales,0,0,0,1,United-States,18-25,0,0,0,0,train,1,False,False,False,False,True,2
0,263024,1,Sales,0,0,0,1,United-States,18-25,0,0,0,0,train,1,False,False,False,False,True,2
0,201799,1,Sales,0,0,0,1,United-States,18-25,0,0,0,0,train,1,False,False,False,False,True,2
0,89030,1,Sales,0,0,0,1,United-States,26-35,0,0,0,0,train,0,False,False,False,False,True,2
0,73514,1,Sales,0,0,0,1,United-States,26-35,0,0,0,0,train,1,False,True,False,False,False,2
0,378418,1,Tech-support,0,0,0,1,United-States,18-25,0,0,0,0,train,1,False,False,False,False,True,2
0,323545,1,Tech-support,0,0,0,1,United-States,18-25,0,0,0,0,train,0,False,False,True,False,False,2
0,176178,1,Tech-support,0,0,0,1,United-States,18-25,0,0,0,0,train,1,False,False,False,False,True,2
0,580248,1,Tech-support,0,0,0,1,United-States,18-25,0,0,0,0,train,0,False,False,False,False,True,2
0,156718,1,Tech-support,0,0,0,1,United-States,26-35,0,0,0,0,train,0,False,False,False,False,True,2
0,402089,2,Adm-clerical,0,0,0,1,United-States,26-35,0,0,0,0,train,0,False,False,False,False,True,2
0,51471,2,Adm-clerical,0,0,0,1,United-States,26-35,0,0,0,0,train,0,False,False,False,False,True,2
0,129227,2,Adm-clerical,0,0,0,1,United-States,26-35,0,0,0,0,train,0,False,False,False,False,True,2
0,197156,2,Adm-clerical,0,0,0,1,United-States,26-35,0,0,0,0,train,1,False,False,False,False,True,2
0,367314,2,Adm-clerical,0,0,0,1,United-States,26-35,0,0,0,0,train,0,False,False,False,False,True,2
0,130620,2,Adm-clerical,0,0,0,1,India,26-35,0,0,0,0,train,0,False,True,False,False,False,2
0,270577,2,Adm-clerical,0,0,0,1,United-States,26-35,0,0,0,0,train,0,False,False,False,False,True,2
0,179446,2,Adm-clerical,0,0,0,1,United-States,26-35,0,0,0,0,train,0,False,False,False,False,True,2
0,295612,2,Adm-clerical,0,0,0,1,United-States,26-35,0,0,0,0,train,0,False,False,False,False,True,2
0,44216,2,Adm-clerical,0,0,0,1,United-States,18-25,0,0,0,0,train,0,True,False,False,False,False,2
0,159442,2,Adm-clerical,0,0,0,1,United-States,26-35,0,0,0,0,train,0,False,False,False,False,True,2
0,219371,2,Adm-clerical,0,0,0,1,Jamaica,26-35,0,0,0,0,train,0,False,False,False,False,True,2
0,167816,2,Exec-managerial,0,0,0,1,United-States,18-25,0,0,0,0,train,0,False,False,False,False,True,2
0,101150,2,Exec-managerial,0,0,0,1,United-States,26-35,0,0,0,0,train,0,False,False,False,False,True,2
0,460046,2,Exec-managerial,0,0,0,1,United-States,18-25,0,0,0,0,train,0,False,False,False,False,True,2
0,188343,2,Exec-managerial,0,0,0,1,United-States,26-35,0,0,0,0,train,0,False,False,True,False,False,2
0,161708,2,Exec-managerial,0,0,0,1,United-States,18-25,0,0,0,1,train,0,False,False,False,False,True,2
0,295697,2,Other-service,0,0,0,1,United-States,26-35,0,0,0,0,train,0,False,False,True,False,False,2
0,191571,2,Other-service,0,0,0,1,United-States,26-35,0,0,0,0,train,1,False,False,False,False,True,2
0,106347,2,Other-service,0,0,0,1,United-States,26-35,0,0,0,0,train,0,False,False,True,False,False,2
0,284196,2,Other-service,0,0,0,1,United-States,26-35,0,0,0,0,train,0,False,False,False,False,True,2
0,452205,2,Other-service,0,0,0,1,United-States,26-35,0,0,0,0,train,0,False,False,False,False,True,2
0,34506,2,Other-service,0,0,0,1,United-States,18-25,0,0,0,0,train,1,False,False,False,False,True,2
0,312588,2,Other-service,0,0,0,1,United-States,26-35,0,0,0,0,train,0,False,False,False,False,True,2
0,154165,2,Other-service,0,0,0,1,United-States,18-25,0,0,0,0,train,1,False,False,False,False,True,2
0,33035,2,Other-service,0,0,0,1,United-States,26-35,0,0,0,0,train,0,False,False,False,False,True,2
0,193650,2,Other-service,0,0,0,1,United-States,26-35,0,0,0,0,train,0,False,False,False,False,True,2
0,70377,2,Prof-specialty,0,0,0,1,United-States,26-35,0,0,0,0,train,1,False,False,False,False,True,2
0,127595,2,Prof-specialty,0,0,0,1,United-States,26-35,0,0,0,0,train,0,False,False,False,False,True,2
0,114746,2,Prof-specialty,0,0,1762,1,South,18-25,-1762,0,1,0,train,1,False,True,False,False,False,2
0,211798,2,Prof-specialty,0,0,0,1,United-States,26-35,0,0,0,0,train,0,False,False,False,False,True,2
0,31166,2,Prof-specialty,0,0,0,1,Germany,26-35,0,0,0,0,train,0,False,False,False,True,False,2
0,315026,2,Prof-specialty,0,0,0,1,United-States,26-35,0,0,0,0,train,0,False,False,False,False,True,2
0,311764,2,Sales,0,0,0,1,United-States,18-25,0,0,0,0,train,1,False,False,True,False,False,2
0,242077,2,Sales,0,0,0,1,United-States,18-25,0,0,0,0,train,0,False,False,True,False,False,2
0,29810,2,Sales,0,0,0,1,United-States,18-25,0,0,0,0,train,0,False,False,False,False,True,2
0,270366,2,Sales,0,0,0,1,United-States,26-35,0,0,0,0,train,0,False,False,False,False,True,2
0,369114,2,Sales,0,0,0,1,United-States,26-35,0,0,0,0,train,1,False,False,False,False,True,2
0,39665,2,Sales,0,0,0,1,United-States,26-35,0,0,0,0,train,0,False,False,False,False,True,2
0,146719,2,Sales,0,0,0,1,United-States,26-35,0,0,0,0,train,1,False,False,False,False,True,2
0,73839,2,Sales,0,0,0,1,United-States,18-25,0,0,0,0,train,1,False,False,False,False,True,2
0,59951,0,Adm-clerical,1,0,0,1,United-States,26-35,0,0,0,0,train,1,False,False,False,False,True,0
0,114937,0,Adm-clerical,1,0,0,1,United-States,26-35,0,0,0,1,train,1,False,False,False,False,True,0
0,81281,0,Adm-clerical,1,0,0,1,United-States,18-25,0,0,0,0,train,1,False,False,False,False,True,0
0,181655,0,Adm-clerical,1,0,2377,1,United-States,26-35,-2377,0,1,0,train,1,False,False,False,False,True,0
0,296453,0,Adm-clerical,1,7298,0,1,United-States,26-35,7298,1,0,1,train,1,False,False,False,False,True,0
0,232475,0,Adm-clerical,1,0,0,1,United-States,26-35,0,0,0,0,train,1,False,False,False,False,True,0
0,117963,0,Adm-clerical,1,0,0,1,United-States,26-35,0,0,0,1,train,1,False,False,False,False,True,0
0,186792,0,Adm-clerical,1,0,0,1,United-States,26-35,0,0,0,0,train,1,False,False,False,False,True,0
0,203488,0,Adm-clerical,1,7298,0,1,United-States,26-35,7298,1,0,1,train,1,False,False,False,False,True,0
0,125762,0,Adm-clerical,1,0,0,1,United-States,26-35,0,0,0,0,train,1,False,False,False,False,True,0
0,56630,0,Adm-clerical,1,0,0,1,United-States,26-35,0,0,0,0,train,1,False,False,False,False,True,0
0,344991,0,Craft-repair,1,0,0,1,United-States,18-25,0,0,0,0,train,1,False,False,False,False,True,0
0,86646,0,Craft-repair,1,0,0,1,United-States,26-35,0,0,0,0,train,1,False,False,False,False,True,0
0,55849,0,Craft-repair,1,0,0,1,United-States,26-35,0,0,0,0,train,1,False,False,False,False,True,0
0,80145,0,Craft-repair,1,0,0,1,United-States,26-35,0,0,0,0,train,1,False,False,False,False,True,0
0,168107,0,Craft-repair,1,0,0,1,United-States,26-35,0,0,0,0,train,1,False,False,False,False,True,0
0,128059,0,Craft-repair,1,0,0,1,United-States,26-35,0,0,0,0,train,1,False,False,False,False,True,0
0,165054,0,Craft-repair,1,0,0,1,United-States,18-25,0,0,0,0,train,1,False,False,False,False,True,0
0,60726,0,Craft-repair,1,0,0,1,United-States,26-35,0,0,0,0,train,1,False,False,True,False,False,0
0,408623,0,Craft-repair,1,0,0,1,United-States,26-35,0,0,0,0,train,1,False,False,False,False,True,0
0,133770,0,Craft-repair,1,0,0,1,United-States,26-35,0,0,0,1,train,0,False,True,False,False,False,0
0,373550,0,Craft-repair,1,0,0,1,United-States,18-25,0,0,0,0,train,1,False,False,False,False,True,0
0,33308,0,Craft-repair,1,0,0,1,United-States,26-35,0,0,0,0,train,1,False,False,False,False,True,0
0,207253,0,Craft-repair,1,0,0,1,England,26-35,0,0,0,0,train,1,False,False,False,False,True,0
0,207201,0,Craft-repair,1,0,0,1,United-States,26-35,0,0,0,1,train,1,False,False,False,False,True,0
0,228472,0,Craft-repair,1,0,0,1,United-States,26-35,0,0,0,1,train,1,False,False,False,False,True,0
0,182178,0,Craft-repair,1,2829,0,1,United-States,26-35,2829,1,0,0,train,1,False,False,False,False,True,0
0,209301,0,Craft-repair,1,0,0,1,Canada,26-35,0,0,0,0,train,1,False,False,False,False,True,0
0,193260,0,Craft-repair,1,0,0,1,India,26-35,0,0,0,0,train,1,False,True,False,False,False,0
0,152940,0,Craft-repair,1,0,0,1,United-States,26-35,0,0,0,0,train,1,False,False,False,False,True,0
0,75648,0,Craft-repair,1,0,0,2,United-States,26-35,0,0,0,0,train,1,False,False,False,False,True,0
0,358636,0,Craft-repair,1,2829,0,2,United-States,26-35,2829,1,0,0,train,1,False,False,False,False,True,0
0,305874,0,Craft-repair,1,0,0,2,United-States,18-25,0,0,0,0,train,1,False,False,False,False,True,0
0,109165,0,Craft-repair,1,0,0,2,United-States,26-35,0,0,0,0,train,1,False,False,False,False,True,0
0,211334,0,Craft-repair,1,2407,0,2,United-States,26-35,2407,1,0,0,train,1,False,False,False,False,True,0
0,350162,0,Exec-managerial,1,0,0,1,United-States,26-35,0,0,0,1,train,1,False,False,False,False,True,0
0,356089,0,Exec-managerial,1,7688,0,1,United-States,26-35,7688,1,0,1,train,1,False,False,False,False,True,0
0,87418,0,Exec-managerial,1,0,0,1,United-States,26-35,0,0,0,1,train,1,False,False,False,False,True,0
0,181651,0,Exec-managerial,1,0,0,1,United-States,26-35,0,0,0,0,train,1,False,False,False,False,True,0
0,184307,0,Exec-managerial,1,0,0,1,Jamaica,26-35,0,0,0,1,train,1,False,False,False,False,True,0
0,209103,0,Exec-managerial,1,0,0,1,United-States,26-35,0,0,0,0,train,1,False,False,False,False,True,0
0,90196,0,Exec-managerial,1,0,0,1,United-States,26-35,0,0,0,1,train,1,False,False,False,False,True,0
0,119545,0,Exec-managerial,1,7688,0,1,United-States,26-35,7688,1,0,1,train,1,False,False,False,False,True,0
0,356555,0,Exec-managerial,1,0,0,1,United-States,26-35,0,0,0,0,train,1,False,False,False,False,True,0
0,90409,0,Exec-managerial,1,0,0,1,United-States,26-35,0,0,0,0,train,1,False,False,False,False,True,0
0,129624,0,Exec-managerial,1,0,0,1,United-States,26-35,0,0,0,1,train,1,False,False,False,False,True,0
0,174789,0,Exec-managerial,1,0,1848,1,United-States,26-35,-1848,0,1,1,train,1,False,False,False,False,True,0
0,112115,0,Exec-managerial,1,0,0,1,United-States,26-35,0,0,0,1,train,1,False,False,False,False,True,0
0,143068,0,Exec-managerial,1,2407,0,1,United-States,26-35,2407,1,0,0,train,1,False,False,False,False,True,0
0,86872,0,Exec-managerial,1,0,0,2,United-States,18-25,0,0,0,1,train,1,False,False,False,False,True,0
0,142712,0,Exec-managerial,1,0,0,2,United-States,26-35,0,0,0,0,train,1,False,False,False,False,True,0
0,157887,0,Exec-managerial,1,0,0,2,United-States,26-35,0,0,0,1,train,1,False,False,False,False,True,0
0,208406,0,Exec-managerial,1,0,0,2,United-States,26-35,0,0,0,1,train,1,False,False,False,False,True,0
0,111567,0,Exec-managerial,1,0,0,2,United-States,26-35,0,0,0,1,train,1,False,False,False,False,True,0
0,170983,0,Exec-managerial,1,0,0,2,United-States,26-35,0,0,0,1,train,1,False,False,False,False,True,0
0,159732,0,Exec-managerial,1,0,0,2,United-States,26-35,0,0,0,0,train,1,False,False,False,False,True,0
0,197860,0,Handlers-cleaners,1,0,0,1,United-States,26-35,0,0,0,0,train,1,False,False,False,False,True,0
0,266926,0,Handlers-cleaners,1,0,0,1,United-States,18-25,0,0,0,0,train,1,False,False,False,False,True,0
0,429507,0,Handlers-cleaners,1,0,0,1,United-States,26-35,0,0,0,0,train,1,False,False,True,False,False,0
0,37646,0,Handlers-cleaners,1,0,0,1,United-States,26-35,0,0,0,0,train,1,False,False,False,False,True,0
0,40060,0,Handlers-cleaners,1,0,0,1,United-States,18-25,0,0,0,0,train,1,False,False,False,False,True,0
0,35032,0,Handlers-cleaners,1,0,0,1,United-States,26-35,0,0,0,1,train,1,False,False,False,False,True,0
0,488720,0,Handlers-cleaners,1,0,0,1,Mexico,26-35,0,0,0,0,train,1,False,False,False,False,True,0
0,125159,0,Handlers-cleaners,1,0,0,1,Jamaica,18-25,0,0,0,0,train,1,False,False,True,False,False,0
0,159567,0,Machine-op-inspct,1,0,0,1,United-States,18-25,0,0,0,0,train,1,False,False,False,False,True,0
0,1033222,0,Machine-op-inspct,1,0,0,1,United-States,26-35,0,0,0,0,train,1,False,False,False,False,True,0
0,53042,0,Machine-op-inspct,1,0,0,1,Trinadad&Tobago,26-35,0,0,0,0,train,1,False,False,True,False,False,0
0,196827,0,Machine-op-inspct,1,0,1902,1,United-States,18-25,-1902,0,1,0,train,1,False,False,False,False,True,0
0,200639,0,Machine-op-inspct,1,0,0,1,United-States,26-35,0,0,0,0,train,1,False,False,False,False,True,0
0,197023,0,Machine-op-inspct,1,0,0,1,United-States,26-35,0,0,0,0,train,1,True,False,False,False,False,0
0,57423,0,Machine-op-inspct,1,0,0,1,United-States,26-35,0,0,0,0,train,1,False,False,False,False,True,0
0,200515,0,Machine-op-inspct,1,0,0,1,United-States,26-35,0,0,0,0,train,1,False,False,False,False,True,0
0,217961,0,Other-service,1,0,0,1,United-States,18-25,0,0,0,0,train,1,False,False,False,False,True,0
0,115831,0,Other-service,1,0,0,1,United-States,26-35,0,0,0,0,train,1,False,False,False,False,True,0
0,77634,0,Other-service,1,0,0,1,United-States,26-35,0,0,0,0,train,1,False,False,False,False,True,0
0,59083,0,Other-service,1,0,1672,1,United-States,26-35,-1672,0,1,0,train,1,False,False,False,False,True,0
0,305874,0,Other-service,1,0,0,1,United-States,18-25,0,0,0,0,train,1,False,False,False,False,True,0
0,209109,0,Other-service,1,0,0,1,United-States,26-35,0,0,0,0,train,1,False,False,False,False,True,0
0,199566,0,Other-service,1,0,0,1,United-States,26-35,0,0,0,0,train,1,False,False,True,False,False,0
0,141297,0,Prof-specialty,1,0,0,1,India,26-35,0,0,0,1,train,1,False,True,False,False,False,0
0,267989,0,Prof-specialty,1,0,0,1,United-States,26-35,0,0,0,1,train,1,False,False,False,False,True,0
0,149624,0,Prof-specialty,1,0,0,1,United-States,26-35,0,0,0,1,train,1,False,False,False,False,True,0
0,168387,0,Prof-specialty,1,7688,0,1,Canada,26-35,7688,1,0,1,train,1,False,False,False,False,True,0
0,296450,0,Prof-specialty,1,0,0,1,United-States,26-35,0,0,0,0,train,1,False,False,False,False,True,0
0,90270,0,Prof-specialty,1,0,0,1,United-States,26-35,0,0,0,0,train,1,True,False,False,False,False,0
0,150062,0,Prof-specialty,1,0,0,1,United-States,18-25,0,0,0,0,train,1,False,False,False,False,True,0
0,294936,0,Prof-specialty,1,0,0,1,United-States,26-35,0,0,0,0,train,1,False,False,False,False,True,0
0,235271,0,Prof-specialty,1,0,0,1,United-States,26-35,0,0,0,1,train,1,False,False,False,False,True,0
0,46097,0,Prof-specialty,1,0,0,1,United-States,26-35,0,0,0,0,train,1,False,False,False,False,True,0
0,212237,0,Prof-specialty,1,0,1740,1,United-States,26-35,-1740,0,1,0,train,1,False,False,False,False,True,0
0,100997,0,Prof-specialty,1,0,0,1,United-States,26-35,0,0,0,0,train,1,True,False,False,False,False,0
0,336969,0,Prof-specialty,1,0,0,1,El-Salvador,26-35,0,0,0,0,train,1,False,False,False,False,True,0
0,192200,0,Prof-specialty,1,0,0,1,United-States,26-35,0,0,0,0,train,1,False,False,False,False,True,0
0,169662,0,Prof-specialty,1,0,0,1,United-States,26-35,0,0,0,1,train,1,False,False,False,False,True,0
0,75755,0,Prof-specialty,1,0,0,1,United-States,26-35,0,0,0,0,train,1,False,False,False,False,True,0
0,55291,0,Prof-specialty,1,0,0,1,United-States,26-35,0,0,0,1,train,1,False,False,False,False,True,0
0,249271,0,Prof-specialty,1,0,0,1,United-States,18-25,0,0,0,0,train,1,False,False,False,False,True,0
0,348038,0,Prof-specialty,1,0,1902,1,Puerto-Rico,26-35,-1902,0,1,1,train,1,False,False,False,False,True,0
0,110643,0,Prof-specialty,1,0,0,1,United-States,26-35,0,0,0,1,train,1,False,False,False,False,True,0
0,250967,0,Prof-specialty,1,0,0,1,United-States,26-35,0,0,0,0,train,1,False,False,False,False,True,0
0,114224,0,Prof-specialty,1,0,0,1,United-States,26-35,0,0,0,1,train,1,False,False,False,False,True,0
0,302195,0,Prof-specialty,1,0,0,1,United-States,18-25,0,0,0,0,train,1,False,False,False,False,True,0
0,164190,0,Prof-specialty,1,0,0,1,United-States,26-35,0,0,0,1,train,1,False,False,False,False,True,0
0,84154,0,Sales,1,0,0,1,United-States,26-35,0,0,0,1,train,1,False,False,False,False,True,0
0,59496,0,Sales,1,2407,0,1,United-States,26-35,2407,1,0,0,train,1,False,False,False,False,True,0
0,61777,0,Sales,1,0,0,1,United-States,18-25,0,0,0,0,train,1,False,False,False,False,True,0
0,201872,0,Sales,1,0,0,1,United-States,26-35,0,0,0,0,train,1,False,False,False,False,True,0
0,109186,0,Sales,1,0,0,1,Germany,26-35,0,0,0,0,train,1,False,False,False,False,True,0
0,200511,0,Sales,1,0,0,1,United-States,26-35,0,0,0,0,train,1,False,False,False,False,True,0
0,214858,0,Sales,1,0,0,1,United-States,26-35,0,0,0,1,train,1,False,False,False,False,True,0
0,111900,0,Sales,1,0,0,1,United-States,26-35,0,0,0,0,train,1,False,False,False,False,True,0
0,124827,0,Sales,1,0,0,1,United-States,26-35,0,0,0,1,train,1,False,False,False,False,True,0
0,255885,0,Sales,1,0,0,1,United-States,26-35,0,0,0,0,train,1,False,False,False,False,True,0
0,206351,0,Sales,1,0,0,1,United-States,26-35,0,0,0,0,train,1,False,False,False,False,True,0
0,169815,0,Sales,1,0,0,1,United-States,26-35,0,0,0,1,train,1,False,False,False,False,True,0
0,197871,0,Sales,1,0,0,1,United-States,18-25,0,0,0,1,train,1,False,False,False,False,True,0
0,68330,0,Sales,1,0,0,1,United-States,26-35,0,0,0,0,train,1,False,False,False,False,True,0
0,306666,0,Sales,1,0,0,1,United-States,18-25,0,0,0,0,train,1,False,False,True,False,False,0
0,27494,0,Sales,1,0,0,1,Taiwan,26-35,0,0,0,0,train,1,False,True,False,False,False,0
0,302149,0,Sales,1,0,0,1,India,26-35,0,0,0,0,train,1,False,True,False,False,False,0
0,379798,0,Sales,1,0,0,1,United-States,26-35,0,0,0,1,train,1,False,False,False,False,True,0
0,164018,0,Sales,1,4064,0,1,United-States,26-35,4064,1,0,0,train,1,False,False,False,False,True,0
0,154966,0,Sales,1,0,0,1,United-States,26-35,0,0,0,1,train,1,False,False,False,False,True,0
0,172987,0,Tech-support,1,0,0,1,United-States,18-25,0,0,0,0,train,1,False,False,False,False,True,0
0,169496,0,Tech-support,1,0,0,1,United-States,26-35,0,0,0,1,train,1,False,False,False,False,True,0
0,140863,0,Tech-support,1,0,0,1,United-States,26-35,0,0,0,0,train,1,False,False,False,False,True,0
0,444304,0,Tech-support,1,0,0,1,United-States,26-35,0,0,0,0,train,1,False,False,False,False,True,0
0,167350,0,Tech-support,1,3103,0,1,United-States,26-35,3103,1,0,1,train,1,False,False,False,False,True,0
0,186269,0,Tech-support,1,0,0,1,United-States,26-35,0,0,0,0,train,1,False,False,False,False,True,0
0,173005,0,Tech-support,1,0,0,1,United-States,26-35,0,0,0,1,train,1,False,False,False,False,True,0
0,159732,1,Adm-clerical,1,0,0,1,United-States,18-25,0,0,0,0,train,0,False,False,False,False,True,0
0,27382,1,Adm-clerical,1,0,0,1,United-States,18-25,0,0,0,0,train,1,False,False,False,False,True,0
0,224563,1,Adm-clerical,1,0,0,1,United-States,26-35,0,0,0,0,train,0,False,False,False,False,True,0
0,217039,1,Adm-clerical,1,0,0,1,United-States,18-25,0,0,0,0,train,1,False,False,False,False,True,0
0,137510,1,Adm-clerical,1,0,0,1,United-States,18-25,0,0,0,0,train,1,False,False,False,False,True,0
0,163870,1,Adm-clerical,1,0,0,1,United-States,18-25,0,0,0,0,train,1,False,False,False,False,True,0
0,114874,1,Adm-clerical,1,0,0,1,United-States,18-25,0,0,0,0,train,1,False,False,False,False,True,0
0,225775,1,Adm-clerical,1,0,0,1,United-States,18-25,0,0,0,0,train,0,False,False,False,False,True,0
0,315877,1,Adm-clerical,1,0,0,1,United-States,18-25,0,0,0,0,train,0,False,False,False,False,True,0
0,161007,1,Adm-clerical,1,0,0,1,United-States,26-35,0,0,0,0,train,1,False,False,False,False,True,0
0,19302,1,Adm-clerical,1,2202,0,1,United-States,26-35,2202,1,0,0,train,0,False,False,False,False,True,0
0,19302,1,Adm-clerical,1,0,0,1,United-States,26-35,0,0,0,0,train,0,False,False,False,False,True,0
0,115248,1,Adm-clerical,1,0,0,1,Vietnam,18-25,0,0,0,0,train,0,False,True,False,False,False,0
0,34402,1,Adm-clerical,1,0,0,1,United-States,26-35,0,0,0,0,train,0,False,False,False,False,True,0
0,83704,1,Adm-clerical,1,0,0,1,United-States,18-25,0,0,0,0,train,1,False,False,False,False,True,0
0,190625,1,Adm-clerical,1,0,0,1,United-States,18-25,0,0,0,0,train,1,False,False,False,False,True,0
0,195770,1,Adm-clerical,1,0,0,1,United-States,18-25,0,0,0,0,train,1,False,False,False,False,True,0
0,367706,1,Adm-clerical,1,0,0,1,United-States,26-35,0,0,0,0,train,1,False,False,True,False,False,0
0,596776,1,Adm-clerical,1,0,0,1,Guatemala,18-25,0,0,0,0,train,1,False,False,False,False,True,0
0,23438,1,Adm-clerical,1,0,0,1,United-States,18-25,0,0,0,1,train,0,False,False,False,False,True,0
0,198148,1,Adm-clerical,1,0,0,1,United-States,18-25,0,0,0,0,train,1,False,False,False,False,True,0
0,129934,1,Adm-clerical,1,0,0,1,United-States,18-25,0,0,0,0,train,0,False,True,False,False,False,0
0,228649,1,Adm-clerical,1,0,0,1,United-States,18-25,0,0,0,0,train,1,False,False,False,False,True,0
0,449432,1,Adm-clerical,1,0,0,1,United-States,18-25,0,0,0,0,train,1,False,False,False,False,True,0
0,247328,1,Adm-clerical,1,0,0,1,United-States,26-35,0,0,0,0,train,0,False,False,False,False,True,0
0,428030,1,Craft-repair,1,0,0,1,United-States,26-35,0,0,0,0,train,0,False,False,False,False,True,0
0,633742,1,Craft-repair,1,0,0,1,United-States,26-35,0,0,0,0,train,0,False,False,True,False,False,0
0,301302,1,Craft-repair,1,0,0,1,United-States,26-35,0,0,0,0,train,0,False,False,False,False,True,0
0,116358,1,Craft-repair,1,0,1980,1,Philippines,26-35,-1980,0,1,0,train,1,False,True,False,False,False,0
0,184831,1,Craft-repair,1,0,0,1,United-States,26-35,0,0,0,0,train,0,False,False,False,False,True,0
0,31757,1,Craft-repair,1,0,0,1,United-States,26-35,0,0,0,0,train,1,False,False,False,False,True,0
0,153516,1,Craft-repair,1,0,0,1,United-States,18-25,0,0,0,0,train,1,False,False,False,False,True,0
0,177675,1,Craft-repair,1,0,0,1,United-States,26-35,0,0,0,1,train,0,False,False,False,False,True,0
0,38455,1,Craft-repair,1,0,0,1,United-States,18-25,0,0,0,0,train,0,False,False,False,False,True,0
0,294493,1,Craft-repair,1,0,0,1,United-States,26-35,0,0,0,0,train,1,False,False,False,False,True,0
0,228243,1,Craft-repair,1,0,0,1,United-States,18-25,0,0,0,0,train,0,False,False,False,False,True,0
0,70894,1,Craft-repair,1,0,0,1,United-States,18-25,0,0,0,0,train,1,False,False,False,False,True,0
0,284343,1,Craft-repair,1,0,0,1,United-States,26-35,0,0,0,0,train,0,False,False,False,False,True,0
0,112754,1,Craft-repair,1,0,0,1,United-States,26-35,0,0,0,0,train,1,False,False,False,False,True,0
0,155066,1,Craft-repair,1,0,0,1,United-States,18-25,0,0,0,0,train,1,False,False,False,False,True,0
0,113436,1,Craft-repair,1,0,0,1,United-States,18-25,0,0,0,0,train,0,False,False,False,False,True,0
0,95806,1,Craft-repair,1,3325,0,1,United-States,26-35,3325,1,0,0,train,0,False,False,False,False,True,0
0,216129,1,Craft-repair,1,0,0,1,United-States,18-25,0,0,0,0,train,0,False,False,False,False,True,0
0,214413,1,Craft-repair,1,0,0,1,United-States,26-35,0,0,0,0,train,1,False,False,False,False,True,0
0,123440,1,Craft-repair,1,0,0,1,United-States,18-25,0,0,0,0,train,0,False,False,False,False,True,0
0,308144,1,Craft-repair,1,0,0,1,Mexico,18-25,0,0,0,0,train,0,False,False,False,False,True,0
0,425627,1,Craft-repair,1,0,0,1,Mexico,26-35,0,0,0,0,train,1,False,False,False,False,True,0
0,308144,1,Craft-repair,1,0,0,1,Mexico,18-25,0,0,0,0,train,0,False,False,False,False,True,0
0,153078,1,Craft-repair,1,0,0,1,United-States,26-35,0,0,0,0,train,1,False,False,False,True,False,0
0,77143,1,Exec-managerial,1,0,0,1,Germany,26-35,0,0,0,0,train,1,False,False,True,False,False,0
0,388093,1,Exec-managerial,1,0,0,1,United-States,18-25,0,0,0,0,train,0,False,False,True,False,False,0
0,321435,1,Exec-managerial,1,0,0,1,United-States,18-25,0,0,0,0,train,0,False,False,False,False,True,0
0,205865,1,Exec-managerial,1,0,0,1,United-States,18-25,0,0,0,0,train,1,False,False,False,False,True,0
0,201954,1,Exec-managerial,1,0,0,1,United-States,26-35,0,0,0,0,train,0,False,False,False,False,True,0
0,212495,1,Exec-managerial,1,0,1340,1,United-States,18-25,-1340,0,1,0,train,1,False,False,False,False,True,0
0,508336,1,Exec-managerial,1,0,0,1,United-States,26-35,0,0,0,0,train,0,False,False,True,False,False,0
0,263431,1,Exec-managerial,1,0,0,1,United-States,26-35,0,0,0,0,train,0,False,False,False,False,True,0
0,120172,1,Exec-managerial,1,0,0,1,United-States,18-25,0,0,0,0,train,0,False,False,False,False,True,0
0,194102,1,Exec-managerial,1,0,0,1,United-States,18-25,0,0,0,0,train,0,False,False,False,False,True,0
0,90291,1,Exec-managerial,1,0,0,1,United-States,18-25,0,0,0,0,train,1,False,False,False,False,True,0
0,306779,1,Exec-managerial,1,0,0,1,United-States,18-25,0,0,0,0,train,1,False,False,False,False,True,0
0,207342,1,Exec-managerial,1,0,0,1,United-States,18-25,0,0,0,0,train,0,False,False,True,False,False,0
0,145964,1,Exec-managerial,1,0,0,1,United-States,18-25,0,0,0,0,train,0,False,False,False,False,True,0
0,189590,1,Exec-managerial,1,0,0,1,United-States,26-35,0,0,0,0,train,0,False,False,False,False,True,0
0,194197,1,Exec-managerial,1,0,0,1,United-States,26-35,0,0,0,0,train,1,False,False,False,False,True,0
0,322674,1,Exec-managerial,1,0,0,1,United-States,18-25,0,0,0,0,train,1,False,False,False,False,True,0
0,34706,1,Exec-managerial,1,0,0,1,United-States,18-25,0,0,0,0,train,0,False,False,True,False,False,0
0,111058,1,Exec-managerial,1,0,0,1,United-States,18-25,0,0,0,0,train,1,False,False,False,False,True,0
0,115705,1,Exec-managerial,1,0,0,1,United-States,26-35,0,0,0,0,train,0,False,False,False,False,True,0
0,140001,1,Exec-managerial,1,0,0,1,United-States,18-25,0,0,0,0,train,0,False,False,False,False,True,0
0,74568,1,Exec-managerial,1,0,0,1,United-States,18-25,0,0,0,0,train,0,False,False,False,False,True,0
0,115585,1,Handlers-cleaners,1,0,0,1,United-States,26-35,0,0,0,0,train,0,False,False,False,False,True,0
0,214542,1,Handlers-cleaners,1,0,0,1,United-States,18-25,0,0,0,0,train,0,False,False,False,False,True,0
0,416103,1,Handlers-cleaners,1,0,0,1,United-States,18-25,0,0,0,0,train,1,False,False,False,False,True,0
0,281432,1,Handlers-cleaners,1,0,0,1,United-States,18-25,0,0,0,0,train,1,False,False,False,False,True,0
0,226181,1,Handlers-cleaners,1,0,0,1,United-States,18-25,0,0,0,0,train,0,False,False,False,False,True,0
0,160968,1,Handlers-cleaners,1,0,0,1,United-States,18-25,0,0,0,0,train,1,False,False,False,False,True,0
0,163870,1,Handlers-cleaners,1,0,0,1,United-States,18-25,0,0,0,0,train,1,False,False,False,False,True,0
0,280093,1,Handlers-cleaners,1,0,0,1,United-States,26-35,0,0,0,0,train,1,False,False,False,False,True,0
0,119075,1,Handlers-cleaners,1,0,0,1,United-States,18-25,0,0,0,0,train,1,False,False,False,False,True,0
0,124265,1,Handlers-cleaners,1,0,0,1,United-States,18-25,0,0,0,0,train,1,False,False,False,False,True,0
0,236769,1,Handlers-cleaners,1,0,0,1,United-States,18-25,0,0,0,0,train,1,False,False,False,False,True,0
0,217807,1,Handlers-cleaners,1,0,0,1,United-States,18-25,0,0,0,0,train,1,False,False,False,False,True,0
0,113601,1,Handlers-cleaners,1,0,0,1,United-States,18-25,0,0,0,0,train,1,False,False,False,False,True,0
0,202673,1,Handlers-cleaners,1,0,0,1,United-States,18-25,0,0,0,0,train,1,False,False,False,False,True,0
0,218136,1,Handlers-cleaners,1,0,0,1,Outlying-US(Guam-USVI-etc),18-25,0,0,0,0,train,0,False,False,True,False,False,0
0,299705,1,Handlers-cleaners,1,0,0,1,United-States,26-35,0,0,0,0,train,0,False,False,True,False,False,0
0,197200,1,Machine-op-inspct,1,0,0,1,United-States,18-25,0,0,0,0,train,1,False,False,False,False,True,0
0,211678,1,Machine-op-inspct,1,0,0,1,United-States,18-25,0,0,0,0,train,0,False,False,False,False,True,0
0,191954,1,Machine-op-inspct,1,0,0,1,United-States,18-25,0,0,0,0,train,0,False,False,False,False,True,0
0,262749,1,Machine-op-inspct,1,0,0,1,United-States,18-25,0,0,0,0,train,1,False,False,False,False,True,0
0,256956,1,Machine-op-inspct,1,0,0,1,United-States,26-35,0,0,0,0,train,0,False,False,False,False,True,0
0,181820,1,Machine-op-inspct,1,0,0,1,United-States,18-25,0,0,0,0,train,1,False,False,False,False,True,0
0,67222,1,Machine-op-inspct,1,0,0,1,China,18-25,0,0,0,0,train,0,False,True,False,False,False,0
0,305449,1,Machine-op-inspct,1,0,0,1,United-States,18-25,0,0,0,0,train,1,False,False,False,False,True,0
0,27776,1,Machine-op-inspct,1,0,0,1,United-States,18-25,0,0,0,0,train,0,False,False,False,False,True,0
0,212619,1,Machine-op-inspct,1,0,0,1,United-States,18-25,0,0,0,0,train,1,False,False,False,False,True,0
0,137651,1,Machine-op-inspct,1,0,0,1,United-States,18-25,0,0,0,0,train,1,True,False,False,False,False,0
0,280071,1,Machine-op-inspct,1,0,0,1,United-States,18-25,0,0,0,0,train,1,False,False,False,False,True,0
0,130356,1,Machine-op-inspct,1,0,0,1,United-States,18-25,0,0,0,0,train,1,False,False,False,False,True,0
0,325596,1,Machine-op-inspct,1,0,0,1,United-States,18-25,0,0,0,0,train,0,False,False,False,False,True,0
0,100219,1,Machine-op-inspct,1,0,0,1,United-States,26-35,0,0,0,0,train,0,False,False,False,False,True,0
0,403671,1,Machine-op-inspct,1,0,0,1,United-States,18-25,0,0,0,0,train,0,False,False,False,False,True,0
0,194200,1,Machine-op-inspct,1,0,0,1,United-States,26-35,0,0,0,0,train,1,False,False,False,False,True,0
0,130959,1,Other-service,1,0,0,0,United-States,18-25,0,0,0,0,train,1,False,False,False,False,True,0
0,162343,1,Other-service,1,0,0,0,United-States,18-25,0,0,0,0,train,1,False,False,True,False,False,0
0,186648,1,Other-service,1,0,0,0,United-States,18-25,0,0,0,0,train,1,False,False,False,False,True,0
0,223515,1,Other-service,1,0,1719,0,United-States,18-25,-1719,0,1,0,train,1,False,False,False,False,True,0
0,205839,1,Other-service,1,0,0,0,United-States,18-25,0,0,0,0,train,1,False,False,False,False,True,0
0,142766,1,Other-service,1,0,0,0,United-States,18-25,0,0,0,0,train,1,False,False,False,False,True,0
0,235722,1,Other-service,1,0,0,0,United-States,18-25,0,0,0,0,train,0,False,False,False,False,True,0
0,126314,1,Other-service,1,0,0,0,United-States,18-25,0,0,0,0,train,1,False,False,False,False,True,0
0,98678,1,Other-service,1,0,0,0,United-States,18-25,0,0,0,0,train,1,False,False,False,False,True,0
0,308205,1,Other-service,1,0,0,0,United-States,18-25,0,0,0,0,train,1,False,False,False,False,True,0
0,43272,1,Other-service,1,0,0,0,United-States,18-25,0,0,0,0,train,1,False,False,False,False,True,0
0,300812,1,Other-service,1,0,0,0,United-States,18-25,0,0,0,0,train,1,False,False,False,False,True,0
0,437994,1,Other-service,1,0,0,0,United-States,18-25,0,0,0,0,train,1,False,False,True,False,False,0
0,52372,1,Other-service,1,0,0,0,United-States,18-25,0,0,0,0,train,1,False,False,False,False,True,0
0,251579,1,Other-service,1,0,0,0,United-States,18-25,0,0,0,0,train,1,False,False,False,False,True,0
0,275385,1,Other-service,1,0,0,0,United-States,18-25,0,0,0,0,train,1,False,False,False,False,True,0
0,284737,1,Other-service,1,0,0,0,United-States,18-25,0,0,0,0,train,1,False,False,False,False,True,0
0,22966,1,Other-service,1,0,0,0,Canada,18-25,0,0,0,0,train,1,False,False,False,False,True,0
0,353358,1,Other-service,1,0,0,0,United-States,18-25,0,0,0,0,train,1,False,False,False,False,True,0
0,386378,1,Other-service,1,0,0,0,United-States,18-25,0,0,0,0,train,1,False,False,False,False,True,0
0,301606,1,Other-service,1,0,0,1,United-States,18-25,0,0,0,0,train,1,False,False,True,False,False,0
0,316868,1,Other-service,1,0,0,1,Mexico,18-25,0,0,0,0,train,1,False,False,False,False,True,0
0,148294,1,Other-service,1,0,0,1,United-States,18-25,0,0,0,0,train,1,False,False,False,False,True,0
0,411862,1,Other-service,1,0,0,1,United-States,18-25,0,0,0,0,train,0,False,False,False,False,True,0
0,403788,1,Other-service,1,0,0,1,United-States,26-35,0,0,0,0,train,1,False,False,True,False,False,0
0,441620,1,Other-service,1,0,0,1,Mexico,26-35,0,0,0,0,train,0,False,False,False,False,True,0
0,32732,1,Other-service,1,0,0,1,United-States,18-25,0,0,0,0,train,0,False,False,False,False,True,0
0,198148,1,Other-service,1,0,0,1,United-States,18-25,0,0,0,0,train,1,False,False,False,False,True,0
0,149943,1,Other-service,1,0,1590,1,United-States,26-35,-1590,0,1,0,train,0,False,False,False,True,False,0
0,387776,1,Other-service,1,0,0,1,United-States,26-35,0,0,0,0,train,1,False,False,False,False,True,0
0,186925,1,Other-service,1,2597,0,1,United-States,18-25,2597,1,0,0,train,0,False,False,False,False,True,0
0,436253,1,Other-service,1,0,0,1,United-States,18-25,0,0,0,0,train,1,False,False,False,False,True,0
0,52262,1,Other-service,1,0,0,1,United-States,18-25,0,0,0,0,train,0,False,False,False,False,True,0
0,110128,1,Other-service,1,0,0,1,United-States,18-25,0,0,0,0,train,1,False,False,False,False,True,0
0,168165,1,Other-service,1,0,0,1,United-States,18-25,0,0,0,0,train,1,False,False,False,False,True,0
0,341368,1,Other-service,1,0,0,1,United-States,18-25,0,0,0,0,train,0,False,False,False,False,True,0
0,182606,1,Other-service,1,0,0,1,United-States,18-25,0,0,0,0,train,1,False,False,True,False,False,0
0,143062,1,Other-service,1,0,0,1,United-States,18-25,0,0,0,0,train,1,False,False,False,False,True,0
0,211385,1,Other-service,1,0,0,1,Jamaica,18-25,0,0,0,0,train,0,False,False,True,False,False,0
0,237651,1,Other-service,1,0,0,1,United-States,18-25,0,0,0,0,train,1,False,False,False,False,True,0
0,191243,1,Other-service,1,0,0,1,United-States,18-25,0,0,0,0,train,1,False,False,False,False,True,0
0,37088,1,Other-service,1,0,0,1,United-States,26-35,0,0,0,0,train,0,False,False,False,False,True,0
0,119156,1,Prof-specialty,1,0,0,0,United-States,18-25,0,0,0,0,train,1,False,False,False,False,True,0
0,218956,1,Prof-specialty,1,0,0,0,Canada,18-25,0,0,0,0,train,1,False,False,False,False,True,0
0,156464,1,Prof-specialty,1,0,0,0,United-States,26-35,0,0,0,0,train,1,False,False,False,False,True,0
0,70100,1,Prof-specialty,1,0,0,0,United-States,26-35,0,0,0,0,train,0,False,False,False,False,True,0
0,214635,1,Prof-specialty,1,0,0,0,United-States,18-25,0,0,0,0,train,1,False,False,False,False,True,0
0,316702,1,Prof-specialty,1,0,0,0,United-States,18-25,0,0,0,0,train,1,False,False,False,False,True,0
0,223515,1,Prof-specialty,1,0,0,0,United-States,18-25,0,0,0,0,train,0,False,False,False,False,True,0
0,202570,1,Prof-specialty,1,0,0,0,United-States,18-25,0,0,0,0,train,1,False,False,True,False,False,0
0,361280,1,Prof-specialty,1,0,0,0,India,18-25,0,0,0,0,train,1,False,True,False,False,False,0
0,174714,1,Prof-specialty,1,0,0,0,United-States,18-25,0,0,0,0,train,1,False,False,False,False,True,0
0,125680,1,Prof-specialty,1,0,0,0,Japan,26-35,0,0,0,0,train,0,False,True,False,False,False,0
0,243190,1,Prof-specialty,1,0,0,0,China,18-25,0,0,0,0,train,1,False,True,False,False,False,0
0,44064,1,Prof-specialty,1,0,0,0,United-States,18-25,0,0,0,0,train,1,False,False,False,False,True,0
0,28848,1,Prof-specialty,1,0,0,0,United-States,26-35,0,0,0,0,train,0,False,False,False,False,True,0
0,177526,1,Prof-specialty,1,0,0,0,United-States,18-25,0,0,0,0,train,0,False,False,False,False,True,0
0,180303,1,Prof-specialty,1,0,0,0,United-States,18-25,0,0,0,0,train,0,False,True,False,False,False,0
0,174233,1,Prof-specialty,1,0,0,0,United-States,18-25,0,0,0,0,train,1,False,False,True,False,False,0
0,174714,1,Prof-specialty,1,0,0,0,United-States,18-25,0,0,0,0,train,1,False,False,False,False,True,0
0,290267,1,Prof-specialty,1,0,0,0,United-States,26-35,0,0,0,0,train,0,False,False,False,False,True,0
0,29250,1,Prof-specialty,1,0,0,0,United-States,18-25,0,0,0,0,train,1,False,False,False,False,True,0
0,99543,1,Prof-specialty,1,0,0,0,United-States,18-25,0,0,0,0,train,1,False,False,False,False,True,0
0,271466,1,Prof-specialty,1,0,0,1,United-States,26-35,0,0,0,0,train,0,False,False,False,False,True,0
0,200681,1,Prof-specialty,1,0,0,1,United-States,18-25,0,0,0,0,train,1,False,False,False,False,True,0
0,101509,1,Prof-specialty,1,0,0,1,United-States,18-25,0,0,0,0,train,1,False,False,False,False,True,0
0,363425,1,Prof-specialty,1,0,0,1,United-States,26-35,0,0,0,0,train,0,False,False,False,False,True,0
0,139883,1,Prof-specialty,1,0,0,1,United-States,18-25,0,0,0,0,train,1,False,False,False,False,True,0
0,208122,1,Prof-specialty,1,1055,0,1,United-States,26-35,1055,1,0,0,train,1,False,False,False,False,True,0
0,111900,1,Prof-specialty,1,0,0,1,United-States,26-35,0,0,0,0,train,0,False,False,False,False,True,0
0,202480,1,Prof-specialty,1,0,0,1,United-States,18-25,0,0,0,0,train,1,False,False,False,False,True,0
0,271328,1,Prof-specialty,1,4650,0,1,United-States,26-35,4650,1,0,0,train,0,False,False,False,False,True,0
0,196061,1,Prof-specialty,1,0,0,1,United-States,18-25,0,0,0,0,train,1,False,False,False,False,True,0
0,219941,1,Prof-specialty,1,0,0,1,United-States,18-25,0,0,0,0,train,1,False,False,True,False,False,0
0,201624,1,Prof-specialty,1,0,0,1,United-States,26-35,0,0,0,0,train,0,False,False,True,False,False,0
0,51259,1,Prof-specialty,1,0,0,1,United-States,26-35,0,0,0,0,train,0,False,False,False,False,True,0
0,35633,1,Prof-specialty,1,0,0,1,United-States,18-25,0,0,0,0,train,0,False,False,False,False,True,0
0,247507,1,Prof-specialty,1,0,0,1,United-States,26-35,0,0,0,0,train,1,False,False,False,False,True,0
0,42004,1,Prof-specialty,1,0,0,1,United-States,18-25,0,0,0,0,train,1,False,False,False,False,True,0
0,163101,1,Prof-specialty,1,0,0,1,United-States,18-25,0,0,0,0,train,0,False,False,False,False,True,0
0,194095,1,Prof-specialty,1,0,0,1,United-States,18-25,0,0,0,0,train,1,False,False,False,False,True,0
0,172582,1,Prof-specialty,1,0,0,1,United-States,18-25,0,0,0,0,train,1,False,False,False,False,True,0
0,98283,1,Prof-specialty,1,0,0,1,United-States,18-25,0,0,0,0,train,1,False,True,False,False,False,0
0,206671,1,Prof-specialty,1,1055,0,1,United-States,18-25,1055,1,0,0,train,1,False,False,False,False,True,0
0,263338,1,Prof-specialty,1,0,0,1,United-States,18-25,0,0,0,0,train,1,False,False,False,False,True,0
0,22966,1,Prof-specialty,1,0,0,1,United-States,18-25,0,0,0,0,train,1,False,False,False,False,True,0
0,119838,1,Prof-specialty,1,0,0,1,United-States,18-25,0,0,0,0,train,1,False,False,False,False,True,0
0,125863,1,Prof-specialty,1,0,0,1,United-States,18-25,0,0,0,0,train,1,False,False,False,False,True,0
0,226013,1,Prof-specialty,1,0,0,1,United-States,26-35,0,0,0,0,train,0,False,False,True,False,False,0
0,376474,1,Prof-specialty,1,0,0,1,United-States,18-25,0,0,0,0,train,1,False,False,False,False,True,0
0,410351,1,Prof-specialty,1,0,0,1,United-States,26-35,0,0,0,0,train,0,False,False,False,False,True,0
0,27937,1,Prof-specialty,1,0,0,1,United-States,18-25,0,0,0,0,train,1,False,False,False,False,True,0
0,300812,1,Prof-specialty,1,0,0,1,United-States,18-25,0,0,0,0,train,1,False,False,False,False,True,0
0,287681,1,Prof-specialty,1,0,0,1,United-States,18-25,0,0,0,0,train,1,False,False,False,False,True,0
0,219835,1,Prof-specialty,1,0,0,1,United-States,18-25,0,0,0,0,train,0,False,False,False,False,True,0
0,143867,1,Prof-specialty,1,0,0,1,United-States,18-25,0,0,0,0,train,1,False,False,False,False,True,0
0,34443,1,Prof-specialty,1,0,0,1,United-States,18-25,0,0,0,0,train,1,False,False,False,False,True,0
0,68330,1,Prof-specialty,1,0,0,1,United-States,26-35,0,0,0,1,train,0,False,False,False,False,True,0
0,225279,1,Prof-specialty,1,0,1602,1,United-States,26-35,-1602,0,1,0,train,0,False,False,False,False,True,0
0,217200,1,Prof-specialty,1,0,0,1,United-States,26-35,0,0,0,0,train,0,False,False,False,False,True,0
0,210278,1,Prof-specialty,1,0,0,1,United-States,18-25,0,0,0,0,train,1,False,False,False,False,True,0
0,268525,1,Prof-specialty,1,0,0,1,United-States,18-25,0,0,0,0,train,0,False,False,False,False,True,0
0,145234,1,Prof-specialty,1,0,0,1,United-States,18-25,0,0,0,0,train,1,False,False,False,False,True,0
0,182117,1,Prof-specialty,1,0,0,1,United-States,18-25,0,0,0,0,train,1,False,False,False,False,True,0
0,44075,1,Prof-specialty,1,0,0,1,United-States,18-25,0,0,0,0,train,0,False,True,False,False,False,0
0,237865,1,Prof-specialty,1,0,0,1,United-States,18-25,0,0,0,0,train,1,False,False,True,False,False,0
0,123983,1,Prof-specialty,1,0,0,1,United-States,18-25,0,0,0,0,train,1,False,False,False,True,False,0
0,423770,1,Prof-specialty,1,0,0,1,Mexico,26-35,0,0,0,0,train,1,False,False,False,False,True,0
0,403433,1,Prof-specialty,1,0,0,1,United-States,26-35,0,0,0,1,train,0,False,False,True,False,False,0
0,159732,1,Prof-specialty,1,0,0,1,United-States,18-25,0,0,0,0,train,0,False,False,False,False,True,0
0,235442,1,Prof-specialty,1,0,0,1,United-States,18-25,0,0,0,0,train,1,False,False,False,False,True,0
0,214542,1,Prof-specialty,1,0,0,1,United-States,18-25,0,0,0,0,train,0,False,False,False,False,True,0
0,222800,1,Prof-specialty,1,0,0,1,United-States,18-25,0,0,0,0,train,0,False,False,False,False,True,0
0,278130,1,Prof-specialty,1,0,0,1,United-States,18-25,0,0,0,0,train,0,False,False,False,False,True,0
0,298133,1,Prof-specialty,1,0,0,1,United-States,18-25,0,0,0,0,train,1,False,False,False,False,True,0
0,306031,1,Prof-specialty,1,0,0,1,United-States,18-25,0,0,0,0,train,1,False,False,False,False,True,0
0,437851,1,Prof-specialty,1,0,0,1,United-States,18-25,0,0,0,0,train,1,False,False,False,False,True,0
0,131230,1,Prof-specialty,1,0,0,1,United-States,18-25,0,0,0,0,train,1,False,False,False,False,True,0
0,130856,1,Prof-specialty,1,0,0,1,United-States,26-35,0,0,0,0,train,0,False,False,False,False,True,0
0,37215,1,Prof-specialty,1,0,0,1,United-States,26-35,0,0,0,0,train,1,False,False,False,False,True,0
0,314525,1,Prof-specialty,1,0,1741,1,United-States,18-25,-1741,0,1,0,train,0,False,False,False,False,True,0
0,114357,1,Prof-specialty,1,0,0,1,United-States,18-25,0,0,0,0,train,0,False,False,False,False,True,0
0,227890,1,Prof-specialty,1,0,0,1,United-States,26-35,0,0,0,0,train,0,False,False,True,False,False,0
0,208874,1,Prof-specialty,1,0,0,1,United-States,18-25,0,0,0,0,train,1,False,False,False,False,True,0
0,244366,1,Prof-specialty,1,0,0,1,United-States,18-25,0,0,0,0,train,1,False,False,False,False,True,0
0,28366,1,Prof-specialty,1,0,0,1,United-States,26-35,0,0,0,0,train,0,False,False,False,False,True,0
0,201179,1,Prof-specialty,1,0,0,1,United-States,18-25,0,0,0,0,train,1,False,False,False,False,True,0
0,30039,1,Prof-specialty,1,0,0,1,United-States,18-25,0,0,0,0,train,1,False,False,False,False,True,0
0,63574,1,Prof-specialty,1,0,0,1,United-States,18-25,0,0,0,0,train,1,False,False,False,False,True,0
0,168403,1,Prof-specialty,1,0,1741,1,United-States,18-25,-1741,0,1,0,train,0,False,False,False,False,True,0
0,301853,1,Prof-specialty,1,0,0,1,United-States,18-25,0,0,0,0,train,1,False,False,False,False,True,0
0,153131,1,Prof-specialty,1,0,0,1,United-States,18-25,0,0,0,0,train,1,False,False,False,False,True,0
0,176683,1,Prof-specialty,1,0,0,1,France,26-35,0,0,0,0,train,1,False,False,False,False,True,0
0,125159,1,Prof-specialty,1,14084,0,1,United-States,26-35,14084,1,0,1,train,0,False,False,True,False,False,0
0,179059,1,Prof-specialty,1,0,0,1,United-States,18-25,0,0,0,0,train,1,False,False,False,False,True,0
0,34310,1,Sales,1,0,0,0,United-States,18-25,0,0,0,0,train,1,False,False,False,False,True,0
0,199698,1,Sales,1,0,0,0,United-States,18-25,0,0,0,0,train,1,False,False,False,False,True,0
0,257509,1,Sales,1,0,0,0,United-States,18-25,0,0,0,0,train,0,False,False,False,False,True,0
0,214617,1,Sales,1,0,0,0,United-States,18-25,0,0,0,0,train,1,False,False,False,False,True,0
0,180052,1,Sales,1,0,0,0,United-States,18-25,0,0,0,0,train,1,False,False,False,False,True,0
0,85625,1,Sales,1,0,0,0,United-States,26-35,0,0,0,0,train,0,False,False,False,False,True,0
0,180052,1,Sales,1,0,0,0,United-States,18-25,0,0,0,0,train,1,False,False,False,False,True,0
0,287988,1,Sales,1,0,0,0,United-States,18-25,0,0,0,0,train,0,False,False,False,False,True,0
0,266015,1,Sales,1,0,0,1,United-States,18-25,0,0,0,0,train,1,False,False,True,False,False,0
0,432376,1,Sales,1,0,0,1,United-States,18-25,0,0,0,0,train,1,False,False,False,False,True,0
0,231931,1,Sales,1,0,0,1,United-States,18-25,0,0,0,0,train,1,False,False,False,False,True,0
0,59306,1,Sales,1,0,0,1,United-States,26-35,0,0,0,0,train,0,False,False,False,False,True,0
0,94936,1,Sales,1,0,0,1,United-States,26-35,0,0,0,0,train,0,False,False,False,False,True,0
0,35633,1,Sales,1,0,0,1,United-States,18-25,0,0,0,0,train,0,False,False,False,False,True,0
0,298227,1,Sales,1,0,0,1,United-States,18-25,0,0,0,0,train,0,False,False,False,False,True,0
0,165474,1,Sales,1,0,0,1,United-States,18-25,0,0,0,0,train,1,False,False,False,False,True,0
0,111567,1,Sales,1,0,0,1,United-States,26-35,0,0,0,1,train,0,False,False,False,False,True,0
0,389713,1,Sales,1,0,0,1,United-States,26-35,0,0,0,0,train,0,False,False,False,False,True,0
0,191342,1,Sales,1,0,0,1,Taiwan,18-25,0,0,0,0,train,1,False,True,False,False,False,0
0,230891,1,Sales,1,0,0,1,United-States,18-25,0,0,0,0,train,0,False,False,False,False,True,0
0,37072,1,Sales,1,0,0,1,United-States,18-25,0,0,0,0,train,0,False,False,False,False,True,0
0,169104,1,Sales,1,0,0,1,United-States,26-35,0,0,0,0,train,1,False,True,False,False,False,0
0,216129,1,Sales,1,0,0,1,United-States,18-25,0,0,0,0,train,0,False,False,False,False,True,0
0,377680,1,Sales,1,0,0,1,United-States,26-35,0,0,0,0,train,0,False,False,False,False,True,0
0,418324,1,Sales,1,0,0,1,United-States,18-25,0,0,0,0,train,1,False,False,False,False,True,0
0,204374,1,Sales,1,0,1741,1,United-States,26-35,-1741,0,1,0,train,0,False,False,False,False,True,0
0,260847,1,Sales,1,0,0,1,United-States,18-25,0,0,0,0,train,1,False,False,False,False,True,0
0,233777,1,Sales,1,0,0,1,Mexico,18-25,0,0,0,0,train,0,False,False,False,False,True,0
0,54131,1,Sales,1,0,0,1,United-States,26-35,0,0,0,0,train,0,False,False,False,False,True,0
0,267396,1,Sales,1,0,0,1,United-States,18-25,0,0,0,0,train,0,False,False,False,False,True,0
0,466224,1,Sales,1,0,0,1,United-States,26-35,0,0,0,0,train,0,False,False,True,False,False,0
0,129059,1,Sales,1,0,0,1,United-States,18-25,0,0,0,0,train,1,False,False,True,False,False,0
0,188767,1,Sales,1,0,0,1,United-States,26-35,0,0,0,0,train,1,False,False,False,False,True,0
0,214858,1,Sales,1,0,0,1,United-States,26-35,0,0,0,0,train,1,False,False,False,False,True,0
0,265706,1,Sales,1,0,0,1,United-States,26-35,0,0,0,0,train,0,False,False,False,False,True,0
0,337639,1,Sales,1,0,0,1,United-States,18-25,0,0,0,0,train,1,False,False,False,False,True,0
0,249315,1,Sales,1,0,0,1,United-States,26-35,0,0,0,0,train,0,False,False,False,False,True,0
0,69045,1,Sales,1,0,0,1,Jamaica,18-25,0,0,0,0,train,0,False,False,True,False,False,0
0,181485,1,Sales,1,0,0,1,United-States,26-35,0,0,0,1,train,0,False,False,True,False,False,0
0,285004,1,Sales,1,0,0,1,Taiwan,18-25,0,0,0,0,train,0,False,True,False,False,False,0
0,190539,1,Sales,1,6849,0,1,United-States,26-35,6849,1,0,0,train,0,False,False,False,False,True,0
0,511331,1,Sales,1,0,0,1,United-States,18-25,0,0,0,0,train,0,False,False,False,False,True,0
0,370990,1,Sales,1,0,0,1,United-States,18-25,0,0,0,0,train,1,False,False,False,False,True,0
0,208598,1,Sales,1,0,0,1,United-States,18-25,0,0,0,0,train,0,False,False,False,False,True,0
0,137591,1,Sales,1,0,1762,1,United-States,18-25,-1762,0,1,0,train,1,False,False,False,False,True,0
0,242651,1,Sales,1,0,0,1,United-States,26-35,0,0,0,0,train,0,False,False,False,False,True,0
0,107458,1,Sales,1,0,0,1,United-States,26-35,0,0,0,0,train,0,False,False,False,False,True,0
0,267012,1,Sales,1,0,0,1,United-States,18-25,0,0,0,0,train,0,False,False,False,False,True,0
0,324637,1,Sales,1,0,0,1,United-States,18-25,0,0,0,0,train,0,False,False,False,False,True,0
0,78870,1,Sales,1,8614,0,1,United-States,26-35,8614,1,0,1,train,0,False,False,False,False,True,0
0,282304,1,Sales,1,0,0,1,United-States,26-35,0,0,0,0,train,0,False,False,False,False,True,0
0,193945,1,Tech-support,1,0,0,1,United-States,26-35,0,0,0,0,train,0,False,False,False,False,True,0
0,340939,1,Tech-support,1,0,0,1,United-States,26-35,0,0,0,0,train,0,False,False,False,False,True,0
0,200408,1,Tech-support,1,2174,0,1,United-States,18-25,2174,1,0,0,train,0,False,False,False,False,True,0
0,112847,1,Tech-support,1,0,0,1,United-States,26-35,0,0,0,0,train,1,False,False,False,False,True,0
0,154411,1,Tech-support,1,0,0,1,United-States,26-35,0,0,0,0,train,1,False,False,False,False,True,0
0,42900,1,Tech-support,1,0,0,1,United-States,26-35,0,0,0,0,train,0,False,False,False,False,True,0
0,147253,1,Tech-support,1,0,0,1,United-States,18-25,0,0,0,0,train,0,False,False,False,False,True,0
0,441591,1,Tech-support,1,0,0,1,United-States,18-25,0,0,0,0,train,1,False,False,False,False,True,0
0,44308,1,Tech-support,1,0,0,1,United-States,26-35,0,0,0,0,train,0,False,False,False,False,True,0
0,236601,1,Tech-support,1,0,0,1,United-States,18-25,0,0,0,0,train,0,False,False,False,False,True,0
0,121313,1,Transport-moving,1,0,0,1,United-States,18-25,0,0,0,0,train,1,False,False,False,False,True,0
0,98155,1,Transport-moving,1,0,0,1,United-States,18-25,0,0,0,0,train,0,False,False,False,False,True,0
0,227332,1,Transport-moving,1,0,0,1,United-States,26-35,0,0,0,0,train,0,False,True,False,False,False,0
0,218555,1,Transport-moving,1,0,1762,1,United-States,26-35,-1762,0,1,0,train,0,False,False,False,False,True,0
0,310152,1,Transport-moving,1,0,0,1,United-States,18-25,0,0,0,0,train,0,False,False,False,False,True,0
0,283499,1,Transport-moving,1,0,0,1,United-States,18-25,0,0,0,0,train,1,False,False,False,False,True,0
0,386036,1,Transport-moving,1,0,0,1,United-States,26-35,0,0,0,0,train,0,False,False,False,False,True,0
0,231981,1,Transport-moving,1,0,0,1,United-States,18-25,0,0,0,0,train,0,False,False,False,False,True,0
0,285432,1,Transport-moving,1,0,0,1,United-States,26-35,0,0,0,0,train,0,False,False,True,False,False,0
0,129200,1,Transport-moving,1,0,0,1,United-States,18-25,0,0,0,0,train,0,False,False,True,False,False,0
0,139098,0,Prof-specialty,1,5013,0,1,United-States,26-35,5013,1,0,0,train,1,False,False,False,False,True,1
0,175262,0,Prof-specialty,1,0,0,1,United-States,26-35,0,0,0,0,train,1,False,False,False,False,True,1
0,190401,0,Prof-specialty,1,0,0,1,United-States,26-35,0,0,0,0,train,1,False,False,False,False,True,1
0,226443,0,Prof-specialty,1,0,1887,1,United-States,26-35,-1887,0,1,1,train,1,False,False,False,False,True,1
0,315640,0,Prof-specialty,1,0,1977,1,China,26-35,-1977,0,1,1,train,1,False,True,False,False,False,1
0,209109,1,Prof-specialty,1,0,0,1,United-States,26-35,0,0,0,0,train,1,False,False,False,False,True,1
0,133937,1,Prof-specialty,1,0,0,1,United-States,26-35,0,0,0,0,train,1,False,False,False,False,True,1
0,225904,1,Prof-specialty,1,0,0,1,United-States,26-35,0,0,0,0,train,0,False,False,False,False,True,1
0,122999,1,Prof-specialty,1,8614,0,1,United-States,26-35,8614,1,0,1,train,0,False,False,False,False,True,1
0,40083,1,Prof-specialty,1,0,0,1,Canada,26-35,0,0,0,0,train,0,False,False,False,False,True,1
0,123983,1,Prof-specialty,1,0,0,1,Taiwan,26-35,0,0,0,0,train,1,False,True,False,False,False,1
0,132686,1,Prof-specialty,1,0,0,1,Italy,26-35,0,0,0,1,train,1,False,False,False,False,True,1
0,446358,1,Prof-specialty,1,0,0,1,Mexico,26-35,0,0,0,1,train,0,False,False,False,False,True,1
0,110145,0,Adm-clerical,1,0,0,1,United-States,26-35,0,0,0,0,train,1,False,False,False,False,True,2
0,283767,0,Adm-clerical,1,0,0,1,United-States,26-35,0,0,0,0,train,1,False,False,False,False,True,2
0,121313,0,Adm-clerical,1,0,0,1,United-States,18-25,0,0,0,0,train,1,False,False,False,False,True,2
0,199539,0,Adm-clerical,1,0,1902,1,United-States,26-35,-1902,0,1,0,train,1,False,False,False,False,True,2
0,77760,0,Adm-clerical,1,0,0,1,United-States,26-35,0,0,0,0,train,1,False,False,False,False,True,2
0,378322,0,Craft-repair,1,0,0,1,United-States,26-35,0,0,0,0,train,1,False,False,False,False,True,2
0,117125,0,Craft-repair,1,0,0,1,Portugal,26-35,0,0,0,0,train,1,False,False,False,False,True,2
0,92262,0,Craft-repair,1,0,0,1,United-States,26-35,0,0,0,0,train,1,False,False,False,False,True,2
0,128604,0,Craft-repair,1,0,0,1,United-States,26-35,0,0,0,0,train,1,False,True,False,False,False,2
0,236770,0,Craft-repair,1,0,0,1,United-States,26-35,0,0,0,0,train,1,False,False,False,False,True,2
0,58222,0,Craft-repair,1,0,0,1,United-States,18-25,0,0,0,0,train,1,False,False,False,False,True,2
0,66815,0,Craft-repair,1,0,0,1,United-States,26-35,0,0,0,0,train,1,False,False,False,False,True,2
0,210295,0,Craft-repair,1,0,0,1,United-States,26-35,0,0,0,1,train,1,False,False,False,False,True,2
0,27207,0,Craft-repair,1,0,0,1,United-States,26-35,0,0,0,0,train,1,False,False,False,False,True,2
0,296045,0,Craft-repair,1,2635,0,1,United-States,18-25,2635,1,0,0,train,1,False,False,False,False,True,2
0,303954,0,Craft-repair,1,0,1848,1,United-States,26-35,-1848,0,1,1,train,1,False,False,False,False,True,2
0,282631,0,Craft-repair,1,0,0,1,United-States,18-25,0,0,0,0,train,1,False,False,False,False,True,2
0,125190,0,Craft-repair,1,0,0,1,United-States,26-35,0,0,0,0,train,1,False,False,False,False,True,2
0,297296,0,Craft-repair,1,0,0,1,United-States,26-35,0,0,0,0,train,1,False,False,False,False,True,2
0,203776,0,Craft-repair,1,0,0,1,United-States,26-35,0,0,0,0,train,1,False,False,False,False,True,2
0,229125,0,Craft-repair,1,0,0,1,United-States,26-35,0,0,0,0,train,1,False,False,False,False,True,2
0,454941,0,Craft-repair,1,0,0,1,United-States,18-25,0,0,0,0,train,1,False,False,False,False,True,2
0,203776,0,Craft-repair,1,0,0,1,United-States,26-35,0,0,0,0,train,1,False,False,False,False,True,2
0,116508,0,Craft-repair,1,0,0,1,Germany,26-35,0,0,0,0,train,1,False,False,False,False,True,2
0,221043,0,Craft-repair,1,0,0,1,United-States,26-35,0,0,0,0,train,1,False,False,False,False,True,2
0,151868,0,Craft-repair,1,0,0,1,United-States,26-35,0,0,0,0,train,1,False,False,False,False,True,2
0,588905,0,Craft-repair,1,0,0,1,United-States,26-35,0,0,0,0,train,1,False,False,False,False,True,2
0,132870,0,Craft-repair,1,0,0,1,United-States,26-35,0,0,0,0,train,1,False,False,False,False,True,2
0,250679,0,Craft-repair,1,0,0,1,United-States,26-35,0,0,0,0,train,1,False,False,False,False,True,2
0,109009,0,Craft-repair,1,0,0,1,United-States,18-25,0,0,0,0,train,1,False,False,False,False,True,2
0,124905,0,Craft-repair,1,0,0,1,United-States,26-35,0,0,0,0,train,1,False,False,False,False,True,2
0,259688,0,Craft-repair,1,0,0,1,United-States,18-25,0,0,0,0,train,1,False,False,False,False,True,2
0,350979,0,Craft-repair,1,0,0,1,Laos,26-35,0,0,0,0,train,1,False,True,False,False,False,2
0,142675,0,Craft-repair,1,0,0,1,United-States,26-35,0,0,0,0,train,1,False,False,False,False,True,2
0,155343,0,Craft-repair,1,5013,0,1,United-States,26-35,5013,1,0,0,train,1,False,False,False,False,True,2
0,131298,0,Craft-repair,1,0,0,1,United-States,26-35,0,0,0,0,train,1,False,False,False,False,True,2
0,206351,0,Craft-repair,1,5013,0,1,United-States,26-35,5013,1,0,0,train,1,False,False,False,False,True,2
0,196564,0,Craft-repair,1,0,0,1,United-States,26-35,0,0,0,0,train,1,False,False,False,False,True,2
0,259425,0,Craft-repair,1,0,0,1,United-States,26-35,0,0,0,1,train,1,False,False,False,False,True,2
0,166481,0,Handlers-cleaners,1,0,2179,1,Puerto-Rico,26-35,-2179,0,1,0,train,1,False,False,False,True,False,2
0,249909,0,Handlers-cleaners,1,0,0,1,United-States,18-25,0,0,0,0,train,1,False,False,False,False,True,2
0,282063,0,Handlers-cleaners,1,0,0,1,Mexico,18-25,0,0,0,0,train,1,False,False,False,False,True,2
0,131811,0,Handlers-cleaners,1,0,0,1,United-States,18-25,0,0,0,0,train,1,False,False,False,False,True,2
0,488720,0,Handlers-cleaners,1,0,0,1,Mexico,26-35,0,0,0,0,train,1,False,False,False,False,True,2
0,204098,0,Handlers-cleaners,1,0,0,1,United-States,26-35,0,0,0,0,train,1,False,False,False,False,True,2
0,407930,0,Handlers-cleaners,1,0,0,1,United-States,26-35,0,0,0,0,train,1,False,False,False,False,True,2
0,132686,0,Handlers-cleaners,1,0,0,1,United-States,26-35,0,0,0,1,train,1,False,False,False,False,True,2
0,121568,0,Handlers-cleaners,1,0,0,1,United-States,18-25,0,0,0,0,train,1,False,False,False,False,True,2
0,102493,0,Handlers-cleaners,1,0,0,1,United-States,18-25,0,0,0,0,train,1,False,False,False,False,True,2
0,206051,0,Handlers-cleaners,1,0,0,1,United-States,26-35,0,0,0,1,train,1,False,False,False,False,True,2
0,611029,0,Handlers-cleaners,1,0,0,1,United-States,18-25,0,0,0,0,train,1,False,False,False,False,True,2
0,297154,0,Handlers-cleaners,1,2407,0,1,United-States,18-25,2407,1,0,0,train,1,False,False,False,False,True,2
0,35633,0,Handlers-cleaners,1,0,0,1,United-States,18-25,0,0,0,0,train,1,False,False,False,False,True,2
0,507875,0,Machine-op-inspct,1,0,0,1,United-States,26-35,0,0,0,0,train,1,False,False,False,False,True,2
0,188146,0,Machine-op-inspct,1,5013,0,1,United-States,26-35,5013,1,0,0,train,1,False,False,False,False,True,2
0,146538,0,Machine-op-inspct,1,0,0,1,United-States,18-25,0,0,0,0,train,1,False,False,False,False,True,2
0,181659,0,Machine-op-inspct,1,0,0,1,United-States,26-35,0,0,0,0,train,1,False,False,False,False,True,2
0,241752,0,Machine-op-inspct,1,0,0,1,United-States,18-25,0,0,0,0,train,1,False,False,False,False,True,2
0,148600,0,Machine-op-inspct,1,0,0,1,United-States,26-35,0,0,0,0,train,1,False,False,True,False,False,2
0,288419,0,Machine-op-inspct,1,0,0,1,United-States,26-35,0,0,0,0,train,1,False,False,False,False,True,2
0,207546,0,Machine-op-inspct,1,0,0,1,United-States,18-25,0,0,0,0,train,1,False,False,False,False,True,2
0,109872,0,Machine-op-inspct,1,0,0,1,United-States,18-25,0,0,0,0,train,1,False,False,False,False,True,2
0,165475,0,Machine-op-inspct,1,0,0,1,United-States,18-25,0,0,0,0,train,1,False,False,False,False,True,2
0,259931,0,Machine-op-inspct,1,0,0,1,United-States,26-35,0,0,0,0,train,1,False,False,False,False,True,2
0,480861,0,Machine-op-inspct,1,0,0,1,United-States,26-35,0,0,0,0,train,1,False,False,False,False,True,2
0,247328,0,Machine-op-inspct,1,3137,0,1,Mexico,26-35,3137,1,0,0,train,1,False,False,False,False,True,2
0,292353,0,Machine-op-inspct,1,0,0,1,United-States,26-35,0,0,0,0,train,1,False,False,False,True,False,2
0,333677,0,Machine-op-inspct,1,0,0,1,United-States,18-25,0,0,0,0,train,1,False,False,False,False,True,2
0,260617,0,Machine-op-inspct,1,0,0,1,United-States,18-25,0,0,0,0,train,1,False,False,False,False,True,2
0,181667,0,Machine-op-inspct,1,5013,0,1,Canada,26-35,5013,1,0,0,train,1,False,False,False,False,True,2
0,290528,0,Machine-op-inspct,1,0,0,1,United-States,18-25,0,0,0,0,train,1,False,False,False,False,True,2
0,341294,0,Machine-op-inspct,1,0,0,1,United-States,18-25,0,0,0,0,train,1,False,False,False,False,True,2
0,192262,0,Other-service,1,0,0,1,United-States,26-35,0,0,0,0,train,1,False,False,False,False,True,2
0,152453,0,Other-service,1,0,0,1,Mexico,26-35,0,0,0,0,train,1,False,False,False,False,True,2
0,223212,0,Other-service,1,0,0,1,Mexico,26-35,0,0,0,0,train,1,False,False,False,False,True,2
0,241523,0,Other-service,1,0,0,1,United-States,18-25,0,0,0,1,train,1,False,False,False,False,True,2
0,219509,0,Other-service,1,0,0,1,Mexico,26-35,0,0,0,1,train,1,False,False,False,False,True,2
0,209276,0,Other-service,1,0,0,1,United-States,26-35,0,0,0,0,train,1,False,False,False,True,False,2
0,95465,0,Other-service,1,0,0,1,United-States,26-35,0,0,0,0,train,1,False,False,False,False,True,2
0,266912,0,Sales,1,0,0,1,United-States,26-35,0,0,0,1,train,1,False,False,False,False,True,2
0,39054,0,Sales,1,0,0,1,United-States,26-35,0,0,0,0,train,1,False,False,False,False,True,2
0,169990,0,Sales,1,0,0,1,United-States,18-25,0,0,0,0,train,1,False,False,False,False,True,2
0,335764,0,Sales,1,0,0,1,United-States,26-35,0,0,0,0,train,1,False,False,True,False,False,2
0,116677,0,Sales,1,0,0,1,United-States,26-35,0,0,0,0,train,1,False,False,False,False,True,2
0,119422,0,Sales,1,0,0,1,United-States,26-35,0,0,0,0,train,1,False,False,False,False,True,2
0,241895,0,Sales,1,0,1628,1,United-States,26-35,-1628,0,1,0,train,1,False,False,False,False,True,2
0,216178,0,Sales,1,0,0,1,United-States,26-35,0,0,0,0,train,1,False,False,False,False,True,2
0,109165,0,Tech-support,1,0,0,1,United-States,26-35,0,0,0,0,train,1,False,False,False,False,True,2
0,188569,0,Tech-support,1,0,0,1,United-States,26-35,0,0,0,0,train,1,False,False,False,False,True,2
0,177304,0,Tech-support,1,0,0,1,United-States,26-35,0,0,0,1,train,1,False,False,False,False,True,2
0,381153,0,Tech-support,1,0,0,1,United-States,26-35,0,0,0,1,train,1,False,False,False,False,True,2
0,65278,0,Tech-support,1,0,0,1,United-States,26-35,0,0,0,1,train,1,False,False,False,False,True,2
0,217460,0,Transport-moving,1,0,0,1,United-States,26-35,0,0,0,1,train,1,False,False,False,False,True,2
0,369027,0,Transport-moving,1,0,0,1,United-States,26-35,0,0,0,0,train,1,False,False,True,False,False,2
0,57066,0,Transport-moving,1,0,0,1,United-States,26-35,0,0,0,0,train,1,False,False,False,False,True,2
0,91683,0,Transport-moving,1,0,0,1,United-States,26-35,0,0,0,0,train,1,False,False,False,False,True,2
0,261319,0,Transport-moving,1,0,0,1,United-States,26-35,0,0,0,0,train,1,False,False,False,False,True,2
0,200500,0,Transport-moving,1,0,0,1,United-States,26-35,0,0,0,0,train,1,False,False,False,False,True,2
0,60726,0,Transport-moving,1,0,0,1,United-States,18-25,0,0,0,0,train,1,False,False,True,False,False,2
0,54560,0,Transport-moving,1,0,0,1,United-States,18-25,0,0,0,0,train,1,False,False,False,False,True,2
0,194055,0,Transport-moving,1,0,0,1,United-States,26-35,0,0,0,0,train,1,False,False,False,False,True,2
0,291968,0,Transport-moving,1,0,0,1,United-States,26-35,0,0,0,0,train,1,False,False,False,False,True,2
0,123983,0,Transport-moving,1,0,0,1,Vietnam,18-25,0,0,0,0,train,1,False,True,False,False,False,2
0,178037,0,Transport-moving,1,0,0,1,United-States,18-25,0,0,0,0,train,1,False,False,False,False,True,2
0,52636,0,Transport-moving,1,0,0,1,United-States,26-35,0,0,0,0,train,1,False,False,False,False,True,2
0,312667,0,Transport-moving,1,0,0,1,United-States,26-35,0,0,0,0,train,1,False,False,False,False,True,2
0,319149,0,Transport-moving,1,0,0,1,Mexico,26-35,0,0,0,0,train,1,False,False,False,False,True,2
0,266043,0,Transport-moving,1,0,0,1,United-States,26-35,0,0,0,0,train,1,False,False,False,False,True,2
0,133373,0,Transport-moving,1,0,0,2,United-States,18-25,0,0,0,0,train,1,False,False,False,False,True,2
0,54012,0,Transport-moving,1,0,0,2,United-States,18-25,0,0,0,0,train,1,False,False,False,False,True,2
0,282604,0,Transport-moving,1,7688,0,2,United-States,18-25,7688,1,0,1,train,1,False,False,False,False,True,2
0,121523,0,Transport-moving,1,0,0,2,United-States,26-35,0,0,0,0,train,1,False,False,False,False,True,2
0,120986,0,Transport-moving,1,0,0,2,United-States,26-35,0,0,0,0,train,1,True,False,False,False,False,2
0,57651,1,Adm-clerical,1,0,2001,1,United-States,26-35,-2001,0,1,0,train,0,False,False,False,False,True,2
0,226756,1,Adm-clerical,1,0,0,1,United-States,26-35,0,0,0,0,train,1,False,False,True,False,False,2
0,144259,1,Adm-clerical,1,0,0,1,United-States,18-25,0,0,0,0,train,1,False,False,True,False,False,2
0,304032,1,Adm-clerical,1,0,0,1,United-States,18-25,0,0,0,0,train,1,False,False,False,False,True,2
0,230875,1,Adm-clerical,1,0,0,1,United-States,18-25,0,0,0,0,train,0,False,False,False,False,True,2
0,213427,1,Adm-clerical,1,0,0,1,United-States,18-25,0,0,0,0,train,0,False,False,False,False,True,2
0,219754,1,Adm-clerical,1,0,0,1,United-States,18-25,0,0,0,0,train,1,False,False,False,False,True,2
0,104704,1,Adm-clerical,1,0,0,1,United-States,18-25,0,0,0,0,train,1,False,False,True,False,False,2
0,406662,1,Adm-clerical,1,4416,0,1,United-States,26-35,4416,1,0,0,train,0,False,False,False,False,True,2
0,247445,1,Adm-clerical,1,0,0,1,United-States,26-35,0,0,0,0,train,0,False,False,False,False,True,2
0,24008,1,Adm-clerical,1,0,0,1,United-States,18-25,0,0,0,0,train,0,False,False,False,False,True,2
0,228075,1,Adm-clerical,1,0,0,1,Mexico,26-35,0,0,0,0,train,0,False,False,False,False,True,2
0,194059,1,Adm-clerical,1,0,0,1,United-States,18-25,0,0,0,0,train,1,False,False,False,False,True,2
0,118966,1,Craft-repair,1,0,0,0,United-States,26-35,0,0,0,0,train,1,False,False,False,False,True,2
0,256263,1,Craft-repair,1,0,0,0,United-States,26-35,0,0,0,0,train,0,False,False,False,False,True,2
0,195262,1,Craft-repair,1,0,0,0,United-States,18-25,0,0,0,0,train,1,False,False,False,False,True,2
0,199011,1,Craft-repair,1,0,0,0,United-States,18-25,0,0,0,0,train,1,False,False,False,False,True,2
0,317681,1,Craft-repair,1,0,0,0,United-States,18-25,0,0,0,0,train,1,False,False,False,False,True,2
0,415520,1,Craft-repair,1,0,0,0,United-States,18-25,0,0,0,0,train,1,False,False,False,False,True,2
0,129010,1,Craft-repair,1,0,0,0,United-States,18-25,0,0,0,0,train,1,False,False,False,False,True,2
0,168294,1,Craft-repair,1,0,0,1,United-States,18-25,0,0,0,0,train,1,False,False,False,False,True,2
0,103432,1,Craft-repair,1,0,0,1,United-States,26-35,0,0,0,0,train,0,False,False,False,False,True,2
0,102632,1,Craft-repair,1,0,0,1,United-States,18-25,0,0,0,0,train,0,False,False,False,False,True,2
0,296158,1,Craft-repair,1,0,0,1,United-States,18-25,0,0,0,0,train,1,False,False,False,False,True,2
0,312956,1,Craft-repair,1,0,0,1,United-States,18-25,0,0,0,0,train,1,False,False,True,False,False,2
0,255004,1,Craft-repair,1,0,0,1,United-States,18-25,0,0,0,0,train,0,False,False,False,False,True,2
0,278130,1,Craft-repair,1,0,0,1,United-States,18-25,0,0,0,0,train,1,False,False,False,False,True,2
0,94235,1,Craft-repair,1,0,0,1,United-States,26-35,0,0,0,0,train,1,False,False,False,False,True,2
0,405855,1,Craft-repair,1,0,0,1,Mexico,26-35,0,0,0,0,train,1,False,False,False,False,True,2
0,354351,1,Craft-repair,1,0,0,1,United-States,18-25,0,0,0,0,train,1,False,False,False,False,True,2
0,182521,1,Craft-repair,1,0,0,1,United-States,26-35,0,0,0,0,train,0,True,False,False,False,False,2
0,247564,1,Craft-repair,1,0,0,1,United-States,18-25,0,0,0,0,train,0,False,False,False,False,True,2
0,125457,1,Craft-repair,1,0,0,1,United-States,26-35,0,0,0,0,train,0,False,False,False,False,True,2
0,267034,1,Craft-repair,1,0,0,1,Haiti,26-35,0,0,0,0,train,1,False,False,True,False,False,2
0,332379,1,Craft-repair,1,0,0,1,United-States,26-35,0,0,0,0,train,0,False,False,False,False,True,2
0,176520,1,Craft-repair,1,0,0,1,United-States,18-25,0,0,0,0,train,1,False,False,False,False,True,2
0,164922,1,Craft-repair,1,0,0,1,United-States,18-25,0,0,0,0,train,1,False,False,False,False,True,2
0,193089,1,Craft-repair,1,0,0,1,United-States,18-25,0,0,0,0,train,1,False,False,False,False,True,2
0,228452,1,Craft-repair,1,0,0,1,United-States,18-25,0,0,0,0,train,0,False,False,False,False,True,2
0,336360,1,Craft-repair,1,0,0,1,United-States,18-25,0,0,0,0,train,1,False,False,True,False,False,2
0,122999,1,Craft-repair,1,0,0,1,United-States,18-25,0,0,0,0,train,1,False,False,False,False,True,2
0,265567,1,Craft-repair,1,0,0,1,United-States,18-25,0,0,0,0,train,1,False,False,False,False,True,2
0,199011,1,Craft-repair,1,0,0,1,United-States,18-25,0,0,0,0,train,1,False,False,False,False,True,2
0,238917,1,Craft-repair,1,0,0,1,United-States,18-25,0,0,0,0,train,1,False,False,False,False,True,2
0,176360,1,Craft-repair,1,0,0,1,United-States,26-35,0,0,0,0,train,1,False,False,True,False,False,2
0,186787,1,Craft-repair,1,0,0,1,United-States,26-35,0,0,0,0,train,1,False,False,False,False,True,2
0,163942,1,Craft-repair,1,0,0,1,Ireland,26-35,0,0,0,0,train,0,False,False,False,False,True,2
0,96130,1,Craft-repair,1,0,0,1,United-States,26-35,0,0,0,0,train,1,False,False,False,False,True,2
0,229803,1,Craft-repair,1,0,0,1,United-States,26-35,0,0,0,0,train,1,False,False,True,False,False,2
0,169069,1,Craft-repair,1,0,0,1,United-States,26-35,0,0,0,0,train,1,False,False,False,False,True,2
0,275726,1,Craft-repair,1,0,0,1,United-States,18-25,0,0,0,0,train,1,False,False,True,False,False,2
0,57211,1,Craft-repair,1,0,0,1,United-States,18-25,0,0,0,0,train,1,False,False,False,False,True,2
0,169269,1,Craft-repair,1,0,0,1,United-States,26-35,0,0,0,0,train,0,False,False,False,False,True,2
0,108658,1,Craft-repair,1,0,0,1,United-States,26-35,0,0,0,0,train,0,False,False,False,False,True,2
0,123178,1,Craft-repair,1,0,0,1,United-States,26-35,0,0,0,0,train,0,False,False,False,False,True,2
0,361487,1,Craft-repair,1,0,0,1,United-States,18-25,0,0,0,0,train,0,False,False,False,False,True,2
0,290286,1,Craft-repair,1,0,0,1,United-States,26-35,0,0,0,0,train,0,False,False,True,False,False,2
0,221095,1,Craft-repair,1,0,0,1,United-States,18-25,0,0,0,0,train,1,False,False,True,False,False,2
0,182342,1,Craft-repair,1,0,0,1,United-States,18-25,0,0,0,0,train,0,False,False,False,False,True,2
0,327202,1,Craft-repair,1,0,0,1,United-States,26-35,0,0,0,0,train,0,False,False,True,False,False,2
0,452640,1,Craft-repair,1,0,0,1,United-States,18-25,0,0,0,0,train,0,False,False,False,False,True,2
0,263498,1,Craft-repair,1,0,0,1,United-States,18-25,0,0,0,0,train,0,False,False,False,False,True,2
0,469705,1,Craft-repair,1,0,1980,1,United-States,26-35,-1980,0,1,0,train,0,False,False,True,False,False,2
0,141698,1,Craft-repair,1,0,0,1,United-States,18-25,0,0,0,0,train,1,False,False,False,False,True,2
0,51985,1,Craft-repair,1,0,0,1,United-States,18-25,0,0,0,0,train,0,False,False,False,False,True,2
0,186452,1,Craft-repair,1,0,0,1,United-States,18-25,0,0,0,0,train,0,False,False,False,False,True,2
0,250679,1,Craft-repair,1,0,0,1,United-States,26-35,0,0,0,0,train,0,False,False,False,False,True,2
0,138152,1,Craft-repair,1,0,0,1,Guatemala,26-35,0,0,0,0,train,1,False,False,False,True,False,2
0,126550,1,Craft-repair,1,0,0,1,United-States,18-25,0,0,0,0,train,1,False,False,False,False,True,2
0,340917,1,Craft-repair,1,14344,0,1,United-States,26-35,14344,1,0,1,train,0,False,False,False,False,True,2
0,194652,1,Craft-repair,1,0,0,1,United-States,26-35,0,0,0,0,train,1,False,False,True,False,False,2
0,176756,1,Farming-fishing,1,0,0,1,United-States,18-25,0,0,0,0,train,1,False,False,False,False,True,2
0,324960,1,Farming-fishing,1,0,0,1,Poland,18-25,0,0,0,0,train,0,False,False,False,False,True,2
0,262478,1,Farming-fishing,1,0,0,1,United-States,26-35,0,0,0,0,train,1,False,False,True,False,False,2
0,125010,1,Farming-fishing,1,0,0,1,United-States,18-25,0,0,0,0,train,1,False,False,False,False,True,2
0,31350,1,Farming-fishing,1,0,0,1,United-States,26-35,0,0,0,0,train,0,False,False,False,False,True,2
0,204338,1,Farming-fishing,1,0,0,1,United-States,18-25,0,0,0,0,train,0,False,False,False,False,True,2
0,48610,1,Farming-fishing,1,0,0,1,United-States,18-25,0,0,0,0,train,1,False,False,False,False,True,2
0,260019,1,Farming-fishing,1,0,0,1,Mexico,18-25,0,0,0,0,train,0,False,False,False,True,False,2
0,40293,1,Farming-fishing,1,0,0,1,United-States,18-25,0,0,0,0,train,1,False,False,False,False,True,2
0,25828,1,Handlers-cleaners,1,0,0,0,United-States,18-25,0,0,0,0,train,1,False,False,False,False,True,2
0,175024,1,Handlers-cleaners,1,2176,0,0,United-States,18-25,2176,1,0,0,train,1,False,False,False,False,True,2
0,316929,1,Handlers-cleaners,1,0,0,0,United-States,18-25,0,0,0,0,train,1,False,False,False,False,True,2
0,131088,1,Handlers-cleaners,1,0,0,0,United-States,26-35,0,0,0,0,train,1,False,False,False,False,True,2
0,130806,1,Handlers-cleaners,1,0,0,0,United-States,18-25,0,0,0,0,train,1,False,False,False,False,True,2
0,208447,1,Handlers-cleaners,1,0,0,0,United-States,18-25,0,0,0,0,train,1,False,False,False,False,True,2
0,245628,1,Handlers-cleaners,1,0,0,0,United-States,26-35,0,0,0,0,train,0,False,False,False,False,True,2
0,197387,1,Handlers-cleaners,1,0,0,0,United-States,18-25,0,0,0,0,train,1,False,False,False,False,True,2
0,289980,1,Handlers-cleaners,1,0,0,1,United-States,18-25,0,0,0,0,train,0,False,False,False,False,True,2
0,194901,1,Handlers-cleaners,1,0,0,1,United-States,26-35,0,0,0,0,train,1,False,False,False,False,True,2
0,205759,1,Handlers-cleaners,1,0,0,1,United-States,18-25,0,0,0,0,train,1,False,False,False,False,True,2
0,259510,1,Handlers-cleaners,1,0,0,1,United-States,18-25,0,0,0,0,train,1,False,False,False,False,True,2
0,27337,1,Handlers-cleaners,1,0,0,1,United-States,18-25,0,0,0,0,train,1,True,False,False,False,False,2
0,62339,1,Handlers-cleaners,1,0,0,1,United-States,18-25,0,0,0,0,train,0,False,False,False,False,True,2
0,275691,1,Handlers-cleaners,1,0,0,1,United-States,18-25,0,0,0,0,train,1,False,False,False,False,True,2
0,444554,1,Handlers-cleaners,1,0,0,1,United-States,18-25,0,0,0,0,train,1,False,False,False,False,True,2
0,23940,1,Handlers-cleaners,1,0,0,1,United-States,26-35,0,0,0,0,train,1,True,False,False,False,False,2
0,228424,1,Handlers-cleaners,1,0,0,1,United-States,18-25,0,0,0,0,train,1,False,False,True,False,False,2
0,267174,1,Handlers-cleaners,1,0,0,1,United-States,18-25,0,0,0,0,train,1,False,False,True,False,False,2
0,156807,1,Handlers-cleaners,1,0,0,1,United-States,18-25,0,0,0,0,train,1,False,False,True,False,False,2
0,236564,1,Handlers-cleaners,1,0,0,1,United-States,26-35,0,0,0,0,train,0,False,False,False,False,True,2
0,354104,1,Handlers-cleaners,1,0,0,1,United-States,18-25,0,0,0,0,train,1,False,False,False,False,True,2
0,675421,1,Handlers-cleaners,1,594,0,1,United-States,18-25,594,1,0,0,train,1,False,False,False,False,True,2
0,42734,1,Handlers-cleaners,1,0,0,1,United-States,26-35,0,0,0,0,train,1,False,False,False,False,True,2
0,241951,1,Handlers-cleaners,1,0,0,1,United-States,18-25,0,0,0,0,train,0,False,False,False,False,True,2
0,211570,1,Handlers-cleaners,1,0,0,1,United-States,26-35,0,0,0,0,train,1,False,False,True,False,False,2
0,80616,1,Handlers-cleaners,1,0,0,1,United-States,18-25,0,0,0,0,train,1,False,False,False,False,True,2
0,118462,1,Handlers-cleaners,1,0,0,1,United-States,18-25,0,0,0,0,train,1,False,False,False,False,True,2
0,275889,1,Handlers-cleaners,1,0,0,1,Mexico,18-25,0,0,0,0,train,1,False,False,False,False,True,2
0,222993,1,Handlers-cleaners,1,0,0,1,United-States,18-25,0,0,0,0,train,1,False,False,False,False,True,2
0,98281,1,Handlers-cleaners,1,0,0,1,United-States,18-25,0,0,0,0,train,0,False,False,False,False,True,2
0,335357,1,Handlers-cleaners,1,0,0,1,United-States,26-35,0,0,0,0,train,1,False,False,True,False,False,2
0,159322,1,Handlers-cleaners,1,0,0,1,United-States,26-35,0,0,0,0,train,1,False,False,False,False,True,2
0,159001,1,Handlers-cleaners,1,0,0,1,United-States,26-35,0,0,0,0,train,1,False,False,False,False,True,2
0,201729,1,Handlers-cleaners,1,0,0,1,United-States,18-25,0,0,0,0,train,1,False,False,False,False,True,2
0,195118,1,Handlers-cleaners,1,0,0,1,United-States,18-25,0,0,0,0,train,1,False,False,False,False,True,2
0,227943,1,Handlers-cleaners,1,0,0,1,United-States,18-25,0,0,0,0,train,1,False,False,False,False,True,2
0,406662,1,Handlers-cleaners,1,0,0,1,United-States,26-35,0,0,0,0,train,0,False,False,False,False,True,2
0,417657,1,Handlers-cleaners,1,0,0,1,United-States,18-25,0,0,0,0,train,1,False,False,False,False,True,2
0,209942,1,Handlers-cleaners,1,0,0,1,United-States,26-35,0,0,0,0,train,1,False,False,True,False,False,2
0,161922,1,Handlers-cleaners,1,0,0,1,United-States,18-25,0,0,0,0,train,0,False,False,False,False,True,2
0,308205,1,Handlers-cleaners,1,0,0,1,Mexico,18-25,0,0,0,0,train,1,False,False,False,False,True,2
0,430471,1,Handlers-cleaners,1,0,0,1,United-States,18-25,0,0,0,0,train,1,False,False,False,False,True,2
0,138768,1,Handlers-cleaners,1,0,0,1,United-States,18-25,0,0,0,0,train,1,False,False,False,False,True,2
0,195750,1,Handlers-cleaners,1,0,0,1,United-States,26-35,0,0,0,0,train,1,False,False,False,False,True,2
0,100345,1,Handlers-cleaners,1,0,0,1,United-States,18-25,0,0,0,0,train,1,False,False,False,False,True,2
0,185061,1,Handlers-cleaners,1,0,0,1,United-States,26-35,0,0,0,0,train,1,False,False,False,False,True,2
0,236396,1,Handlers-cleaners,1,0,0,1,United-States,18-25,0,0,0,0,train,0,False,False,False,False,True,2
0,183970,1,Handlers-cleaners,1,0,0,1,United-States,18-25,0,0,0,0,train,1,False,False,True,False,False,2
0,179462,1,Handlers-cleaners,1,0,0,1,United-States,18-25,0,0,0,0,train,0,False,False,False,False,True,2
0,168288,1,Handlers-cleaners,1,0,0,1,United-States,18-25,0,0,0,0,train,1,False,False,False,False,True,2
0,108658,1,Machine-op-inspct,1,0,0,1,United-States,26-35,0,0,0,0,train,0,False,False,False,False,True,2
0,172146,1,Machine-op-inspct,1,0,1721,1,United-States,18-25,-1721,0,1,0,train,0,False,False,False,False,True,2
0,231193,1,Machine-op-inspct,1,0,0,1,United-States,18-25,0,0,0,0,train,1,False,False,False,False,True,2
0,316688,1,Machine-op-inspct,1,0,0,1,United-States,18-25,0,0,0,0,train,0,False,False,True,False,False,2
0,188488,1,Machine-op-inspct,1,0,0,1,United-States,18-25,0,0,0,0,train,1,False,False,False,False,True,2
0,275244,1,Machine-op-inspct,1,0,0,1,United-States,18-25,0,0,0,0,train,0,False,False,True,False,False,2
0,213644,1,Machine-op-inspct,1,0,0,1,United-States,18-25,0,0,0,0,train,0,False,False,False,False,True,2
0,215873,1,Machine-op-inspct,1,0,0,1,United-States,26-35,0,0,0,0,train,1,False,False,True,False,False,2
0,421065,1,Machine-op-inspct,1,0,0,1,United-States,26-35,0,0,0,0,train,0,False,False,False,False,True,2
0,201175,1,Machine-op-inspct,1,0,0,1,United-States,26-35,0,0,0,0,train,0,False,False,True,False,False,2
0,302465,1,Machine-op-inspct,1,0,1741,1,United-States,18-25,-1741,0,1,0,train,0,False,False,False,False,True,2
0,57067,1,Machine-op-inspct,1,0,0,1,United-States,18-25,0,0,0,0,train,1,False,False,False,False,True,2
0,142264,1,Machine-op-inspct,1,0,0,1,Dominican-Republic,26-35,0,0,0,0,train,0,False,False,False,False,True,2
0,206600,1,Machine-op-inspct,1,0,0,1,Mexico,18-25,0,0,0,0,train,1,False,False,False,False,True,2
0,131230,1,Machine-op-inspct,1,0,1590,1,United-States,18-25,-1590,0,1,0,train,1,False,False,False,False,True,2
0,208965,1,Machine-op-inspct,1,0,0,1,Mexico,26-35,0,0,0,0,train,0,False,False,False,True,False,2
0,159768,1,Machine-op-inspct,1,3325,0,1,Ecuador,26-35,3325,1,0,0,train,0,False,False,False,False,True,2
0,376240,1,Machine-op-inspct,1,0,0,1,United-States,18-25,0,0,0,0,train,1,False,False,False,False,True,2
0,291248,1,Machine-op-inspct,1,0,0,1,United-States,18-25,0,0,0,0,train,1,False,False,True,False,False,2
0,58597,1,Machine-op-inspct,1,0,0,1,United-States,26-35,0,0,0,0,train,1,False,False,False,False,True,2
0,214858,1,Machine-op-inspct,1,0,0,1,United-States,26-35,0,0,0,0,train,1,False,False,False,False,True,2
0,138892,1,Machine-op-inspct,1,0,0,1,United-States,18-25,0,0,0,0,train,1,False,False,True,False,False,2
0,183930,1,Other-service,1,0,0,0,United-States,18-25,0,0,0,0,train,1,False,False,False,False,True,2
0,245918,1,Other-service,1,0,0,0,United-States,18-25,0,0,0,0,train,1,False,False,False,False,True,2
0,191260,1,Other-service,1,1055,0,0,United-States,18-25,1055,1,0,0,train,1,False,False,False,False,True,2
0,89821,1,Other-service,1,0,0,0,United-States,18-25,0,0,0,0,train,1,False,False,False,False,True,2
0,211870,1,Other-service,1,0,0,0,United-States,18-25,0,0,0,0,train,0,False,False,False,False,True,2
0,102726,1,Other-service,1,0,0,0,United-States,18-25,0,0,0,0,train,1,False,False,False,False,True,2
0,208103,1,Other-service,1,0,0,0,United-States,18-25,0,0,0,0,train,1,False,False,False,False,True,2
0,162572,1,Other-service,1,0,0,0,United-States,26-35,0,0,0,0,train,1,False,False,False,False,True,2
0,46496,1,Other-service,1,0,0,0,United-States,18-25,0,0,0,0,train,1,False,False,False,False,True,2
0,32124,1,Other-service,1,0,0,0,United-States,18-25,0,0,0,0,train,1,False,False,True,False,False,2
0,153434,1,Other-service,1,0,0,0,United-States,26-35,0,0,0,0,train,1,False,False,False,False,True,2
0,283342,1,Other-service,1,0,0,0,United-States,18-25,0,0,0,0,train,1,False,False,True,False,False,2
0,287681,1,Other-service,1,0,0,0,Mexico,18-25,0,0,0,0,train,0,False,False,False,False,True,2
0,132652,1,Other-service,1,0,0,0,United-States,18-25,0,0,0,0,train,1,False,False,False,False,True,2
0,383637,1,Other-service,1,0,0,0,United-States,18-25,0,0,0,0,train,1,False,False,False,False,True,2
0,131033,1,Other-service,1,0,0,0,United-States,18-25,0,0,0,0,train,1,False,False,True,False,False,2
0,263746,1,Other-service,1,0,0,0,United-States,18-25,0,0,0,0,train,1,False,False,False,False,True,2
0,35644,1,Other-service,1,0,0,0,United-States,26-35,0,0,0,0,train,1,False,False,False,False,True,2
0,262515,1,Other-service,1,0,0,0,United-States,18-25,0,0,0,0,train,1,False,False,False,False,True,2
0,95393,1,Other-service,1,0,0,0,United-States,26-35,0,0,0,0,train,1,False,False,False,False,True,2
0,333541,1,Other-service,1,0,0,0,United-States,26-35,0,0,0,0,train,0,False,False,False,False,True,2
0,213921,1,Other-service,1,0,0,1,Mexico,26-35,0,0,0,0,train,1,False,False,False,False,True,2
0,124953,1,Other-service,1,0,1980,1,United-States,26-35,-1980,0,1,0,train,0,False,False,False,False,True,2
0,161155,1,Other-service,1,0,0,1,United-States,26-35,0,0,0,0,train,0,False,False,False,False,True,2
0,156764,1,Other-service,1,0,0,1,United-States,18-25,0,0,0,0,train,1,False,False,False,False,True,2
0,167350,1,Other-service,1,0,0,1,United-States,26-35,0,0,0,0,train,1,False,False,False,False,True,2
0,106085,1,Other-service,1,0,1721,1,United-States,18-25,-1721,0,1,0,train,1,False,False,True,False,False,2
0,241626,1,Other-service,1,0,0,1,United-States,18-25,0,0,0,0,train,1,False,False,False,False,True,2
0,289886,1,Other-service,1,0,0,1,United-States,18-25,0,0,0,0,train,0,False,True,False,False,False,2
0,183523,1,Other-service,1,0,0,1,United-States,26-35,0,0,0,0,train,1,False,False,False,False,True,2
0,282202,1,Other-service,1,0,0,1,El-Salvador,18-25,0,0,0,0,train,0,False,False,False,False,True,2
0,143062,1,Other-service,1,0,0,1,Greece,18-25,0,0,0,0,train,1,False,False,False,False,True,2
0,224059,1,Other-service,1,0,0,1,United-States,18-25,0,0,0,0,train,0,False,False,False,False,True,2
0,286853,1,Other-service,1,0,0,1,United-States,18-25,0,0,0,0,train,1,False,False,False,False,True,2
0,300687,1,Other-service,1,0,0,1,United-States,26-35,0,0,0,0,train,0,False,False,True,False,False,2
0,148187,1,Other-service,1,0,0,1,United-States,18-25,0,0,0,0,train,1,False,False,False,False,True,2
0,89397,1,Other-service,1,0,0,1,United-States,18-25,0,0,0,0,train,1,False,False,False,False,True,2
0,259351,1,Other-service,1,0,0,1,Mexico,26-35,0,0,0,0,train,1,True,False,False,False,False,2
0,174732,1,Other-service,1,0,0,1,United-States,18-25,0,0,0,0,train,1,False,False,True,False,False,2
0,209384,1,Other-service,1,0,0,1,United-States,18-25,0,0,0,0,train,1,False,False,False,False,True,2
0,354201,1,Other-service,1,0,0,1,United-States,18-25,0,0,0,0,train,1,False,False,False,False,True,2
0,193741,1,Other-service,1,0,0,1,United-States,18-25,0,0,0,0,train,1,False,False,True,False,False,2
0,220098,1,Other-service,1,0,0,1,United-States,18-25,0,0,0,0,train,1,False,False,False,False,True,2
0,189888,1,Other-service,1,0,0,1,United-States,18-25,0,0,0,0,train,0,False,False,False,False,True,2
0,495888,1,Other-service,1,0,0,1,El-Salvador,18-25,0,0,0,0,train,0,False,False,False,False,True,2
0,205903,1,Other-service,1,0,0,1,United-States,26-35,0,0,0,0,train,1,False,False,False,False,True,2
0,39026,1,Other-service,1,0,0,1,United-States,18-25,0,0,0,0,train,0,False,False,False,False,True,2
0,237498,1,Other-service,1,0,0,1,United-States,18-25,0,0,0,0,train,1,False,False,False,False,True,2
0,315065,1,Other-service,1,0,0,1,Mexico,18-25,0,0,0,0,train,1,False,False,False,False,True,2
0,587310,1,Other-service,1,0,0,1,Guatemala,26-35,0,0,0,0,train,1,False,False,False,False,True,2
0,315877,1,Other-service,1,0,2001,1,United-States,18-25,-2001,0,1,0,train,0,False,False,False,False,True,2
0,57324,1,Other-service,1,0,0,1,United-States,18-25,0,0,0,0,train,1,False,False,False,False,True,2
0,165532,1,Prof-specialty,1,0,0,0,United-States,18-25,0,0,0,0,train,1,False,False,False,False,True,2
0,138507,1,Prof-specialty,1,0,0,0,United-States,18-25,0,0,0,0,train,1,False,False,False,False,True,2
0,346382,1,Prof-specialty,1,0,0,0,United-States,18-25,0,0,0,0,train,1,False,False,False,False,True,2
0,297396,1,Prof-specialty,1,0,0,0,United-States,18-25,0,0,0,0,train,1,False,False,False,False,True,2
0,254859,1,Prof-specialty,1,0,0,0,United-States,18-25,0,0,0,0,train,1,False,False,False,False,True,2
0,191117,1,Prof-specialty,1,0,0,0,United-States,18-25,0,0,0,0,train,1,False,False,False,False,True,2
0,170653,1,Prof-specialty,1,0,0,1,Italy,18-25,0,0,0,0,train,1,False,False,False,False,True,2
0,202521,1,Prof-specialty,1,0,0,1,United-States,18-25,0,0,0,0,train,1,False,False,False,False,True,2
0,117201,1,Prof-specialty,1,0,0,1,United-States,18-25,0,0,0,0,train,1,False,False,False,False,True,2
0,241616,1,Prof-specialty,1,0,2001,1,United-States,18-25,-2001,0,1,0,train,0,False,False,False,False,True,2
0,333100,1,Prof-specialty,1,1055,0,1,United-States,18-25,1055,1,0,0,train,1,False,False,False,False,True,2
0,228373,1,Prof-specialty,1,0,0,1,United-States,18-25,0,0,0,0,train,1,False,False,False,False,True,2
0,196816,1,Prof-specialty,1,0,0,1,United-States,18-25,0,0,0,0,train,0,False,False,False,False,True,2
0,103810,1,Prof-specialty,1,0,0,1,United-States,18-25,0,0,0,0,train,1,False,False,False,False,True,2
0,120243,1,Prof-specialty,1,0,0,1,United-States,18-25,0,0,0,0,train,1,False,False,False,False,True,2
0,121313,1,Prof-specialty,1,0,0,1,United-States,18-25,0,0,0,0,train,1,False,False,False,False,True,2
0,423460,1,Prof-specialty,1,0,0,1,United-States,18-25,0,0,0,0,train,1,False,False,False,False,True,2
0,36411,1,Prof-specialty,1,0,0,1,United-States,18-25,0,0,0,0,train,1,False,False,False,False,True,2
0,179715,1,Prof-specialty,1,0,0,1,United-States,18-25,0,0,0,0,train,1,False,False,False,False,True,2
0,192569,1,Prof-specialty,1,0,0,1,United-States,26-35,0,0,0,0,train,1,False,False,True,False,False,2
0,365871,1,Prof-specialty,1,0,0,1,Mexico,18-25,0,0,0,0,train,0,False,False,False,False,True,2
0,191444,1,Prof-specialty,1,0,0,1,United-States,18-25,0,0,0,0,train,1,False,False,False,False,True,2
0,517995,1,Prof-specialty,1,0,0,1,Mexico,18-25,0,0,0,0,train,1,False,False,False,False,True,2
0,395567,1,Prof-specialty,1,0,0,1,United-States,18-25,0,0,0,0,train,1,False,False,False,False,True,2
0,87867,1,Prof-specialty,1,0,0,1,United-States,18-25,0,0,0,0,train,0,False,False,False,False,True,2
0,261979,1,Prof-specialty,1,0,0,1,United-States,18-25,0,0,0,0,train,0,False,False,False,False,True,2
0,291407,1,Prof-specialty,1,0,0,1,United-States,18-25,0,0,0,0,train,1,False,False,True,False,False,2
0,92262,1,Protective-serv,1,0,0,1,United-States,26-35,0,0,0,0,train,1,False,False,False,False,True,2
0,51816,1,Protective-serv,1,0,0,1,United-States,18-25,0,0,0,0,train,1,False,False,True,False,False,2
0,134935,1,Protective-serv,1,0,0,1,United-States,18-25,0,0,0,0,train,1,False,False,False,False,True,2
0,227890,1,Protective-serv,1,0,0,1,United-States,26-35,0,0,0,0,train,1,False,False,True,False,False,2
0,154863,1,Protective-serv,1,0,1876,1,United-States,26-35,-1876,0,1,0,train,1,False,False,True,False,False,2
0,329426,1,Protective-serv,1,0,0,1,United-States,26-35,0,0,0,0,train,0,False,False,False,False,True,2
0,242718,1,Sales,1,0,0,0,United-States,18-25,0,0,0,0,train,1,False,False,False,False,True,2
0,198124,1,Sales,1,0,0,0,United-States,18-25,0,0,0,0,train,1,False,False,False,False,True,2
0,171306,1,Sales,1,0,0,0,United-States,18-25,0,0,0,0,train,1,False,False,False,False,True,2
0,387568,1,Sales,1,0,0,0,United-States,18-25,0,0,0,0,train,1,False,False,False,False,True,2
0,504725,1,Sales,1,0,0,0,Guatemala,26-35,0,0,0,0,train,1,False,False,False,False,True,2
0,191910,1,Sales,1,0,0,0,United-States,18-25,0,0,0,0,train,1,False,False,False,False,True,2
0,167147,1,Sales,1,0,0,0,United-States,18-25,0,0,0,0,train,1,False,False,False,False,True,2
0,262511,1,Sales,1,0,0,0,United-States,18-25,0,0,0,0,train,1,False,False,False,False,True,2
0,446839,1,Sales,1,0,0,1,United-States,18-25,0,0,0,0,train,0,False,False,False,False,True,2
0,54334,1,Sales,1,0,0,1,United-States,26-35,0,0,0,0,train,0,False,False,False,False,True,2
0,32921,1,Sales,1,0,0,1,United-States,18-25,0,0,0,0,train,0,False,False,False,False,True,2
0,104112,1,Sales,1,0,0,1,Haiti,18-25,0,0,0,0,train,0,False,False,True,False,False,2
0,267147,1,Sales,1,0,0,1,United-States,26-35,0,0,0,0,train,1,False,False,False,False,True,2
0,368700,1,Sales,1,0,0,1,United-States,18-25,0,0,0,0,train,1,False,False,False,False,True,2
0,93235,1,Sales,1,0,0,1,United-States,26-35,0,0,0,0,train,0,False,False,False,False,True,2
0,543028,1,Sales,1,0,0,1,United-States,18-25,0,0,0,0,train,1,False,False,True,False,False,2
0,190525,1,Sales,1,0,0,1,United-States,26-35,0,0,0,1,train,0,False,False,False,False,True,2
0,195105,1,Sales,1,0,0,1,United-States,26-35,0,0,0,0,train,0,False,False,False,True,False,2
0,163494,1,Sales,1,0,0,1,United-States,18-25,0,0,0,0,train,1,False,False,False,False,True,2
0,163189,1,Sales,1,0,0,1,United-States,26-35,0,0,0,0,train,1,False,False,False,False,True,2
0,375077,1,Sales,1,0,0,1,United-States,18-25,0,0,0,0,train,1,False,False,False,False,True,2
0,314177,1,Sales,1,0,0,1,United-States,26-35,0,0,0,0,train,0,False,False,True,False,False,2
0,109307,1,Sales,1,0,0,1,United-States,18-25,0,0,0,0,train,1,False,False,False,False,True,2
0,171398,1,Sales,1,0,0,1,United-States,18-25,0,0,0,0,train,0,False,False,False,True,False,2
0,128604,1,Sales,1,0,0,1,South,18-25,0,0,0,0,train,1,False,True,False,False,False,2
0,304169,1,Sales,1,0,0,1,United-States,18-25,0,0,0,0,train,1,False,False,False,False,True,2
0,291979,1,Sales,1,0,0,1,United-States,18-25,0,0,0,0,train,1,False,False,False,False,True,2
0,280134,1,Sales,1,0,0,1,El-Salvador,18-25,0,0,0,0,train,0,False,False,False,False,True,2
0,124971,1,Sales,1,0,0,1,United-States,18-25,0,0,0,0,train,0,False,False,False,False,True,2
0,460835,1,Sales,1,0,0,1,United-States,18-25,0,0,0,0,train,1,False,False,False,False,True,2
0,314823,1,Sales,1,0,0,1,Dominican-Republic,18-25,0,0,0,0,train,1,False,False,False,False,True,2
0,83891,1,Sales,1,0,0,1,United-States,18-25,0,0,0,0,train,1,False,True,False,False,False,2
0,194630,1,Sales,1,0,0,1,United-States,18-25,0,0,0,0,train,0,False,False,False,False,True,2
0,115458,1,Transport-moving,1,0,0,1,United-States,18-25,0,0,0,0,train,1,False,False,False,False,True,2
0,163862,1,Transport-moving,1,0,0,1,United-States,26-35,0,0,0,0,train,0,False,False,False,False,True,2
0,145111,1,Transport-moving,1,0,0,1,United-States,18-25,0,0,0,0,train,0,False,False,False,False,True,2
0,138768,1,Transport-moving,1,0,0,1,United-States,18-25,0,0,0,0,train,1,False,False,False,False,True,2
0,229842,1,Transport-moving,1,0,0,1,United-States,26-35,0,0,0,0,train,0,False,False,True,False,False,2
0,157249,1,Transport-moving,1,0,0,1,United-States,26-35,0,0,0,0,train,0,False,False,False,False,True,2
0,91666,1,Transport-moving,1,0,0,1,United-States,26-35,0,0,0,0,train,0,False,False,False,False,True,2
0,257644,1,Transport-moving,1,0,0,1,United-States,26-35,0,0,0,0,train,0,False,False,False,False,True,2
0,73289,1,Transport-moving,1,0,0,1,United-States,18-25,0,0,0,0,train,1,False,False,False,False,True,2
0,181773,1,Transport-moving,1,0,0,1,United-States,18-25,0,0,0,0,train,1,False,False,True,False,False,2
0,177711,1,Transport-moving,1,0,0,1,United-States,18-25,0,0,0,0,train,1,False,False,True,False,False,2
0,348092,1,Transport-moving,1,0,0,1,Haiti,18-25,0,0,0,0,train,1,False,False,True,False,False,2
0,120601,1,Transport-moving,1,0,0,1,United-States,18-25,0,0,0,0,train,1,False,False,True,False,False,2
0,184400,1,Transport-moving,1,0,0,1,United-States,18-25,0,0,0,0,train,1,False,True,False,False,False,2
0,189346,2,Craft-repair,1,0,0,1,United-States,26-35,0,0,0,0,train,0,False,False,False,False,True,2
0,110663,2,Craft-repair,1,0,0,1,United-States,26-35,0,0,0,0,train,0,False,False,False,False,True,2
0,122346,2,Craft-repair,1,0,0,1,United-States,18-25,0,0,0,0,train,0,False,False,False,False,True,2
0,298225,2,Craft-repair,1,0,0,1,United-States,18-25,0,0,0,0,train,0,False,False,False,False,True,2
0,221757,2,Craft-repair,1,3325,0,1,United-States,18-25,3325,1,0,0,train,0,False,False,False,False,True,2
0,125442,2,Craft-repair,1,0,0,1,United-States,26-35,0,0,0,0,train,1,False,False,False,False,True,2
0,427686,2,Craft-repair,1,0,0,1,United-States,18-25,0,0,0,0,train,1,False,False,False,False,True,2
0,207537,2,Craft-repair,1,0,1669,1,United-States,26-35,-1669,0,1,0,train,1,False,False,False,False,True,2
0,286675,2,Craft-repair,1,0,0,1,United-States,26-35,0,0,0,0,train,1,False,False,False,False,True,2
0,183627,2,Craft-repair,1,0,0,1,United-States,26-35,0,0,0,0,train,0,False,False,False,False,True,2
0,210184,2,Craft-repair,1,0,0,1,United-States,18-25,0,0,0,0,train,1,False,False,False,False,True,2
0,155919,2,Craft-repair,1,0,0,1,Mexico,18-25,0,0,0,0,train,0,False,False,False,False,True,2
0,30226,2,Sales,1,0,0,1,United-States,26-35,0,0,0,0,train,1,False,False,False,False,True,2
0,247445,2,Sales,1,0,0,1,United-States,26-35,0,0,0,0,train,0,False,False,False,False,True,2
0,239322,2,Sales,1,0,0,1,United-States,18-25,0,0,0,0,train,0,False,False,False,False,True,2
0,125279,2,Sales,1,0,0,1,United-States,26-35,0,0,0,0,train,0,False,False,False,False,True,2
0,210867,2,Sales,1,0,0,1,United-States,26-35,0,0,0,0,train,1,False,False,False,False,True,2
1,390781,0,Adm-clerical,0,0,0,1,United-States,36-45,0,0,0,0,train,1,False,False,True,False,False,0
1,340148,0,Adm-clerical,0,0,0,1,United-States,36-45,0,0,0,0,train,1,False,False,False,False,True,0
1,97083,0,Adm-clerical,0,0,0,1,United-States,36-45,0,0,0,0,train,1,False,False,True,False,False,0
1,218542,0,Adm-clerical,0,0,0,1,United-States,36-45,0,0,0,1,train,1,False,False,False,False,True,0
1,26522,0,Adm-clerical,0,0,1902,1,United-States,36-45,-1902,0,1,1,train,1,False,False,False,False,True,0
1,99254,0,Adm-clerical,0,0,0,1,United-States,36-45,0,0,0,1,train,1,False,False,True,False,False,0
1,29841,0,Adm-clerical,0,0,0,1,United-States,36-45,0,0,0,0,train,1,False,False,False,False,True,0
1,93717,0,Adm-clerical,0,7298,0,1,United-States,36-45,7298,1,0,1,train,1,False,False,False,False,True,0
1,115433,0,Adm-clerical,0,7688,0,1,United-States,36-45,7688,1,0,1,train,1,False,False,False,False,True,0
1,105862,0,Adm-clerical,0,0,1902,1,United-States,36-45,-1902,0,1,1,train,1,False,False,False,False,True,0
1,95047,0,Adm-clerical,0,7688,0,1,United-States,36-45,7688,1,0,1,train,1,False,False,False,False,True,0
1,92003,0,Exec-managerial,0,0,0,1,United-States,26-35,0,0,0,1,train,1,False,False,False,False,True,0
1,101739,0,Exec-managerial,0,0,0,1,United-States,36-45,0,0,0,1,train,1,False,False,False,False,True,0
1,108293,0,Exec-managerial,0,0,1977,1,United-States,36-45,-1977,0,1,1,train,1,False,False,False,False,True,0
1,211699,0,Exec-managerial,0,0,1485,1,United-States,26-35,-1485,0,1,1,train,1,False,False,False,False,True,0
1,393673,0,Exec-managerial,0,0,0,1,United-States,36-45,0,0,0,1,train,1,False,False,False,False,True,0
1,118941,0,Exec-managerial,0,0,0,1,United-States,26-35,0,0,0,1,train,1,False,False,False,False,True,0
1,353994,0,Exec-managerial,0,0,0,1,China,26-35,0,0,0,1,train,1,False,True,False,False,False,0
1,72619,0,Exec-managerial,0,0,0,1,United-States,46-55,0,0,0,1,train,1,False,False,False,False,True,0
1,196791,0,Prof-specialty,0,0,0,0,United-States,26-35,0,0,0,1,train,1,False,False,False,False,True,0
1,200904,0,Prof-specialty,0,0,0,0,Haiti,36-45,0,0,0,0,train,1,False,False,True,False,False,0
1,70645,0,Prof-specialty,0,0,0,0,United-States,36-45,0,0,0,0,train,1,False,False,False,False,True,0
1,116580,0,Prof-specialty,0,0,0,0,United-States,36-45,0,0,0,1,train,1,False,False,False,False,True,0
1,343079,0,Prof-specialty,0,0,1740,0,United-States,36-45,-1740,0,1,0,train,1,False,False,False,False,True,0
1,53606,0,Prof-specialty,0,3908,0,0,United-States,36-45,3908,1,0,0,train,1,False,False,False,False,True,0
1,317219,0,Prof-specialty,0,0,0,0,United-States,26-35,0,0,0,1,train,1,False,False,False,False,True,0
1,187728,0,Prof-specialty,0,0,1887,1,United-States,36-45,-1887,0,1,1,train,1,False,False,False,False,True,0
1,51164,0,Prof-specialty,0,0,0,1,United-States,36-45,0,0,0,0,train,1,False,False,True,False,False,0
1,126319,0,Prof-specialty,0,0,0,1,United-States,36-45,0,0,0,1,train,1,False,False,False,False,True,0
1,227910,0,Prof-specialty,0,0,0,1,United-States,36-45,0,0,0,1,train,1,False,False,False,False,True,0
1,85272,0,Prof-specialty,0,0,0,1,United-States,36-45,0,0,0,1,train,1,False,False,False,False,True,0
1,251795,0,Prof-specialty,0,0,0,1,United-States,36-45,0,0,0,1,train,1,False,False,False,False,True,0
1,166988,0,Prof-specialty,0,0,0,1,United-States,36-45,0,0,0,1,train,1,False,False,False,False,True,0
1,111398,0,Prof-specialty,0,7688,0,1,United-States,36-45,7688,1,0,1,train,1,False,False,False,False,True,0
1,163396,0,Prof-specialty,0,0,0,1,United-States,36-45,0,0,0,1,train,1,False,False,False,False,True,0
1,95654,0,Prof-specialty,0,0,0,1,Iran,36-45,0,0,0,1,train,1,False,False,False,False,True,0
1,113253,0,Prof-specialty,0,0,0,1,United-States,36-45,0,0,0,1,train,1,False,False,False,False,True,0
1,233825,0,Prof-specialty,0,15024,0,1,United-States,36-45,15024,1,0,1,train,1,False,False,False,False,True,0
1,148015,0,Prof-specialty,0,15024,0,1,United-States,36-45,15024,1,0,1,train,1,False,False,True,False,False,0
1,117528,0,Prof-specialty,0,0,0,1,United-States,26-35,0,0,0,1,train,1,False,False,False,False,True,0
1,287306,0,Prof-specialty,0,99999,0,1,United-States,36-45,99999,1,0,1,train,1,False,False,True,False,False,0
1,170525,1,Adm-clerical,0,0,0,1,United-States,36-45,0,0,0,0,train,0,False,False,False,False,True,0
1,267736,1,Adm-clerical,0,0,0,1,United-States,26-35,0,0,0,0,train,1,False,False,True,False,False,0
1,189382,1,Adm-clerical,0,0,0,1,United-States,36-45,0,0,0,0,train,1,False,False,False,False,True,0
1,65372,1,Adm-clerical,0,0,0,1,United-States,36-45,0,0,0,0,train,1,False,False,False,False,True,0
1,65466,1,Adm-clerical,0,0,0,1,United-States,36-45,0,0,0,0,train,0,False,False,False,False,True,0
1,184117,1,Adm-clerical,0,0,0,1,United-States,26-35,0,0,0,0,train,1,False,False,False,False,True,0
1,169203,1,Adm-clerical,0,0,0,1,United-States,36-45,0,0,0,0,train,0,False,False,False,False,True,0
1,202872,1,Adm-clerical,0,0,0,1,United-States,36-45,0,0,0,0,train,1,False,False,False,False,True,0
1,166988,1,Adm-clerical,0,0,0,1,United-States,36-45,0,0,0,0,train,1,False,False,False,False,True,0
1,225330,1,Adm-clerical,0,0,0,1,United-States,26-35,0,0,0,0,train,0,False,False,False,False,True,0
1,207847,1,Adm-clerical,0,0,0,1,United-States,36-45,0,0,0,0,train,0,False,False,False,False,True,0
1,117927,1,Adm-clerical,0,0,0,1,United-States,26-35,0,0,0,0,train,0,False,False,True,False,False,0
1,115631,1,Adm-clerical,0,4101,0,1,United-States,26-35,4101,1,0,0,train,0,False,False,False,False,True,0
1,50442,1,Adm-clerical,0,2977,0,1,United-States,36-45,2977,1,0,0,train,0,True,False,False,False,False,0
1,180695,1,Adm-clerical,0,0,0,1,United-States,46-55,0,0,0,0,train,1,False,False,False,False,True,0
1,323619,1,Adm-clerical,0,0,0,1,United-States,26-35,0,0,0,0,train,0,False,False,False,False,True,0
1,244341,1,Adm-clerical,0,0,0,1,United-States,36-45,0,0,0,0,train,0,False,False,True,False,False,0
1,63910,1,Adm-clerical,0,0,0,1,United-States,36-45,0,0,0,0,train,1,False,True,False,False,False,0
1,161942,1,Adm-clerical,0,1055,0,1,United-States,26-35,1055,1,0,0,train,0,False,False,False,False,True,0
1,26358,1,Adm-clerical,0,0,0,1,United-States,36-45,0,0,0,0,train,0,False,False,False,False,True,0
1,324019,1,Adm-clerical,0,0,0,1,United-States,36-45,0,0,0,0,train,0,False,False,False,False,True,0
1,159548,1,Adm-clerical,0,0,0,1,United-States,26-35,0,0,0,0,train,0,False,False,True,False,False,0
1,38468,1,Adm-clerical,0,0,0,1,United-States,36-45,0,0,0,0,train,0,False,False,False,False,True,0
1,168680,1,Adm-clerical,0,0,0,1,United-States,36-45,0,0,0,0,train,1,False,False,True,False,False,0
1,163003,1,Exec-managerial,0,0,0,1,Philippines,26-35,0,0,0,0,train,1,False,True,False,False,False,0
1,190174,1,Exec-managerial,0,0,0,1,United-States,26-35,0,0,0,0,train,0,False,False,False,False,True,0
1,127306,1,Exec-managerial,0,0,0,1,United-States,36-45,0,0,0,0,train,1,False,False,False,False,True,0
1,271933,1,Exec-managerial,0,0,1741,1,United-States,26-35,-1741,0,1,0,train,1,False,False,False,False,True,0
1,298841,1,Exec-managerial,0,0,0,1,United-States,36-45,0,0,0,0,train,0,False,False,False,False,True,0
1,220421,1,Exec-managerial,0,0,0,1,United-States,36-45,0,0,0,0,train,0,False,False,False,False,True,0
1,196584,1,Prof-specialty,0,0,1564,1,United-States,36-45,-1564,0,1,1,train,0,False,False,False,False,True,0
1,254817,1,Prof-specialty,0,0,1340,1,United-States,36-45,-1340,0,1,0,train,0,False,False,False,False,True,0
1,185480,1,Prof-specialty,0,0,0,1,United-States,26-35,0,0,0,0,train,0,False,False,False,False,True,0
1,83082,1,Prof-specialty,0,0,0,1,United-States,46-55,0,0,0,0,train,0,False,False,False,False,True,0
1,120064,1,Prof-specialty,0,0,0,1,United-States,26-35,0,0,0,0,train,0,False,False,False,False,True,0
1,188798,1,Prof-specialty,0,0,0,1,United-States,26-35,0,0,0,0,train,1,False,False,False,False,True,0
1,238246,1,Prof-specialty,0,0,0,1,United-States,26-35,0,0,0,0,train,0,False,False,False,False,True,0
1,144531,1,Prof-specialty,0,0,0,1,United-States,46-55,0,0,0,1,train,0,False,False,False,False,True,0
1,253116,1,Prof-specialty,0,0,0,1,United-States,46-55,0,0,0,0,train,0,False,False,True,False,False,0
1,348728,1,Prof-specialty,0,0,0,1,United-States,36-45,0,0,0,0,train,0,False,False,False,False,True,0
1,153790,1,Sales,0,0,0,1,United-States,26-35,0,0,0,0,train,0,True,False,False,False,False,0
1,131414,1,Sales,0,0,0,1,United-States,36-45,0,0,0,0,train,0,False,False,True,False,False,0
1,910398,1,Sales,0,0,0,1,United-States,36-45,0,0,0,0,train,0,False,False,True,False,False,0
1,343403,1,Sales,0,0,0,1,United-States,26-35,0,0,0,0,train,0,False,False,False,False,True,0
1,173804,1,Sales,0,0,0,1,United-States,36-45,0,0,0,0,train,0,False,False,False,False,True,0
1,340428,1,Sales,0,0,0,1,United-States,26-35,0,0,0,1,train,0,False,False,False,False,True,0
1,97883,1,Sales,0,0,0,1,United-States,46-55,0,0,0,0,train,0,False,False,False,False,True,0
1,404573,1,Sales,0,0,0,1,United-States,36-45,0,0,0,0,train,0,False,False,False,False,True,0
1,238329,1,Sales,0,0,0,1,United-States,36-45,0,0,0,0,train,0,False,False,False,False,True,0
1,208180,1,Sales,0,0,0,1,United-States,26-35,0,0,0,0,train,0,False,False,False,False,True,0
1,114580,2,Adm-clerical,0,0,0,1,United-States,36-45,0,0,0,0,train,0,False,False,False,False,True,0
1,70282,2,Adm-clerical,0,0,0,1,United-States,36-45,0,0,0,0,train,0,False,False,True,False,False,0
1,382635,2,Adm-clerical,0,0,0,1,Honduras,36-45,0,0,0,0,train,0,False,False,False,False,True,0
1,51838,2,Adm-clerical,0,0,0,1,United-States,36-45,0,0,0,0,train,0,False,False,False,False,True,0
1,169628,2,Adm-clerical,0,0,0,1,United-States,36-45,0,0,0,0,train,0,False,False,True,False,False,0
1,411797,2,Adm-clerical,0,0,0,1,United-States,36-45,0,0,0,0,train,0,False,False,False,False,True,0
1,184682,2,Adm-clerical,0,0,0,1,United-States,36-45,0,0,0,0,train,0,False,False,False,False,True,0
1,341204,2,Adm-clerical,0,0,0,1,United-States,36-45,0,0,0,0,train,0,False,False,False,False,True,0
1,520586,2,Adm-clerical,0,0,0,1,United-States,36-45,0,0,0,0,train,0,False,False,False,False,True,0
1,256723,2,Adm-clerical,0,0,0,1,United-States,36-45,0,0,0,0,train,0,False,False,True,False,False,0
1,19914,2,Adm-clerical,0,0,0,1,United-States,36-45,0,0,0,0,train,0,True,False,False,False,False,0
1,190767,2,Adm-clerical,0,0,0,1,United-States,36-45,0,0,0,0,train,0,False,False,False,False,True,0
1,165309,2,Adm-clerical,0,0,0,1,United-States,36-45,0,0,0,0,train,0,False,False,False,False,True,0
1,135056,2,Adm-clerical,0,0,0,1,United-States,36-45,0,0,0,0,train,0,False,False,False,False,True,0
1,204640,2,Adm-clerical,0,0,0,1,United-States,36-45,0,0,0,0,train,0,False,False,True,False,False,0
1,309895,2,Adm-clerical,0,0,0,1,United-States,46-55,0,0,0,0,train,0,False,False,False,False,True,0
1,153143,2,Adm-clerical,0,0,0,1,Puerto-Rico,36-45,0,0,0,0,train,1,False,False,False,False,True,0
1,169180,2,Adm-clerical,0,0,0,1,United-States,46-55,0,0,0,0,train,0,False,False,False,False,True,0
1,264627,2,Adm-clerical,0,0,0,1,United-States,36-45,0,0,0,0,train,0,False,False,False,False,True,0
1,171159,2,Adm-clerical,0,0,0,1,United-States,26-35,0,0,0,0,train,0,False,False,False,False,True,0
1,566117,2,Adm-clerical,0,0,0,1,United-States,26-35,0,0,0,0,train,0,False,False,False,False,True,0
1,348854,2,Adm-clerical,0,0,0,1,United-States,36-45,0,0,0,0,train,0,False,False,False,False,True,0
1,141583,2,Adm-clerical,0,0,0,1,United-States,36-45,0,0,0,0,train,0,False,False,True,False,False,0
1,51111,2,Adm-clerical,0,0,0,1,United-States,36-45,0,0,0,0,train,0,False,False,False,False,True,0
1,190122,2,Adm-clerical,0,0,0,1,United-States,36-45,0,0,0,0,train,0,False,False,False,False,True,0
1,54102,2,Adm-clerical,0,0,0,1,United-States,36-45,0,0,0,0,train,0,False,False,False,False,True,0
1,57424,2,Adm-clerical,0,0,0,1,United-States,36-45,0,0,0,0,train,0,False,False,False,False,True,0
1,180296,2,Adm-clerical,0,0,0,1,United-States,26-35,0,0,0,0,train,0,False,False,False,False,True,0
1,77332,2,Adm-clerical,0,0,0,1,United-States,36-45,0,0,0,0,train,0,False,False,False,False,True,0
1,295791,2,Adm-clerical,0,0,0,1,United-States,46-55,0,0,0,0,train,0,False,False,False,False,True,0
1,86399,2,Adm-clerical,0,0,0,1,United-States,36-45,0,0,0,0,train,0,False,False,False,False,True,0
1,52037,2,Adm-clerical,0,0,0,1,United-States,36-45,0,0,0,0,train,0,False,False,False,False,True,0
1,96330,2,Adm-clerical,0,0,0,1,United-States,36-45,0,0,0,0,train,0,False,False,True,False,False,0
1,191856,2,Adm-clerical,0,0,0,1,United-States,26-35,0,0,0,0,train,0,False,False,False,False,True,0
1,130926,2,Adm-clerical,0,3674,0,1,United-States,36-45,3674,1,0,0,train,0,False,False,False,False,True,0
1,143129,2,Exec-managerial,0,0,0,1,United-States,36-45,0,0,0,0,train,0,False,False,False,False,True,0
1,187666,2,Exec-managerial,0,0,0,1,United-States,36-45,0,0,0,0,train,0,False,False,False,False,True,0
1,118500,2,Exec-managerial,0,0,0,1,United-States,26-35,0,0,0,0,train,0,False,False,False,False,True,0
1,143774,2,Exec-managerial,0,0,0,1,United-States,36-45,0,0,0,0,train,0,False,False,False,False,True,0
1,63042,2,Exec-managerial,0,0,0,1,United-States,36-45,0,0,0,1,train,1,False,False,False,False,True,0
1,216237,2,Exec-managerial,0,0,0,1,United-States,36-45,0,0,0,1,train,0,False,False,False,False,True,0
1,97429,2,Exec-managerial,0,0,0,1,Canada,26-35,0,0,0,0,train,0,False,False,False,False,True,0
1,28160,2,Exec-managerial,0,0,0,1,United-States,26-35,0,0,0,0,train,0,False,False,False,False,True,0
1,34028,2,Exec-managerial,0,0,0,1,United-States,36-45,0,0,0,0,train,0,False,False,False,False,True,0
1,64830,2,Exec-managerial,0,0,0,1,United-States,26-35,0,0,0,0,train,0,False,False,False,False,True,0
1,163215,2,Exec-managerial,0,10520,0,1,United-States,36-45,10520,1,0,1,train,0,False,False,False,False,True,0
1,185520,2,Exec-managerial,0,8614,0,1,United-States,36-45,8614,1,0,1,train,0,False,False,False,False,True,0
1,220609,2,Exec-managerial,0,0,0,1,United-States,36-45,0,0,0,0,train,0,False,False,False,False,True,0
1,183168,2,Exec-managerial,0,0,0,1,United-States,36-45,0,0,0,0,train,0,False,False,False,False,True,0
1,234807,2,Exec-managerial,0,7430,0,1,United-States,36-45,7430,1,0,1,train,0,False,False,False,False,True,0
1,207887,2,Exec-managerial,0,0,0,1,United-States,36-45,0,0,0,0,train,1,False,False,False,False,True,0
1,207157,2,Other-service,0,0,0,1,Mexico,36-45,0,0,0,0,train,0,False,False,False,False,True,0
1,157886,2,Other-service,0,0,0,1,United-States,26-35,0,0,0,0,train,0,False,False,False,False,True,0
1,204621,2,Other-service,0,0,0,1,United-States,26-35,0,0,0,0,train,1,False,False,False,False,True,0
1,243587,2,Other-service,0,0,0,1,Cuba,36-45,0,0,0,0,train,1,False,False,False,False,True,0
1,34996,2,Other-service,0,0,0,1,United-States,36-45,0,0,0,0,train,0,False,False,False,False,True,0
1,170230,2,Other-service,0,0,0,1,United-States,36-45,0,0,0,0,train,0,False,False,False,False,True,0
1,168936,2,Other-service,0,0,0,1,United-States,36-45,0,0,0,0,train,0,False,False,False,False,True,0
1,157165,2,Other-service,0,0,0,1,United-States,26-35,0,0,0,0,train,0,False,False,False,False,True,0
1,150125,2,Other-service,0,0,0,1,United-States,26-35,0,0,0,0,train,0,False,False,True,False,False,0
1,200187,2,Other-service,0,0,0,1,United-States,36-45,0,0,0,0,train,0,False,False,False,False,True,0
1,141229,2,Other-service,0,0,0,1,United-States,26-35,0,0,0,0,train,0,False,False,False,False,True,0
1,174662,2,Prof-specialty,0,0,0,1,United-States,36-45,0,0,0,0,train,0,False,False,False,False,True,0
1,150042,2,Prof-specialty,0,0,0,1,United-States,36-45,0,0,0,0,train,1,False,False,False,False,True,0
1,205607,2,Prof-specialty,0,0,0,1,United-States,36-45,0,0,0,1,train,0,False,False,True,False,False,0
1,204116,2,Prof-specialty,0,2174,0,1,United-States,36-45,2174,1,0,0,train,0,False,False,False,False,True,0
1,164427,2,Prof-specialty,0,0,0,1,United-States,36-45,0,0,0,0,train,0,False,False,False,False,True,0
1,341204,2,Prof-specialty,0,8614,0,1,United-States,36-45,8614,1,0,1,train,0,False,False,False,False,True,0
1,180572,2,Prof-specialty,0,0,0,1,United-States,36-45,0,0,0,1,train,0,False,False,False,False,True,0
1,173728,2,Prof-specialty,0,0,0,1,United-States,36-45,0,0,0,0,train,0,False,False,False,False,True,0
1,182254,2,Prof-specialty,0,0,0,1,United-States,36-45,0,0,0,0,train,0,False,False,False,False,True,0
1,158926,2,Prof-specialty,0,0,0,1,Philippines,36-45,0,0,0,1,train,0,False,True,False,False,False,0
1,339671,2,Prof-specialty,0,8614,0,1,United-States,36-45,8614,1,0,1,train,0,False,False,False,False,True,0
1,179352,2,Prof-specialty,0,0,0,1,United-States,36-45,0,0,0,0,train,0,False,False,False,False,True,0
1,222900,2,Prof-specialty,0,0,0,1,United-States,26-35,0,0,0,1,train,0,False,False,False,False,True,0
1,160815,2,Prof-specialty,0,0,0,1,United-States,36-45,0,0,0,0,train,0,False,False,False,False,True,0
1,269329,2,Prof-specialty,0,8614,0,1,United-States,36-45,8614,1,0,1,train,0,False,False,False,False,True,0
1,142756,2,Prof-specialty,0,0,0,1,United-States,36-45,0,0,0,0,train,0,False,False,False,False,True,0
1,224474,2,Prof-specialty,0,4934,0,1,United-States,36-45,4934,1,0,1,train,0,False,False,False,False,True,0
1,255098,2,Prof-specialty,0,0,0,1,United-States,26-35,0,0,0,0,train,0,False,False,False,False,True,0
1,245529,2,Prof-specialty,0,0,0,1,United-States,36-45,0,0,0,0,train,0,False,False,False,False,True,0
1,263982,2,Prof-specialty,0,0,0,1,United-States,36-45,0,0,0,0,train,0,False,False,False,False,True,0
1,189890,2,Prof-specialty,0,5455,0,1,United-States,36-45,5455,1,0,0,train,0,False,False,False,False,True,0
1,162108,2,Prof-specialty,0,0,0,1,United-States,36-45,0,0,0,0,train,0,False,False,False,False,True,0
1,108945,2,Prof-specialty,0,0,0,1,United-States,36-45,0,0,0,0,train,0,False,False,False,False,True,0
1,640383,2,Prof-specialty,0,0,0,1,United-States,26-35,0,0,0,0,train,0,False,False,False,False,True,0
1,191841,2,Prof-specialty,0,0,0,1,United-States,36-45,0,0,0,0,train,0,False,False,False,False,True,0
1,131776,2,Prof-specialty,0,914,0,1,Germany,26-35,914,1,0,0,train,0,False,False,False,False,True,0
1,106705,2,Prof-specialty,0,1506,0,1,United-States,46-55,1506,1,0,0,train,0,False,False,False,False,True,0
1,191524,2,Prof-specialty,0,0,0,1,United-States,36-45,0,0,0,0,train,1,False,False,False,False,True,0
1,341539,2,Prof-specialty,0,0,0,1,United-States,36-45,0,0,0,0,train,0,False,False,False,False,True,0
1,118600,2,Prof-specialty,0,0,625,1,United-States,36-45,-625,0,1,0,train,0,False,False,False,False,True,0
1,108945,2,Prof-specialty,0,0,0,1,United-States,36-45,0,0,0,0,train,0,False,False,False,False,True,0
1,88904,2,Prof-specialty,0,0,0,1,United-States,36-45,0,0,0,0,train,0,False,False,True,False,False,0
1,154430,2,Prof-specialty,0,10520,0,1,United-States,36-45,10520,1,0,1,train,0,False,False,False,False,True,0
1,175413,2,Sales,0,0,0,1,United-States,26-35,0,0,0,0,train,0,False,False,True,False,False,0
1,108699,2,Sales,0,0,0,1,United-States,46-55,0,0,0,0,train,0,False,False,False,False,True,0
1,28738,2,Sales,0,0,0,1,United-States,36-45,0,0,0,0,train,0,False,False,False,False,True,0
1,86220,2,Sales,0,0,0,1,United-States,46-55,0,0,0,0,train,0,False,False,False,False,True,0
1,37028,2,Sales,0,0,0,1,United-States,36-45,0,0,0,0,train,0,False,False,False,False,True,0
1,36425,2,Sales,0,0,0,1,United-States,36-45,0,0,0,0,train,0,False,False,False,False,True,0
1,169638,2,Sales,0,0,0,1,United-States,26-35,0,0,0,0,train,0,False,False,False,False,True,0
1,336763,2,Sales,0,0,880,1,United-States,36-45,-880,0,1,0,train,0,False,False,False,False,True,0
1,82488,2,Sales,0,0,0,1,United-States,36-45,0,0,0,0,train,0,False,True,False,False,False,0
1,410867,1,Prof-specialty,0,0,0,1,United-States,36-45,0,0,0,1,train,0,False,False,False,False,True,1
1,23646,1,Prof-specialty,0,0,0,1,United-States,36-45,0,0,0,0,train,0,False,False,False,False,True,1
1,220066,1,Prof-specialty,0,0,0,1,United-States,26-35,0,0,0,0,train,0,False,False,False,False,True,1
1,178134,1,Prof-specialty,0,0,0,1,United-States,36-45,0,0,0,1,train,0,False,False,False,False,True,1
1,91949,1,Prof-specialty,0,0,0,1,United-States,36-45,0,0,0,0,train,0,False,False,True,False,False,1
1,292175,2,Exec-managerial,0,0,0,1,United-States,36-45,0,0,0,1,train,0,False,False,False,False,True,1
1,128354,2,Exec-managerial,0,0,0,1,United-States,36-45,0,0,0,0,train,0,False,False,False,False,True,1
1,78374,2,Exec-managerial,0,0,0,1,United-States,36-45,0,0,0,0,train,0,False,True,False,False,False,1
1,133938,2,Exec-managerial,0,27828,0,1,United-States,46-55,27828,1,0,1,train,0,False,False,False,False,True,1
1,270842,2,Exec-managerial,0,0,0,1,United-States,36-45,0,0,0,1,train,0,False,False,False,False,True,1
1,262409,2,Exec-managerial,0,0,213,1,United-States,36-45,-213,0,1,0,train,0,False,False,False,False,True,1
1,141327,2,Prof-specialty,0,0,0,1,United-States,36-45,0,0,0,0,train,0,False,False,False,False,True,1
1,219553,2,Prof-specialty,0,0,0,1,United-States,36-45,0,0,0,0,train,0,False,False,False,False,True,1
1,339681,2,Prof-specialty,0,1506,0,1,United-States,36-45,1506,1,0,0,train,0,False,False,False,False,True,1
1,135776,2,Prof-specialty,0,0,0,1,United-States,36-45,0,0,0,0,train,0,False,False,False,False,True,1
1,215382,2,Prof-specialty,0,4787,0,1,United-States,26-35,4787,1,0,1,train,0,False,False,False,False,True,1
1,57600,2,Prof-specialty,0,0,0,1,United-States,36-45,0,0,0,0,train,0,False,False,False,False,True,1
1,229364,2,Prof-specialty,0,0,0,1,United-States,36-45,0,0,0,0,train,0,False,False,False,False,True,1
1,132563,2,Prof-specialty,0,0,1726,1,United-States,36-45,-1726,0,1,0,train,0,False,False,True,False,False,1
1,132551,2,Prof-specialty,0,0,0,1,United-States,36-45,0,0,0,0,train,0,False,False,False,False,True,1
1,106169,2,Prof-specialty,0,0,0,1,United-States,26-35,0,0,0,0,train,0,False,False,False,False,True,1
1,44121,2,Prof-specialty,0,0,1876,1,United-States,36-45,-1876,0,1,0,train,0,False,False,False,False,True,1
1,111949,0,Adm-clerical,0,0,0,1,United-States,36-45,0,0,0,0,train,1,False,False,False,False,True,2
1,167381,0,Adm-clerical,0,0,0,1,United-States,46-55,0,0,0,1,train,1,False,False,False,False,True,2
1,190040,0,Adm-clerical,0,0,0,1,United-States,26-35,0,0,0,0,train,1,False,False,False,False,True,2
1,243190,0,Adm-clerical,0,7688,0,1,United-States,46-55,7688,1,0,1,train,1,False,False,False,False,True,2
1,262439,0,Adm-clerical,0,0,0,1,United-States,26-35,0,0,0,1,train,1,False,False,False,False,True,2
1,378251,0,Adm-clerical,0,0,0,1,United-States,36-45,0,0,0,0,train,1,False,False,False,False,True,2
1,117502,0,Adm-clerical,0,0,0,1,United-States,46-55,0,0,0,0,train,1,False,False,False,False,True,2
1,178983,0,Adm-clerical,0,0,0,1,United-States,36-45,0,0,0,0,train,1,False,False,False,False,True,2
1,196001,0,Other-service,0,0,0,0,United-States,36-45,0,0,0,0,train,1,False,False,False,False,True,2
1,348022,0,Other-service,0,0,0,0,United-States,36-45,0,0,0,0,train,1,False,False,False,False,True,2
1,148903,0,Other-service,0,0,0,0,United-States,26-35,0,0,0,1,train,1,False,False,False,False,True,2
1,288585,0,Other-service,0,0,0,0,South,36-45,0,0,0,0,train,1,False,True,False,False,False,2
1,34173,0,Other-service,0,0,0,0,United-States,36-45,0,0,0,0,train,1,False,False,False,False,True,2
1,51618,0,Other-service,0,0,0,1,United-States,46-55,0,0,0,0,train,1,False,False,False,False,True,2
1,220098,0,Other-service,0,0,0,1,United-States,26-35,0,0,0,1,train,1,False,False,False,False,True,2
1,297847,0,Other-service,0,3411,0,1,United-States,36-45,3411,1,0,0,train,1,False,False,True,False,False,2
1,98881,0,Other-service,0,0,0,1,United-States,36-45,0,0,0,0,train,1,False,False,False,False,True,2
1,145178,0,Other-service,0,0,0,1,Jamaica,36-45,0,0,0,1,train,1,False,False,True,False,False,2
1,250121,0,Other-service,0,0,0,1,United-States,36-45,0,0,0,0,train,1,False,False,False,False,True,2
1,234885,0,Sales,0,0,0,1,United-States,36-45,0,0,0,1,train,1,False,False,False,False,True,2
1,111502,0,Sales,0,0,0,1,United-States,36-45,0,0,0,0,train,1,False,False,False,False,True,2
1,209344,0,Sales,0,0,0,1,Cuba,36-45,0,0,0,0,train,1,False,False,False,False,True,2
1,177543,0,Sales,0,0,0,1,United-States,36-45,0,0,0,0,train,1,False,False,False,False,True,2
1,343403,0,Sales,0,0,0,1,United-States,36-45,0,0,0,0,train,1,False,False,False,False,True,2
1,103459,0,Sales,0,0,0,1,United-States,36-45,0,0,0,1,train,1,False,False,False,False,True,2
1,142828,0,Sales,0,0,0,1,United-States,46-55,0,0,0,1,train,1,False,False,False,False,True,2
1,198183,1,Adm-clerical,0,0,0,1,United-States,26-35,0,0,0,0,train,0,False,False,False,False,True,2
1,166545,1,Adm-clerical,0,0,0,1,United-States,26-35,0,0,0,0,train,1,False,False,False,False,True,2
1,260696,1,Adm-clerical,0,0,0,1,United-States,36-45,0,0,0,0,train,0,False,False,False,False,True,2
1,218542,1,Adm-clerical,0,0,0,1,United-States,36-45,0,0,0,0,train,0,False,False,True,False,False,2
1,92682,1,Adm-clerical,0,4865,0,1,United-States,26-35,4865,1,0,0,train,0,False,False,False,False,True,2
1,185410,1,Adm-clerical,0,0,0,1,United-States,26-35,0,0,0,0,train,0,False,False,False,False,True,2
1,192712,1,Adm-clerical,0,0,0,1,United-States,36-45,0,0,0,0,train,1,False,False,False,False,True,2
1,254221,1,Adm-clerical,0,0,0,1,United-States,26-35,0,0,0,0,train,0,False,False,False,False,True,2
1,175413,1,Adm-clerical,0,0,0,1,Jamaica,26-35,0,0,0,0,train,1,False,False,True,False,False,2
1,235109,1,Adm-clerical,0,0,0,1,United-States,26-35,0,0,0,0,train,0,False,False,False,False,True,2
1,117983,1,Adm-clerical,0,0,0,1,United-States,26-35,0,0,0,0,train,0,False,False,False,False,True,2
1,102864,1,Machine-op-inspct,0,0,0,1,United-States,36-45,0,0,0,0,train,1,False,False,False,False,True,2
1,224910,1,Machine-op-inspct,0,0,0,1,United-States,36-45,0,0,0,0,train,0,False,False,False,False,True,2
1,221324,1,Machine-op-inspct,0,0,0,1,United-States,26-35,0,0,0,0,train,0,False,False,True,False,False,2
1,216116,1,Machine-op-inspct,0,0,0,1,Haiti,36-45,0,0,0,0,train,0,False,False,True,False,False,2
1,125194,1,Machine-op-inspct,0,0,0,1,United-States,36-45,0,0,0,0,train,0,False,False,True,False,False,2
1,54507,1,Machine-op-inspct,0,0,0,1,United-States,36-45,0,0,0,0,train,0,False,False,False,False,True,2
1,88265,1,Machine-op-inspct,0,0,0,1,United-States,36-45,0,0,0,0,train,1,False,False,False,False,True,2
1,183916,1,Other-service,0,0,0,1,United-States,26-35,0,0,0,0,train,0,False,False,False,False,True,2
1,196164,1,Other-service,0,0,0,1,United-States,26-35,0,0,0,0,train,0,False,False,False,False,True,2
1,347934,1,Other-service,0,0,0,1,United-States,36-45,0,0,0,0,train,0,False,False,False,False,True,2
1,206365,1,Other-service,0,0,0,1,United-States,26-35,0,0,0,0,train,0,False,False,True,False,False,2
1,70240,1,Other-service,0,0,0,1,Philippines,36-45,0,0,0,0,train,1,False,True,False,False,False,2
1,39581,1,Other-service,0,0,0,1,United-States,36-45,0,0,0,0,train,0,False,False,True,False,False,2
1,27669,1,Other-service,0,0,0,1,United-States,46-55,0,0,0,0,train,0,False,False,False,False,True,2
1,47707,1,Other-service,0,0,0,1,United-States,26-35,0,0,0,0,train,0,False,False,True,False,False,2
1,216129,1,Other-service,0,0,0,1,Trinadad&Tobago,26-35,0,0,0,0,train,0,False,False,True,False,False,2
1,235124,1,Other-service,0,0,0,1,United-States,26-35,0,0,0,0,train,0,False,False,True,False,False,2
1,170651,1,Other-service,0,1055,0,1,United-States,26-35,1055,1,0,0,train,1,False,False,False,False,True,2
1,267776,1,Other-service,0,0,0,1,United-States,26-35,0,0,0,0,train,1,False,False,False,False,True,2
1,130571,1,Other-service,0,0,0,1,United-States,36-45,0,0,0,0,train,0,False,False,False,False,True,2
1,354591,1,Other-service,0,114,0,1,United-States,36-45,114,1,0,0,train,0,False,False,True,False,False,2
1,81853,1,Sales,0,0,0,1,United-States,36-45,0,0,0,0,train,0,False,True,False,False,False,2
1,129573,1,Sales,0,0,0,1,United-States,36-45,0,0,0,0,train,0,False,False,True,False,False,2
1,154194,1,Sales,0,0,0,1,United-States,36-45,0,0,0,0,train,1,False,False,False,False,True,2
1,182416,1,Sales,0,0,0,1,United-States,36-45,0,0,0,0,train,0,False,False,True,False,False,2
1,137900,1,Sales,0,0,0,1,United-States,26-35,0,0,0,0,train,0,False,False,False,False,True,2
1,189838,1,Sales,0,0,0,1,United-States,26-35,0,0,0,0,train,0,False,False,False,False,True,2
1,48211,2,Adm-clerical,0,0,0,1,United-States,36-45,0,0,0,0,train,0,False,False,False,False,True,2
1,173321,2,Adm-clerical,0,0,0,1,United-States,36-45,0,0,0,0,train,0,False,False,False,False,True,2
1,45857,2,Adm-clerical,0,0,0,1,United-States,36-45,0,0,0,0,train,0,False,False,False,False,True,2
1,343121,2,Adm-clerical,0,0,0,1,United-States,36-45,0,0,0,0,train,0,False,False,False,False,True,2
1,167999,2,Adm-clerical,0,0,0,1,United-States,26-35,0,0,0,0,train,0,False,False,False,False,True,2
1,178506,2,Adm-clerical,0,0,0,1,United-States,26-35,0,0,0,0,train,0,False,False,True,False,False,2
1,99179,2,Adm-clerical,0,0,0,1,United-States,36-45,0,0,0,0,train,0,False,False,False,False,True,2
1,349689,2,Adm-clerical,0,0,0,1,United-States,36-45,0,0,0,0,train,0,False,False,False,False,True,2
1,118909,2,Adm-clerical,0,0,0,1,United-States,36-45,0,0,0,0,train,0,False,False,True,False,False,2
1,128884,2,Adm-clerical,0,0,0,1,United-States,36-45,0,0,0,0,train,0,False,False,False,False,True,2
1,120426,2,Adm-clerical,0,0,0,1,United-States,26-35,0,0,0,0,train,0,False,False,False,False,True,2
1,26987,2,Adm-clerical,0,0,0,1,United-States,26-35,0,0,0,0,train,0,False,False,False,False,True,2
1,262042,2,Adm-clerical,0,0,1138,1,United-States,26-35,-1138,0,1,0,train,1,False,False,False,False,True,2
1,96055,2,Adm-clerical,0,0,0,1,United-States,36-45,0,0,0,0,train,0,False,False,False,False,True,2
1,307638,2,Adm-clerical,0,0,0,1,United-States,36-45,0,0,0,0,train,1,False,False,False,False,True,2
1,334314,2,Adm-clerical,0,0,0,1,United-States,36-45,0,0,0,0,train,0,False,False,False,False,True,2
1,175130,2,Adm-clerical,0,0,0,1,United-States,36-45,0,0,0,0,train,0,False,False,False,False,True,2
1,172718,2,Adm-clerical,0,0,0,1,United-States,36-45,0,0,0,0,train,0,False,False,False,False,True,2
1,19847,2,Adm-clerical,0,0,0,1,United-States,26-35,0,0,0,0,train,0,False,False,False,False,True,2
1,89559,2,Adm-clerical,0,0,0,1,United-States,36-45,0,0,0,0,train,0,False,False,False,False,True,2
1,404599,2,Adm-clerical,0,0,0,1,United-States,36-45,0,0,0,0,train,0,False,False,True,False,False,2
1,278253,2,Adm-clerical,0,0,0,1,United-States,36-45,0,0,0,0,train,0,False,False,False,False,True,2
1,103218,2,Adm-clerical,0,0,0,1,United-States,36-45,0,0,0,0,train,0,False,False,True,False,False,2
1,264936,2,Adm-clerical,0,0,0,1,United-States,26-35,0,0,0,0,train,1,False,False,False,False,True,2
1,274809,2,Adm-clerical,0,0,0,1,United-States,36-45,0,0,0,0,train,0,False,False,False,False,True,2
1,421449,2,Adm-clerical,0,0,0,1,United-States,36-45,0,0,0,0,train,0,False,False,False,False,True,2
1,340718,2,Adm-clerical,0,0,0,1,United-States,46-55,0,0,0,0,train,0,False,False,False,False,True,2
1,290521,2,Exec-managerial,0,0,0,1,United-States,36-45,0,0,0,0,train,0,False,False,True,False,False,2
1,136721,2,Exec-managerial,0,0,0,1,United-States,26-35,0,0,0,0,train,0,False,False,False,False,True,2
1,526968,2,Exec-managerial,0,0,0,1,United-States,36-45,0,0,0,0,train,0,False,False,False,False,True,2
1,194630,2,Exec-managerial,0,0,0,1,United-States,36-45,0,0,0,0,train,0,False,False,False,False,True,2
1,83446,2,Exec-managerial,0,0,0,1,United-States,26-35,0,0,0,1,train,0,False,False,False,False,True,2
1,220589,2,Exec-managerial,0,0,0,1,United-States,36-45,0,0,0,0,train,0,False,False,False,False,True,2
1,75995,2,Exec-managerial,0,0,0,1,United-States,36-45,0,0,0,0,train,0,False,False,False,False,True,2
1,95551,2,Exec-managerial,0,0,0,1,United-States,26-35,0,0,0,0,train,0,False,False,False,False,True,2
1,191149,2,Exec-managerial,0,0,0,1,United-States,36-45,0,0,0,0,train,0,False,False,False,False,True,2
1,114973,2,Exec-managerial,0,0,0,1,United-States,26-35,0,0,0,0,train,0,False,False,False,False,True,2
1,246829,2,Exec-managerial,0,0,0,1,United-States,26-35,0,0,0,0,train,0,False,False,False,False,True,2
1,109339,2,Machine-op-inspct,0,0,0,1,Puerto-Rico,36-45,0,0,0,0,train,0,False,False,False,True,False,2
1,171550,2,Machine-op-inspct,0,0,0,1,United-States,46-55,0,0,0,0,train,0,False,False,False,False,True,2
1,169240,2,Machine-op-inspct,0,0,0,1,United-States,26-35,0,0,0,0,train,0,False,False,False,False,True,2
1,291251,2,Machine-op-inspct,0,0,0,1,United-States,36-45,0,0,0,0,train,0,False,False,False,False,True,2
1,176069,2,Machine-op-inspct,0,0,0,1,United-States,36-45,0,0,0,0,train,0,False,False,False,False,True,2
1,355571,2,Machine-op-inspct,0,0,0,1,United-States,26-35,0,0,0,0,train,0,False,False,True,False,False,2
1,218188,2,Machine-op-inspct,0,0,0,1,United-States,36-45,0,0,0,0,train,1,False,False,False,False,True,2
1,144322,2,Machine-op-inspct,0,0,0,1,United-States,26-35,0,0,0,0,train,0,False,False,False,False,True,2
1,637222,2,Machine-op-inspct,0,0,0,1,United-States,26-35,0,0,0,0,train,0,False,False,True,False,False,2
1,273308,2,Machine-op-inspct,0,0,0,1,Mexico,36-45,0,0,0,0,train,0,False,False,False,False,True,2
1,172579,2,Other-service,0,0,0,1,United-States,26-35,0,0,0,0,train,0,False,False,False,False,True,2
1,91996,2,Other-service,0,0,0,1,United-States,36-45,0,0,0,0,train,0,False,False,False,False,True,2
1,27053,2,Other-service,0,0,0,1,United-States,36-45,0,0,0,0,train,0,False,False,False,False,True,2
1,433665,2,Other-service,0,0,0,1,Mexico,36-45,0,0,0,0,train,0,False,False,False,False,True,2
1,283268,2,Other-service,0,0,0,1,United-States,26-35,0,0,0,0,train,0,False,False,False,False,True,2
1,33274,2,Other-service,0,0,0,1,United-States,36-45,0,0,0,0,train,0,False,False,False,False,True,2
1,83727,2,Other-service,0,0,0,1,United-States,36-45,0,0,0,0,train,0,False,False,False,False,True,2
1,141459,2,Other-service,0,0,0,1,United-States,36-45,0,0,0,0,train,1,False,False,True,False,False,2
1,174491,2,Other-service,0,0,0,1,United-States,36-45,0,0,0,0,train,0,False,False,True,False,False,2
1,31221,2,Other-service,0,0,0,1,United-States,36-45,0,0,0,0,train,0,False,False,False,False,True,2
1,174515,2,Other-service,0,0,0,1,United-States,36-45,0,0,0,0,train,1,False,False,False,False,True,2
1,179875,2,Other-service,0,0,0,1,United-States,36-45,0,0,0,0,train,0,False,False,False,True,False,2
1,181015,2,Other-service,0,0,0,1,United-States,36-45,0,0,0,0,train,0,False,False,False,False,True,2
1,243425,2,Other-service,0,0,0,1,Peru,36-45,0,0,0,0,train,1,False,False,False,False,True,2
1,153963,2,Other-service,0,0,0,1,United-States,26-35,0,0,0,0,train,0,False,False,False,False,True,2
1,332588,2,Other-service,0,0,0,1,United-States,26-35,0,0,0,0,train,0,False,False,False,False,True,2
1,181934,2,Prof-specialty,0,0,0,1,United-States,26-35,0,0,0,0,train,0,False,False,False,False,True,2
1,163003,2,Prof-specialty,0,0,0,1,China,26-35,0,0,0,0,train,0,False,True,False,False,False,2
1,51795,2,Prof-specialty,0,0,0,1,United-States,36-45,0,0,0,0,train,0,False,False,True,False,False,2
1,71701,2,Prof-specialty,0,0,0,1,United-States,36-45,0,0,0,0,train,0,False,False,False,False,True,2
1,158784,2,Prof-specialty,0,0,0,1,United-States,26-35,0,0,0,0,train,0,False,False,False,False,True,2
1,90692,2,Prof-specialty,0,0,0,1,United-States,36-45,0,0,0,0,train,0,False,True,False,False,False,2
1,199244,2,Prof-specialty,0,0,0,1,United-States,26-35,0,0,0,0,train,0,False,False,False,False,True,2
1,282622,2,Prof-specialty,0,0,0,1,United-States,26-35,0,0,0,0,train,0,False,False,False,False,True,2
1,201217,2,Prof-specialty,0,0,0,1,United-States,46-55,0,0,0,0,train,0,False,False,False,False,True,2
1,240027,2,Prof-specialty,0,0,0,1,United-States,36-45,0,0,0,0,train,0,False,False,True,False,False,2
1,215943,2,Prof-specialty,0,0,0,1,United-States,46-55,0,0,0,0,train,0,False,False,False,False,True,2
1,130408,2,Sales,0,0,0,1,United-States,36-45,0,0,0,0,train,0,False,False,True,False,False,2
1,481060,2,Sales,0,0,0,1,United-States,36-45,0,0,0,0,train,0,False,False,False,False,True,2
1,209370,2,Sales,0,0,0,1,United-States,36-45,0,0,0,0,train,0,False,False,False,False,True,2
1,173938,2,Sales,0,0,0,1,United-States,36-45,0,0,0,0,train,1,False,False,False,False,True,2
1,102332,2,Sales,0,0,0,1,United-States,36-45,0,0,0,0,train,0,False,False,True,False,False,2
1,158685,2,Sales,0,0,0,1,United-States,36-45,0,0,0,0,train,0,False,False,False,False,True,2
1,62793,2,Sales,0,0,0,1,United-States,46-55,0,0,0,0,train,1,False,False,False,False,True,2
1,101387,2,Sales,0,0,0,1,United-States,26-35,0,0,0,0,train,0,False,False,False,False,True,2
1,189763,2,Sales,0,0,0,1,United-States,46-55,0,0,0,0,train,0,False,False,False,False,True,2
1,291192,2,Sales,0,0,0,1,United-States,36-45,0,0,0,0,train,0,False,False,False,False,True,2
1,74163,2,Sales,0,0,0,1,United-States,36-45,0,0,0,0,train,0,False,False,False,False,True,2
1,169926,2,Sales,0,0,0,1,United-States,36-45,0,0,0,0,train,0,False,False,False,False,True,2
1,32214,0,Adm-clerical,1,0,0,1,United-States,36-45,0,0,0,0,train,1,False,False,False,False,True,0
1,29054,0,Adm-clerical,1,0,0,1,United-States,36-45,0,0,0,1,train,1,False,False,False,False,True,0
1,193815,0,Adm-clerical,1,0,0,1,United-States,26-35,0,0,0,1,train,1,False,False,False,False,True,0
1,226267,0,Adm-clerical,1,0,0,1,Mexico,26-35,0,0,0,0,train,1,False,False,False,False,True,0
1,270335,0,Adm-clerical,1,0,0,1,Philippines,26-35,0,0,0,1,train,1,False,False,False,False,True,0
1,387430,0,Adm-clerical,1,0,0,1,United-States,36-45,0,0,0,0,train,1,False,False,False,False,True,0
1,436006,0,Adm-clerical,1,0,0,1,United-States,36-45,0,0,0,0,train,1,False,False,True,False,False,0
1,180342,0,Adm-clerical,1,0,0,1,United-States,36-45,0,0,0,0,train,1,False,False,False,False,True,0
1,345969,0,Adm-clerical,1,0,0,1,United-States,36-45,0,0,0,1,train,1,False,False,False,False,True,0
1,206139,0,Adm-clerical,1,0,0,1,United-States,36-45,0,0,0,1,train,1,False,False,False,False,True,0
1,338105,0,Adm-clerical,1,0,0,1,Philippines,36-45,0,0,0,0,train,1,False,True,False,False,False,0
1,239539,0,Adm-clerical,1,0,0,1,Philippines,36-45,0,0,0,1,train,1,False,True,False,False,False,0
1,241962,0,Adm-clerical,1,0,0,1,United-States,36-45,0,0,0,0,train,1,False,False,False,False,True,0
1,193036,0,Adm-clerical,1,0,0,1,United-States,26-35,0,0,0,1,train,1,False,False,True,False,False,0
1,79580,0,Adm-clerical,1,0,0,1,United-States,26-35,0,0,0,0,train,1,False,False,True,False,False,0
1,184378,0,Adm-clerical,1,0,0,1,United-States,36-45,0,0,0,0,train,1,False,False,False,False,True,0
1,352248,0,Adm-clerical,1,0,0,1,United-States,36-45,0,0,0,0,train,1,False,False,False,False,True,0
1,150528,0,Adm-clerical,1,0,0,1,United-States,36-45,0,0,0,0,train,1,False,False,False,False,True,0
1,199806,0,Adm-clerical,1,0,0,1,United-States,36-45,0,0,0,1,train,1,False,False,False,False,True,0
1,121772,0,Craft-repair,1,0,0,1,United-States,36-45,0,0,0,1,train,1,False,True,False,False,False,0
1,101603,0,Craft-repair,1,0,0,1,United-States,36-45,0,0,0,0,train,1,False,False,False,False,True,0
1,523910,0,Craft-repair,1,0,0,1,United-States,36-45,0,0,0,0,train,1,False,False,True,False,False,0
1,170924,0,Craft-repair,1,7298,0,1,United-States,36-45,7298,1,0,1,train,1,False,False,False,False,True,0
1,97688,0,Craft-repair,1,5178,0,1,United-States,36-45,5178,1,0,1,train,1,False,False,False,False,True,0
1,50356,0,Craft-repair,1,0,1485,1,United-States,36-45,-1485,0,1,0,train,1,False,False,False,False,True,0
1,296478,0,Craft-repair,1,7298,0,1,United-States,36-45,7298,1,0,1,train,1,False,False,False,False,True,0
1,111746,0,Craft-repair,1,0,0,1,Portugal,26-35,0,0,0,0,train,1,False,False,False,False,True,0
1,22463,0,Craft-repair,1,0,1977,1,United-States,36-45,-1977,0,1,1,train,1,False,False,False,False,True,0
1,161141,0,Craft-repair,1,0,0,1,Portugal,36-45,0,0,0,1,train,1,False,False,False,False,True,0
1,234901,0,Craft-repair,1,2407,0,1,United-States,26-35,2407,1,0,0,train,1,False,False,False,False,True,0
1,146908,0,Craft-repair,1,0,0,1,United-States,36-45,0,0,0,0,train,1,False,False,False,False,True,0
1,135162,0,Craft-repair,1,0,0,1,United-States,26-35,0,0,0,0,train,1,False,False,False,False,True,0
1,138192,0,Craft-repair,1,0,0,1,United-States,36-45,0,0,0,0,train,1,False,False,False,False,True,0
1,118212,0,Craft-repair,1,3103,0,1,United-States,36-45,3103,1,0,1,train,1,False,False,False,False,True,0
1,51100,0,Craft-repair,1,0,0,1,United-States,36-45,0,0,0,0,train,1,False,False,False,False,True,0
1,193459,0,Craft-repair,1,3411,0,1,United-States,36-45,3411,1,0,0,train,1,False,False,False,False,True,0
1,221196,0,Craft-repair,1,0,0,1,United-States,26-35,0,0,0,0,train,1,False,False,True,False,False,0
1,199765,0,Craft-repair,1,7688,0,1,United-States,26-35,7688,1,0,1,train,1,False,False,False,False,True,0
1,191161,0,Craft-repair,1,0,0,1,United-States,36-45,0,0,0,0,train,1,False,False,False,False,True,0
1,67728,0,Craft-repair,1,0,2051,1,United-States,26-35,-2051,0,1,0,train,1,False,False,False,False,True,0
1,123253,0,Craft-repair,1,0,0,1,United-States,26-35,0,0,0,0,train,1,False,False,False,False,True,0
1,122381,0,Craft-repair,1,0,1887,1,United-States,36-45,-1887,0,1,1,train,1,False,False,False,False,True,0
1,149640,0,Craft-repair,1,0,0,1,United-States,36-45,0,0,0,0,train,1,False,False,False,False,True,0
1,160574,0,Craft-repair,1,0,0,1,United-States,36-45,0,0,0,0,train,1,False,False,False,False,True,0
1,216907,0,Craft-repair,1,0,1848,1,United-States,36-45,-1848,0,1,1,train,1,False,False,False,False,True,0
1,103395,0,Craft-repair,1,0,0,1,United-States,36-45,0,0,0,1,train,1,False,False,False,False,True,0
1,179271,0,Craft-repair,1,0,0,1,United-States,36-45,0,0,0,1,train,1,False,False,False,False,True,0
1,229732,0,Craft-repair,1,0,0,1,United-States,26-35,0,0,0,0,train,1,False,False,False,False,True,0
1,241350,0,Craft-repair,1,0,0,1,United-States,36-45,0,0,0,1,train,1,False,False,False,False,True,0
1,37869,0,Craft-repair,1,0,0,1,United-States,36-45,0,0,0,0,train,1,False,False,False,False,True,0
1,107787,0,Craft-repair,1,0,0,1,Canada,36-45,0,0,0,0,train,1,False,False,False,False,True,0
1,183892,0,Craft-repair,1,7298,0,1,United-States,36-45,7298,1,0,1,train,1,False,False,False,False,True,0
1,111746,0,Craft-repair,1,0,0,1,United-States,26-35,0,0,0,0,train,1,False,False,False,False,True,0
1,31069,0,Craft-repair,1,4386,0,1,United-States,36-45,4386,1,0,1,train,1,False,False,False,False,True,0
1,174597,0,Craft-repair,1,0,0,1,United-States,26-35,0,0,0,0,train,1,False,False,False,False,True,0
1,133169,0,Craft-repair,1,0,0,1,United-States,46-55,0,0,0,0,train,1,False,False,False,False,True,0
1,238162,0,Craft-repair,1,0,0,1,United-States,46-55,0,0,0,1,train,1,False,False,False,False,True,0
1,235786,0,Craft-repair,1,0,0,1,United-States,36-45,0,0,0,1,train,1,False,False,False,False,True,0
1,138626,0,Craft-repair,1,0,0,1,United-States,46-55,0,0,0,0,train,1,False,False,False,False,True,0
1,113434,0,Craft-repair,1,0,0,1,United-States,46-55,0,0,0,0,train,1,False,False,False,False,True,0
1,55294,0,Craft-repair,1,0,0,1,United-States,36-45,0,0,0,0,train,1,False,False,False,False,True,0
1,159537,0,Craft-repair,1,0,0,1,United-States,26-35,0,0,0,0,train,1,False,False,False,False,True,0
1,409189,0,Craft-repair,1,0,0,1,United-States,36-45,0,0,0,0,train,1,False,False,False,False,True,0
1,57452,0,Craft-repair,1,0,0,1,United-States,46-55,0,0,0,1,train,1,False,False,False,False,True,0
1,327573,0,Craft-repair,1,0,0,1,United-States,36-45,0,0,0,0,train,1,False,False,False,False,True,0
1,174330,0,Craft-repair,1,0,0,1,United-States,36-45,0,0,0,0,train,1,False,False,False,False,True,0
1,207940,0,Craft-repair,1,0,0,1,United-States,46-55,0,0,0,1,train,1,False,False,True,False,False,0
1,113555,0,Craft-repair,1,7298,0,1,United-States,36-45,7298,1,0,1,train,1,True,False,False,False,False,0
1,203070,0,Craft-repair,1,0,0,1,United-States,36-45,0,0,0,0,train,1,False,False,False,False,True,0
1,334291,0,Craft-repair,1,0,0,1,United-States,26-35,0,0,0,0,train,1,False,False,False,False,True,0
1,310632,0,Craft-repair,1,0,0,1,United-States,36-45,0,0,0,1,train,1,False,False,True,False,False,0
1,184105,0,Craft-repair,1,0,0,1,United-States,36-45,0,0,0,1,train,1,False,False,False,False,True,0
1,190115,0,Craft-repair,1,0,0,1,United-States,46-55,0,0,0,1,train,1,False,False,False,False,True,0
1,120131,0,Craft-repair,1,0,1887,1,United-States,36-45,-1887,0,1,1,train,1,False,False,False,False,True,0
1,34377,0,Craft-repair,1,0,0,1,United-States,46-55,0,0,0,1,train,1,False,False,False,False,True,0
1,198003,0,Craft-repair,1,7298,0,1,United-States,26-35,7298,1,0,1,train,1,False,False,False,False,True,0
1,155659,0,Craft-repair,1,15024,0,1,United-States,46-55,15024,1,0,1,train,1,False,False,False,False,True,0
1,39369,0,Craft-repair,1,0,0,1,United-States,26-35,0,0,0,0,train,1,False,False,False,False,True,0
1,289653,0,Craft-repair,1,0,0,1,United-States,36-45,0,0,0,0,train,1,False,False,False,False,True,0
1,77764,0,Craft-repair,1,0,0,1,United-States,36-45,0,0,0,0,train,1,False,False,False,False,True,0
1,188808,0,Craft-repair,1,0,0,1,United-States,36-45,0,0,0,1,train,1,False,False,False,False,True,0
1,197332,0,Craft-repair,1,0,0,2,United-States,36-45,0,0,0,1,train,1,False,False,False,False,True,0
1,154374,0,Craft-repair,1,15024,0,2,United-States,36-45,15024,1,0,1,train,1,False,False,False,False,True,0
1,155781,0,Craft-repair,1,0,0,2,United-States,26-35,0,0,0,0,train,1,False,False,False,False,True,0
1,288273,0,Craft-repair,1,0,0,2,Mexico,26-35,0,0,0,0,train,1,False,False,False,False,True,0
1,193459,0,Craft-repair,1,0,0,2,United-States,36-45,0,0,0,0,train,1,False,False,False,False,True,0
1,233533,0,Craft-repair,1,0,0,2,United-States,36-45,0,0,0,1,train,1,False,False,False,False,True,0
1,194740,0,Craft-repair,1,0,0,2,Greece,26-35,0,0,0,0,train,1,False,False,False,False,True,0
1,168475,0,Craft-repair,1,0,0,2,United-States,26-35,0,0,0,1,train,1,False,False,False,False,True,0
1,183898,0,Craft-repair,1,7688,0,2,Germany,36-45,7688,1,0,1,train,1,False,False,False,False,True,0
1,291518,0,Craft-repair,1,15024,0,2,United-States,36-45,15024,1,0,1,train,1,False,False,False,False,True,0
1,181265,0,Craft-repair,1,0,0,2,United-States,36-45,0,0,0,0,train,1,False,False,False,False,True,0
1,153976,0,Craft-repair,1,0,0,2,United-States,36-45,0,0,0,1,train,1,False,False,False,False,True,0
1,221947,0,Craft-repair,1,0,0,2,United-States,36-45,0,0,0,1,train,1,False,False,False,False,True,0
1,209833,0,Craft-repair,1,0,0,2,United-States,36-45,0,0,0,0,train,1,False,False,False,False,True,0
1,159449,0,Exec-managerial,1,5178,0,1,United-States,36-45,5178,1,0,1,train,1,False,False,False,False,True,0
1,181344,0,Exec-managerial,1,0,0,1,United-States,36-45,0,0,0,1,train,1,False,False,True,False,False,0
1,180138,0,Exec-managerial,1,0,0,1,Iran,36-45,0,0,0,1,train,1,False,False,False,False,True,0
1,117963,0,Exec-managerial,1,0,0,1,United-States,26-35,0,0,0,1,train,1,False,False,False,False,True,0
1,111363,0,Exec-managerial,1,0,0,1,United-States,26-35,0,0,0,1,train,1,False,False,False,False,True,0
1,98101,0,Exec-managerial,1,7688,0,1,United-States,26-35,7688,1,0,1,train,1,False,False,False,False,True,0
1,364657,0,Exec-managerial,1,0,0,1,United-States,26-35,0,0,0,0,train,1,False,False,False,False,True,0
1,197583,0,Exec-managerial,1,0,0,1,United-States,36-45,0,0,0,1,train,1,False,False,True,False,False,0
1,112131,0,Exec-managerial,1,0,0,1,United-States,36-45,0,0,0,0,train,1,False,False,False,False,True,0
1,221172,0,Exec-managerial,1,0,0,1,United-States,36-45,0,0,0,1,train,1,False,False,False,False,True,0
1,205469,0,Exec-managerial,1,0,0,1,United-States,26-35,0,0,0,1,train,1,False,False,False,False,True,0
1,182556,0,Exec-managerial,1,0,0,1,United-States,26-35,0,0,0,1,train,1,False,False,False,False,True,0
1,217460,0,Exec-managerial,1,0,0,1,United-States,26-35,0,0,0,1,train,1,False,False,False,False,True,0
1,162140,0,Exec-managerial,1,7298,0,1,United-States,36-45,7298,1,0,1,train,1,False,False,False,False,True,0
1,130760,0,Exec-managerial,1,0,0,1,United-States,36-45,0,0,0,1,train,1,False,False,False,False,True,0
1,274363,0,Exec-managerial,1,0,1902,1,England,36-45,-1902,0,1,1,train,1,False,False,False,False,True,0
1,86551,0,Exec-managerial,1,0,0,1,United-States,36-45,0,0,0,1,train,1,False,False,False,False,True,0
1,48087,0,Exec-managerial,1,0,0,1,United-States,36-45,0,0,0,1,train,1,False,False,False,False,True,0
1,202027,0,Exec-managerial,1,15024,0,1,United-States,36-45,15024,1,0,1,train,1,False,False,False,False,True,0
1,123424,0,Exec-managerial,1,0,0,1,United-States,26-35,0,0,0,1,train,1,False,False,False,False,True,0
1,176286,0,Exec-managerial,1,0,0,1,United-States,36-45,0,0,0,1,train,1,False,False,False,False,True,0
1,329980,0,Exec-managerial,1,15024,0,1,United-States,36-45,15024,1,0,1,train,1,False,False,False,False,True,0
1,118619,0,Exec-managerial,1,0,0,1,United-States,36-45,0,0,0,0,train,1,False,False,True,False,False,0
1,50178,0,Exec-managerial,1,0,0,1,United-States,26-35,0,0,0,0,train,1,False,False,False,False,True,0
1,283037,0,Exec-managerial,1,0,0,1,United-States,36-45,0,0,0,0,train,1,False,False,False,False,True,0
1,34180,0,Exec-managerial,1,0,0,1,United-States,36-45,0,0,0,0,train,1,False,False,False,False,True,0
1,229466,0,Exec-managerial,1,0,0,1,United-States,36-45,0,0,0,1,train,1,False,False,False,False,True,0
1,122116,0,Exec-managerial,1,0,0,1,United-States,26-35,0,0,0,0,train,1,False,False,False,False,True,0
1,147206,0,Exec-managerial,1,0,0,1,United-States,36-45,0,0,0,0,train,1,False,False,False,False,True,0
1,110355,0,Exec-managerial,1,0,0,1,United-States,36-45,0,0,0,1,train,1,False,False,False,False,True,0
1,218995,0,Exec-managerial,1,0,0,1,United-States,36-45,0,0,0,1,train,1,False,False,False,False,True,0
1,238415,0,Exec-managerial,1,0,0,1,United-States,36-45,0,0,0,1,train,1,False,False,False,False,True,0
1,183898,0,Exec-managerial,1,7298,0,1,United-States,26-35,7298,1,0,1,train,1,False,False,False,False,True,0
1,483201,0,Exec-managerial,1,0,0,1,United-States,36-45,0,0,0,0,train,1,False,False,False,False,True,0
1,190511,0,Exec-managerial,1,0,0,1,United-States,26-35,0,0,0,1,train,1,False,False,False,False,True,0
1,35309,0,Exec-managerial,1,0,0,1,United-States,36-45,0,0,0,0,train,1,False,False,False,False,True,0
1,83893,0,Exec-managerial,1,0,0,1,United-States,36-45,0,0,0,1,train,1,False,False,False,False,True,0
1,157747,0,Exec-managerial,1,0,0,1,United-States,26-35,0,0,0,1,train,1,False,False,False,False,True,0
1,105444,0,Exec-managerial,1,0,0,1,United-States,46-55,0,0,0,1,train,1,False,False,False,False,True,0
1,242391,0,Exec-managerial,1,0,0,1,United-States,36-45,0,0,0,1,train,1,False,False,False,False,True,0
1,110562,0,Exec-managerial,1,0,0,1,United-States,36-45,0,0,0,0,train,1,False,False,False,False,True,0
1,77146,0,Exec-managerial,1,0,1887,1,United-States,36-45,-1887,0,1,1,train,1,False,False,False,False,True,0
1,82521,0,Exec-managerial,1,15024,0,1,United-States,36-45,15024,1,0,1,train,1,False,False,False,False,True,0
1,293791,0,Exec-managerial,1,0,0,1,United-States,36-45,0,0,0,1,train,1,False,False,False,False,True,0
1,168071,0,Exec-managerial,1,7298,0,1,United-States,36-45,7298,1,0,1,train,1,False,False,False,False,True,0
1,326104,0,Exec-managerial,1,0,0,1,United-States,26-35,0,0,0,1,train,1,False,False,False,False,True,0
1,102308,0,Exec-managerial,1,0,0,1,United-States,36-45,0,0,0,0,train,1,False,False,False,False,True,0
1,304906,0,Exec-managerial,1,0,0,1,United-States,36-45,0,0,0,1,train,1,False,False,False,False,True,0
1,236391,0,Exec-managerial,1,7688,0,1,United-States,36-45,7688,1,0,1,train,1,False,False,False,False,True,0
1,454508,0,Exec-managerial,1,0,0,1,United-States,26-35,0,0,0,0,train,1,False,False,False,False,True,0
1,401832,0,Exec-managerial,1,0,0,1,United-States,36-45,0,0,0,0,train,1,False,False,False,False,True,0
1,144064,0,Exec-managerial,1,0,0,1,United-States,26-35,0,0,0,0,train,1,False,False,False,False,True,0
1,183279,0,Exec-managerial,1,0,0,1,United-States,36-45,0,0,0,1,train,1,False,False,False,False,True,0
1,175485,0,Exec-managerial,1,0,0,1,United-States,36-45,0,0,0,0,train,1,False,False,False,False,True,0
1,245307,0,Exec-managerial,1,0,1977,1,United-States,36-45,-1977,0,1,1,train,1,False,False,False,False,True,0
1,198316,0,Exec-managerial,1,15024,0,1,United-States,36-45,15024,1,0,1,train,1,False,False,False,False,True,0
1,174373,0,Exec-managerial,1,0,0,1,United-States,36-45,0,0,0,1,train,1,False,False,False,False,True,0
1,242586,0,Exec-managerial,1,0,0,1,United-States,36-45,0,0,0,0,train,1,False,False,False,False,True,0
1,160472,0,Exec-managerial,1,0,1977,1,United-States,36-45,-1977,0,1,1,train,1,False,False,False,False,True,0
1,211759,0,Exec-managerial,1,0,0,1,Puerto-Rico,36-45,0,0,0,0,train,1,False,False,False,True,False,0
1,278924,0,Exec-managerial,1,0,1887,1,United-States,36-45,-1887,0,1,1,train,1,False,False,False,False,True,0
1,283037,0,Exec-managerial,1,0,0,1,United-States,46-55,0,0,0,1,train,1,False,False,False,False,True,0
1,284616,0,Exec-managerial,1,0,0,1,United-States,36-45,0,0,0,0,train,1,False,False,False,False,True,0
1,84306,0,Exec-managerial,1,5013,0,1,United-States,36-45,5013,1,0,0,train,1,False,False,False,False,True,0
1,40142,0,Exec-managerial,1,0,0,1,United-States,26-35,0,0,0,1,train,1,False,False,False,False,True,0
1,173730,0,Exec-managerial,1,0,0,1,United-States,26-35,0,0,0,1,train,1,False,False,False,False,True,0
1,192779,0,Exec-managerial,1,7688,0,1,United-States,46-55,7688,1,0,1,train,1,False,False,False,False,True,0
1,116391,0,Exec-managerial,1,0,0,1,United-States,36-45,0,0,0,1,train,1,False,False,False,False,True,0
1,114691,0,Exec-managerial,1,0,0,1,United-States,26-35,0,0,0,1,train,1,False,False,False,False,True,0
1,213008,0,Exec-managerial,1,0,0,1,United-States,36-45,0,0,0,1,train,1,False,False,False,False,True,0
1,187127,0,Exec-managerial,1,0,0,1,United-States,36-45,0,0,0,0,train,1,False,False,False,False,True,0
1,336513,0,Exec-managerial,1,0,1902,1,United-States,36-45,-1902,0,1,1,train,1,False,False,False,False,True,0
1,270985,0,Exec-managerial,1,0,0,1,United-States,36-45,0,0,0,0,train,1,False,False,True,False,False,0
1,158555,0,Exec-managerial,1,0,0,1,United-States,36-45,0,0,0,1,train,1,False,False,False,False,True,0
1,286750,0,Exec-managerial,1,0,0,1,United-States,36-45,0,0,0,1,train,1,False,False,True,False,False,0
1,171216,0,Exec-managerial,1,0,0,1,United-States,26-35,0,0,0,1,train,1,False,False,False,False,True,0
1,239093,0,Exec-managerial,1,3137,0,1,United-States,36-45,3137,1,0,0,train,1,True,False,False,False,False,0
1,29702,0,Exec-managerial,1,0,0,1,United-States,36-45,0,0,0,1,train,1,False,False,False,False,True,0
1,245378,0,Exec-managerial,1,0,0,1,United-States,26-35,0,0,0,0,train,1,False,False,False,False,True,0
1,152909,0,Exec-managerial,1,0,1887,1,United-States,26-35,-1887,0,1,1,train,1,False,False,False,False,True,0
1,347491,0,Exec-managerial,1,0,0,1,United-States,36-45,0,0,0,1,train,1,False,False,False,False,True,0
1,221947,0,Exec-managerial,1,0,1887,1,United-States,36-45,-1887,0,1,1,train,1,False,False,False,False,True,0
1,76196,0,Exec-managerial,1,0,0,1,United-States,36-45,0,0,0,0,train,1,False,False,False,False,True,0
1,449354,0,Exec-managerial,1,0,0,1,United-States,36-45,0,0,0,0,train,1,False,False,False,False,True,0
1,205100,0,Exec-managerial,1,0,0,1,United-States,46-55,0,0,0,1,train,1,False,False,False,False,True,0
1,102096,0,Exec-managerial,1,0,0,1,United-States,36-45,0,0,0,1,train,1,False,False,False,False,True,0
1,173175,0,Exec-managerial,1,15024,0,1,United-States,36-45,15024,1,0,1,train,1,False,False,False,False,True,0
1,120301,0,Exec-managerial,1,0,0,1,United-States,26-35,0,0,0,0,train,1,False,False,False,False,True,0
1,164190,0,Exec-managerial,1,0,0,1,United-States,26-35,0,0,0,0,train,1,False,False,False,False,True,0
1,363591,0,Exec-managerial,1,0,0,1,United-States,36-45,0,0,0,0,train,1,False,False,False,False,True,0
1,142719,0,Exec-managerial,1,0,0,1,United-States,36-45,0,0,0,1,train,1,False,False,False,False,True,0
1,91209,0,Exec-managerial,1,0,0,1,United-States,36-45,0,0,0,1,train,1,False,False,False,False,True,0
1,160785,0,Exec-managerial,1,0,0,1,United-States,36-45,0,0,0,1,train,1,False,False,False,False,True,0
1,204205,0,Exec-managerial,1,0,0,1,United-States,36-45,0,0,0,1,train,1,False,False,False,False,True,0
1,135342,0,Exec-managerial,1,0,0,1,United-States,36-45,0,0,0,1,train,1,False,False,False,False,True,0
1,198282,0,Exec-managerial,1,15024,0,2,United-States,36-45,15024,1,0,1,train,1,False,False,False,False,True,0
1,118853,0,Exec-managerial,1,0,0,2,United-States,36-45,0,0,0,0,train,1,False,False,False,False,True,0
1,175697,0,Exec-managerial,1,15024,0,2,United-States,26-35,15024,1,0,1,train,1,False,False,False,False,True,0
1,49572,0,Exec-managerial,1,0,0,2,United-States,36-45,0,0,0,0,train,1,False,False,False,False,True,0
1,194636,0,Exec-managerial,1,0,0,2,United-States,36-45,0,0,0,1,train,1,False,False,False,False,True,0
1,167005,0,Exec-managerial,1,7688,0,2,United-States,36-45,7688,1,0,1,train,1,False,False,False,False,True,0
1,150533,0,Exec-managerial,1,7298,0,2,United-States,36-45,7298,1,0,1,train,1,False,False,False,False,True,0
1,153078,0,Exec-managerial,1,0,0,2,United-States,36-45,0,0,0,1,train,1,False,True,False,False,False,0
1,105021,0,Exec-managerial,1,0,0,2,United-States,36-45,0,0,0,1,train,1,False,False,False,False,True,0
1,119272,0,Exec-managerial,1,0,0,2,United-States,26-35,0,0,0,1,train,1,False,False,False,False,True,0
1,176270,0,Exec-managerial,1,99999,0,2,United-States,36-45,99999,1,0,1,train,1,False,False,False,False,True,0
1,158420,0,Exec-managerial,1,0,0,2,United-States,26-35,0,0,0,0,train,1,False,False,False,False,True,0
1,153132,0,Exec-managerial,1,7688,0,2,United-States,36-45,7688,1,0,1,train,1,False,False,False,False,True,0
1,158438,0,Exec-managerial,1,0,0,2,United-States,26-35,0,0,0,1,train,1,False,False,False,False,True,0
1,192835,0,Exec-managerial,1,0,1977,2,United-States,36-45,-1977,0,1,1,train,1,False,False,False,False,True,0
1,185061,0,Exec-managerial,1,0,0,2,United-States,36-45,0,0,0,0,train,1,False,True,False,False,False,0
1,246449,0,Exec-managerial,1,0,0,2,United-States,36-45,0,0,0,1,train,1,False,False,False,False,True,0
1,27821,0,Exec-managerial,1,0,0,2,United-States,36-45,0,0,0,0,train,1,False,False,False,False,True,0
1,122742,0,Exec-managerial,1,15024,0,2,United-States,36-45,15024,1,0,1,train,1,False,False,False,False,True,0
1,376455,0,Exec-managerial,1,15024,0,2,United-States,26-35,15024,1,0,1,train,1,False,False,False,False,True,0
1,236910,0,Exec-managerial,1,0,0,2,United-States,26-35,0,0,0,0,train,1,False,False,False,False,True,0
1,30497,0,Exec-managerial,1,15024,0,2,United-States,26-35,15024,1,0,1,train,1,False,False,False,False,True,0
1,112561,0,Exec-managerial,1,0,0,2,United-States,36-45,0,0,0,1,train,1,False,False,False,False,True,0
1,117963,0,Exec-managerial,1,0,1887,2,United-States,26-35,-1887,0,1,1,train,1,False,False,False,False,True,0
1,84610,0,Exec-managerial,1,0,1902,2,United-States,36-45,-1902,0,1,1,train,1,False,False,False,False,True,0
1,340110,0,Exec-managerial,1,0,1848,2,United-States,26-35,-1848,0,1,1,train,1,False,False,False,False,True,0
1,253438,0,Exec-managerial,1,0,0,2,United-States,26-35,0,0,0,1,train,1,False,False,False,False,True,0
1,214816,0,Exec-managerial,1,0,0,2,United-States,36-45,0,0,0,0,train,1,False,False,False,False,True,0
1,176186,0,Farming-fishing,1,0,0,1,United-States,36-45,0,0,0,1,train,1,False,False,False,False,True,0
1,36228,0,Farming-fishing,1,4386,0,1,United-States,36-45,4386,1,0,1,train,1,False,False,False,False,True,0
1,165186,0,Farming-fishing,1,0,0,1,United-States,36-45,0,0,0,0,train,1,False,False,False,False,True,0
1,220647,0,Farming-fishing,1,0,0,1,United-States,36-45,0,0,0,0,train,1,False,False,False,False,True,0
1,176711,0,Farming-fishing,1,0,0,1,England,26-35,0,0,0,0,train,1,False,False,False,False,True,0
1,65390,0,Farming-fishing,1,0,0,1,United-States,36-45,0,0,0,0,train,1,False,False,False,False,True,0
1,545483,0,Farming-fishing,1,0,0,1,United-States,36-45,0,0,0,0,train,1,False,False,False,False,True,0
1,36989,0,Farming-fishing,1,0,0,1,United-States,36-45,0,0,0,0,train,1,False,False,False,False,True,0
1,27380,0,Farming-fishing,1,0,0,1,United-States,26-35,0,0,0,1,train,1,False,False,False,False,True,0
1,28281,0,Farming-fishing,1,0,0,1,United-States,46-55,0,0,0,1,train,1,False,False,False,False,True,0
1,161745,0,Farming-fishing,1,0,0,1,United-States,26-35,0,0,0,0,train,1,False,False,False,False,True,0
1,37997,0,Farming-fishing,1,0,0,1,United-States,36-45,0,0,0,0,train,1,False,False,False,False,True,0
1,34987,0,Farming-fishing,1,0,0,2,United-States,36-45,0,0,0,1,train,1,False,False,False,False,True,0
1,117529,0,Farming-fishing,1,0,0,2,Mexico,26-35,0,0,0,0,train,1,False,False,False,False,True,0
1,166813,0,Farming-fishing,1,0,0,2,United-States,36-45,0,0,0,0,train,1,False,False,False,False,True,0
1,80249,0,Farming-fishing,1,0,0,2,United-States,26-35,0,0,0,0,train,1,False,False,False,False,True,0
1,188571,0,Farming-fishing,1,0,0,2,United-States,36-45,0,0,0,0,train,1,False,False,False,False,True,0
1,37618,0,Farming-fishing,1,0,0,2,United-States,36-45,0,0,0,0,train,1,False,False,False,False,True,0
1,29762,0,Farming-fishing,1,5013,0,2,United-States,36-45,5013,1,0,0,train,1,False,False,False,False,True,0
1,509350,0,Handlers-cleaners,1,0,0,1,Canada,26-35,0,0,0,1,train,1,False,False,False,False,True,0
1,256202,0,Handlers-cleaners,1,0,0,1,United-States,36-45,0,0,0,0,train,1,False,False,True,False,False,0
1,123606,0,Handlers-cleaners,1,0,0,1,United-States,26-35,0,0,0,0,train,1,False,False,False,False,True,0
1,111387,0,Handlers-cleaners,1,0,1579,1,United-States,26-35,-1579,0,1,0,train,1,False,False,False,False,True,0
1,44392,0,Handlers-cleaners,1,0,0,1,United-States,26-35,0,0,0,0,train,1,False,False,False,False,True,0
1,67671,0,Handlers-cleaners,1,0,0,1,United-States,36-45,0,0,0,0,train,1,False,False,False,False,True,0
1,184018,0,Machine-op-inspct,1,0,0,1,United-States,36-45,0,0,0,1,train,1,False,False,False,False,True,0
1,72887,0,Machine-op-inspct,1,0,0,1,United-States,36-45,0,0,0,1,train,1,False,True,False,False,False,0
1,194636,0,Machine-op-inspct,1,0,0,1,United-States,36-45,0,0,0,0,train,1,False,False,False,False,True,0
1,82465,0,Machine-op-inspct,1,2580,0,1,United-States,36-45,2580,1,0,0,train,1,False,False,False,False,True,0
1,32668,0,Machine-op-inspct,1,0,0,1,United-States,36-45,0,0,0,1,train,1,False,False,False,False,True,0
1,240763,0,Machine-op-inspct,1,0,0,1,United-States,26-35,0,0,0,0,train,1,False,False,True,False,False,0
1,138999,0,Machine-op-inspct,1,0,0,1,United-States,46-55,0,0,0,0,train,1,False,False,False,False,True,0
1,201531,0,Machine-op-inspct,1,0,0,1,United-States,36-45,0,0,0,1,train,1,False,False,False,False,True,0
1,134737,0,Machine-op-inspct,1,0,0,1,United-States,26-35,0,0,0,0,train,1,False,False,False,False,True,0
1,320984,0,Machine-op-inspct,1,0,0,1,United-States,36-45,0,0,0,0,train,1,False,False,False,False,True,0
1,421837,0,Machine-op-inspct,1,0,0,1,Mexico,36-45,0,0,0,0,train,1,False,False,False,False,True,0
1,242619,0,Machine-op-inspct,1,0,0,1,United-States,36-45,0,0,0,0,train,1,False,False,False,False,True,0
1,119422,0,Machine-op-inspct,1,0,1672,1,United-States,26-35,-1672,0,1,0,train,1,False,False,False,False,True,0
1,161226,0,Machine-op-inspct,1,0,0,1,United-States,36-45,0,0,0,0,train,1,True,False,False,False,False,0
1,108947,0,Machine-op-inspct,1,7688,0,1,United-States,36-45,7688,1,0,1,train,1,False,False,False,False,True,0
1,219962,0,Machine-op-inspct,1,7298,0,1,United-States,46-55,7298,1,0,1,train,1,False,False,False,False,True,0
1,196348,0,Machine-op-inspct,1,0,0,1,United-States,36-45,0,0,0,0,train,1,False,False,False,False,True,0
1,56352,0,Other-service,1,0,0,1,Puerto-Rico,26-35,0,0,0,0,train,1,False,False,False,False,True,0
1,128757,0,Other-service,1,7298,0,1,United-States,36-45,7298,1,0,1,train,1,False,False,True,False,False,0
1,33117,0,Other-service,1,0,0,1,United-States,26-35,0,0,0,0,train,1,False,False,False,False,True,0
1,344624,0,Other-service,1,0,1485,1,United-States,36-45,-1485,0,1,1,train,1,False,False,False,False,True,0
1,274222,0,Other-service,1,7688,0,1,United-States,26-35,7688,1,0,1,train,1,False,True,False,False,False,0
1,31023,0,Other-service,1,0,0,1,United-States,36-45,0,0,0,0,train,1,False,False,False,False,True,0
1,80638,0,Other-service,1,0,0,1,China,36-45,0,0,0,0,train,1,False,True,False,False,False,0
1,185769,0,Other-service,1,0,0,1,United-States,26-35,0,0,0,0,train,1,False,False,False,False,True,0
1,272780,0,Prof-specialty,1,0,0,0,United-States,46-55,0,0,0,0,train,1,False,False,False,False,True,0
1,273425,0,Prof-specialty,1,0,0,0,United-States,36-45,0,0,0,0,train,1,False,False,False,False,True,0
1,169809,0,Prof-specialty,1,0,0,0,United-States,26-35,0,0,0,0,train,1,False,False,False,False,True,0
1,172256,0,Prof-specialty,1,0,0,0,United-States,36-45,0,0,0,0,train,1,False,False,False,False,True,0
1,33794,0,Prof-specialty,1,0,0,0,United-States,46-55,0,0,0,0,train,1,False,False,False,False,True,0
1,49156,0,Prof-specialty,1,0,0,0,United-States,36-45,0,0,0,0,train,1,False,False,False,False,True,0
1,347890,0,Prof-specialty,1,0,0,1,United-States,36-45,0,0,0,1,train,1,False,False,False,False,True,0
1,200352,0,Prof-specialty,1,0,0,1,United-States,36-45,0,0,0,0,train,1,False,False,False,False,True,0
1,116632,0,Prof-specialty,1,0,0,1,United-States,36-45,0,0,0,1,train,1,False,False,False,False,True,0
1,115745,0,Prof-specialty,1,0,0,1,United-States,26-35,0,0,0,0,train,1,False,False,False,False,True,0
1,132601,0,Prof-specialty,1,0,0,1,United-States,26-35,0,0,0,0,train,1,False,False,False,False,True,0
1,337587,0,Prof-specialty,1,0,0,1,United-States,26-35,0,0,0,1,train,1,False,False,False,False,True,0
1,108116,0,Prof-specialty,1,0,0,1,United-States,26-35,0,0,0,1,train,1,False,False,False,False,True,0
1,262425,0,Prof-specialty,1,0,0,1,United-States,36-45,0,0,0,0,train,1,False,False,False,False,True,0
1,260960,0,Prof-specialty,1,0,0,1,United-States,36-45,0,0,0,0,train,1,False,False,False,False,True,0
1,193047,0,Prof-specialty,1,0,0,1,United-States,46-55,0,0,0,0,train,1,False,False,False,False,True,0
1,169879,0,Prof-specialty,1,3103,0,1,United-States,26-35,3103,1,0,1,train,1,False,False,False,False,True,0
1,183800,0,Prof-specialty,1,7688,0,1,United-States,36-45,7688,1,0,1,train,1,False,False,False,False,True,0
1,118494,0,Prof-specialty,1,0,0,1,United-States,36-45,0,0,0,1,train,1,False,False,False,False,True,0
1,156667,0,Prof-specialty,1,0,1902,1,United-States,36-45,-1902,0,1,1,train,1,False,False,False,False,True,0
1,133060,0,Prof-specialty,1,0,0,1,United-States,36-45,0,0,0,1,train,1,False,False,False,False,True,0
1,416745,0,Prof-specialty,1,0,0,1,United-States,36-45,0,0,0,0,train,1,False,False,False,False,True,0
1,265266,0,Prof-specialty,1,0,1902,1,United-States,46-55,-1902,0,1,1,train,1,False,False,False,False,True,0
1,369468,0,Prof-specialty,1,0,0,1,United-States,36-45,0,0,0,1,train,1,False,False,False,False,True,0
1,189623,0,Prof-specialty,1,0,1887,1,United-States,36-45,-1887,0,1,1,train,1,False,False,False,False,True,0
1,144928,0,Prof-specialty,1,0,0,1,United-States,36-45,0,0,0,1,train,1,False,False,False,False,True,0
1,24342,0,Prof-specialty,1,0,0,1,United-States,36-45,0,0,0,1,train,1,False,False,False,False,True,0
1,228535,0,Prof-specialty,1,7298,0,1,United-States,36-45,7298,1,0,1,train,1,False,False,False,False,True,0
1,293535,0,Prof-specialty,1,0,0,1,United-States,36-45,0,0,0,1,train,1,False,False,True,False,False,0
1,217054,0,Prof-specialty,1,0,0,1,United-States,36-45,0,0,0,1,train,1,False,False,False,False,True,0
1,285066,0,Prof-specialty,1,0,0,1,United-States,36-45,0,0,0,1,train,1,False,False,False,False,True,0
1,120277,0,Prof-specialty,1,15024,0,1,Italy,36-45,15024,1,0,1,train,1,False,False,False,False,True,0
1,298332,0,Prof-specialty,1,0,0,1,United-States,26-35,0,0,0,1,train,1,False,False,False,False,True,0
1,244147,0,Prof-specialty,1,0,0,1,United-States,26-35,0,0,0,1,train,1,False,False,False,False,True,0
1,216214,0,Prof-specialty,1,0,0,1,United-States,46-55,0,0,0,1,train,1,False,False,False,False,True,0
1,203408,0,Prof-specialty,1,7688,0,1,United-States,26-35,7688,1,0,1,train,1,False,False,False,False,True,0
1,153205,0,Prof-specialty,1,0,0,1,United-States,36-45,0,0,0,0,train,1,False,True,False,False,False,0
1,213226,0,Prof-specialty,1,0,0,1,Iran,26-35,0,0,0,1,train,1,False,False,False,False,True,0
1,209609,0,Prof-specialty,1,0,0,1,United-States,36-45,0,0,0,0,train,1,False,False,False,False,True,0
1,548510,0,Prof-specialty,1,0,0,1,United-States,36-45,0,0,0,0,train,1,False,False,True,False,False,0
1,121264,0,Prof-specialty,1,0,0,1,United-States,36-45,0,0,0,1,train,1,False,False,False,False,True,0
1,131239,0,Prof-specialty,1,3103,0,1,United-States,36-45,3103,1,0,1,train,1,False,False,False,False,True,0
1,194636,0,Prof-specialty,1,0,0,1,United-States,36-45,0,0,0,1,train,1,False,False,False,False,True,0
1,180985,0,Prof-specialty,1,0,0,1,United-States,36-45,0,0,0,1,train,1,False,False,False,False,True,0
1,223212,0,Prof-specialty,1,0,1848,1,Peru,26-35,-1848,0,1,1,train,1,False,False,False,False,True,0
1,353396,0,Prof-specialty,1,0,0,1,United-States,36-45,0,0,0,0,train,1,False,False,False,False,True,0
1,193494,0,Prof-specialty,1,0,0,1,United-States,36-45,0,0,0,0,train,1,False,False,False,False,True,0
1,275438,0,Prof-specialty,1,5178,0,1,United-States,26-35,5178,1,0,1,train,1,False,False,False,False,True,0
1,63509,0,Prof-specialty,1,0,0,1,United-States,36-45,0,0,0,1,train,1,False,False,False,False,True,0
1,312667,0,Prof-specialty,1,15024,0,1,United-States,26-35,15024,1,0,1,train,1,False,False,False,False,True,0
1,162187,0,Prof-specialty,1,0,0,1,United-States,46-55,0,0,0,1,train,1,False,False,False,False,True,0
1,242082,0,Prof-specialty,1,0,0,1,United-States,36-45,0,0,0,1,train,1,False,False,False,False,True,0
1,91711,0,Prof-specialty,1,0,0,1,United-States,36-45,0,0,0,1,train,1,False,False,False,False,True,0
1,179668,0,Prof-specialty,1,0,0,1,United-States,36-45,0,0,0,1,train,1,False,False,False,False,True,0
1,127651,0,Prof-specialty,1,0,0,1,United-States,26-35,0,0,0,1,train,1,False,False,False,False,True,0
1,398931,0,Prof-specialty,1,0,1485,1,United-States,36-45,-1485,0,1,1,train,1,False,False,False,False,True,0
1,225605,0,Prof-specialty,1,0,0,1,United-States,36-45,0,0,0,0,train,1,False,False,False,False,True,0
1,37274,0,Prof-specialty,1,0,0,2,United-States,26-35,0,0,0,0,train,1,False,False,False,False,True,0
1,109434,0,Prof-specialty,1,0,0,2,United-States,36-45,0,0,0,0,train,1,False,False,False,False,True,0
1,354078,0,Prof-specialty,1,0,0,2,United-States,36-45,0,0,0,1,train,1,False,False,False,False,True,0
1,175761,0,Prof-specialty,1,0,0,2,United-States,26-35,0,0,0,1,train,1,False,False,False,False,True,0
1,160402,0,Prof-specialty,1,0,0,2,United-States,36-45,0,0,0,1,train,1,False,False,False,False,True,0
1,190895,0,Prof-specialty,1,0,0,2,United-States,26-35,0,0,0,0,train,1,False,False,False,False,True,0
1,115792,0,Prof-specialty,1,0,0,2,United-States,26-35,0,0,0,0,train,1,False,False,False,False,True,0
1,84790,0,Prof-specialty,1,0,0,2,United-States,36-45,0,0,0,1,train,1,False,False,False,False,True,0
1,247869,0,Prof-specialty,1,0,0,2,United-States,36-45,0,0,0,1,train,1,False,False,False,False,True,0
1,746786,0,Prof-specialty,1,0,0,2,United-States,36-45,0,0,0,1,train,1,False,False,False,False,True,0
1,146161,0,Prof-specialty,1,0,0,2,United-States,26-35,0,0,0,1,train,1,False,False,False,False,True,0
1,147654,0,Prof-specialty,1,0,0,2,United-States,26-35,0,0,0,0,train,1,False,False,False,False,True,0
1,226296,0,Protective-serv,1,0,0,1,United-States,26-35,0,0,0,1,train,1,False,False,False,False,True,0
1,233327,0,Protective-serv,1,0,0,1,United-States,26-35,0,0,0,0,train,1,False,False,False,False,True,0
1,195258,0,Protective-serv,1,0,0,1,United-States,36-45,0,0,0,1,train,1,False,False,False,False,True,0
1,126569,0,Protective-serv,1,0,0,1,United-States,36-45,0,0,0,1,train,1,False,False,False,False,True,0
1,238386,0,Protective-serv,1,0,0,1,United-States,36-45,0,0,0,1,train,1,False,False,False,False,True,0
1,225548,0,Protective-serv,1,0,0,1,United-States,26-35,0,0,0,0,train,1,False,False,True,False,False,0
1,96102,0,Protective-serv,1,0,1887,1,United-States,36-45,-1887,0,1,1,train,1,False,False,False,False,True,0
1,247205,0,Protective-serv,1,0,0,1,England,26-35,0,0,0,0,train,1,False,False,True,False,False,0
1,311671,0,Protective-serv,1,3908,0,1,United-States,36-45,3908,1,0,0,train,1,False,False,False,False,True,0
1,159449,0,Protective-serv,1,0,0,1,United-States,36-45,0,0,0,0,train,1,False,False,False,False,True,0
1,182556,0,Protective-serv,1,0,1887,1,United-States,26-35,-1887,0,1,1,train,1,False,False,False,False,True,0
1,202683,0,Sales,1,0,0,1,United-States,36-45,0,0,0,1,train,1,False,False,False,False,True,0
1,254202,0,Sales,1,0,0,1,United-States,36-45,0,0,0,0,train,1,False,False,False,False,True,0
1,182609,0,Sales,1,0,0,1,Poland,36-45,0,0,0,0,train,1,False,False,False,False,True,0
1,188563,0,Sales,1,5178,0,1,United-States,36-45,5178,1,0,1,train,1,False,False,False,False,True,0
1,226902,0,Sales,1,0,0,1,United-States,36-45,0,0,0,1,train,1,False,False,False,False,True,0
1,95336,0,Sales,1,0,0,1,United-States,36-45,0,0,0,1,train,1,False,False,False,False,True,0
1,87643,0,Sales,1,0,0,1,United-States,26-35,0,0,0,0,train,1,False,False,False,False,True,0
1,79619,0,Sales,1,0,0,1,United-States,36-45,0,0,0,1,train,1,False,False,False,False,True,0
1,129007,0,Sales,1,0,1977,1,United-States,46-55,-1977,0,1,1,train,1,False,False,False,False,True,0
1,256866,0,Sales,1,5013,0,1,United-States,36-45,5013,1,0,0,train,1,False,False,False,False,True,0
1,402812,0,Sales,1,0,0,1,United-States,26-35,0,0,0,0,train,1,False,False,False,False,True,0
1,43711,0,Sales,1,7688,0,1,United-States,36-45,7688,1,0,1,train,1,False,False,False,False,True,0
1,151504,0,Sales,1,0,0,1,United-States,36-45,0,0,0,0,train,1,False,False,False,False,True,0
1,156728,0,Sales,1,0,0,1,United-States,36-45,0,0,0,1,train,1,False,False,False,False,True,0
1,30381,0,Sales,1,0,0,1,United-States,26-35,0,0,0,1,train,1,False,False,False,False,True,0
1,193882,0,Sales,1,7688,0,1,United-States,36-45,7688,1,0,1,train,1,False,False,False,False,True,0
1,31033,0,Sales,1,7298,0,1,United-States,36-45,7298,1,0,1,train,1,False,False,False,False,True,0
1,33521,0,Sales,1,0,0,1,United-States,36-45,0,0,0,1,train,1,False,False,False,False,True,0
1,201763,0,Sales,1,0,0,1,United-States,26-35,0,0,0,1,train,1,False,False,False,False,True,0
1,157287,0,Sales,1,0,0,1,United-States,26-35,0,0,0,0,train,1,False,False,False,False,True,0
1,127215,0,Sales,1,0,0,1,United-States,26-35,0,0,0,1,train,1,False,False,False,False,True,0
1,178322,0,Sales,1,0,0,1,Germany,26-35,0,0,0,1,train,1,False,False,False,False,True,0
1,159549,0,Sales,1,0,0,1,United-States,36-45,0,0,0,1,train,1,False,False,False,False,True,0
1,209040,0,Sales,1,0,0,1,United-States,36-45,0,0,0,0,train,1,False,False,False,False,True,0
1,118853,0,Sales,1,0,0,1,United-States,36-45,0,0,0,0,train,1,False,False,False,False,True,0
1,246891,0,Sales,1,0,1902,1,United-States,36-45,-1902,0,1,1,train,1,False,False,False,False,True,0
1,312055,0,Sales,1,0,0,1,United-States,26-35,0,0,0,1,train,1,False,False,False,False,True,0
1,195897,0,Sales,1,0,0,1,United-States,36-45,0,0,0,0,train,1,False,False,False,False,True,0
1,128170,0,Sales,1,7688,0,1,United-States,36-45,7688,1,0,1,train,1,False,False,False,False,True,0
1,200574,0,Sales,1,0,0,1,United-States,36-45,0,0,0,0,train,1,False,False,False,False,True,0
1,296282,0,Sales,1,0,0,1,United-States,26-35,0,0,0,0,train,1,False,False,False,False,True,0
1,261382,0,Sales,1,0,0,1,United-States,26-35,0,0,0,0,train,1,False,False,False,False,True,0
1,224531,0,Sales,1,0,0,1,United-States,36-45,0,0,0,1,train,1,False,False,False,False,True,0
1,129597,0,Sales,1,3464,0,1,United-States,36-45,3464,1,0,0,train,1,False,False,False,False,True,0
1,278322,0,Sales,1,0,0,1,United-States,46-55,0,0,0,0,train,1,False,False,False,False,True,0
1,89508,0,Sales,1,0,0,1,United-States,36-45,0,0,0,0,train,1,False,False,False,False,True,0
1,465326,0,Sales,1,0,0,1,United-States,26-35,0,0,0,0,train,1,False,False,False,False,True,0
1,189680,0,Sales,1,0,0,1,United-States,46-55,0,0,0,1,train,1,False,False,False,False,True,0
1,218490,0,Sales,1,0,1848,1,United-States,36-45,-1848,0,1,1,train,1,False,False,False,False,True,0
1,236852,0,Sales,1,0,0,1,United-States,46-55,0,0,0,1,train,1,False,False,False,False,True,0
1,33300,0,Sales,1,0,1977,1,United-States,36-45,-1977,0,1,1,train,1,False,False,False,False,True,0
1,293305,0,Sales,1,0,1887,1,United-States,36-45,-1887,0,1,1,train,1,False,False,False,False,True,0
1,145697,0,Sales,1,0,0,1,United-States,36-45,0,0,0,0,train,1,False,False,False,False,True,0
1,183765,0,Sales,1,0,0,1,United-States,36-45,0,0,0,0,train,1,False,False,False,False,True,0
1,137142,0,Sales,1,0,0,1,United-States,36-45,0,0,0,0,train,1,False,False,False,False,True,0
1,180603,0,Sales,1,0,0,1,United-States,26-35,0,0,0,1,train,1,False,False,False,False,True,0
1,123557,0,Sales,1,0,0,1,United-States,36-45,0,0,0,0,train,1,False,False,False,False,True,0
1,120121,0,Sales,1,0,0,1,United-States,46-55,0,0,0,1,train,1,False,False,False,False,True,0
1,193026,0,Sales,1,0,0,1,United-States,26-35,0,0,0,1,train,1,False,False,False,False,True,0
1,201732,0,Sales,1,0,0,1,United-States,36-45,0,0,0,1,train,1,False,False,False,False,True,0
1,117849,0,Sales,1,15024,0,1,United-States,46-55,15024,1,0,1,train,1,False,False,False,False,True,0
1,91039,0,Sales,1,15024,0,2,United-States,36-45,15024,1,0,1,train,1,False,False,False,False,True,0
1,398473,0,Sales,1,0,0,2,United-States,36-45,0,0,0,1,train,1,False,False,False,False,True,0
1,368825,0,Sales,1,0,0,2,United-States,26-35,0,0,0,1,train,1,False,False,False,False,True,0
1,114691,0,Sales,1,0,0,2,United-States,26-35,0,0,0,1,train,1,False,False,False,False,True,0
1,320984,0,Sales,1,5178,0,2,United-States,36-45,5178,1,0,1,train,1,False,False,False,False,True,0
1,98929,0,Sales,1,0,0,2,United-States,46-55,0,0,0,0,train,1,False,False,False,False,True,0
1,201522,0,Sales,1,0,0,2,United-States,36-45,0,0,0,0,train,1,False,False,False,False,True,0
1,112283,0,Sales,1,0,0,2,United-States,36-45,0,0,0,0,train,1,False,False,False,False,True,0
1,379522,0,Sales,1,0,0,2,United-States,36-45,0,0,0,1,train,1,False,False,False,False,True,0
1,172826,0,Sales,1,99999,0,2,United-States,36-45,99999,1,0,1,train,1,False,False,False,False,True,0
1,306982,0,Sales,1,0,0,2,South,26-35,0,0,0,0,train,1,False,True,False,False,False,0
1,329980,0,Sales,1,0,2415,2,United-States,36-45,-2415,0,1,1,train,1,False,False,False,False,True,0
1,89644,0,Sales,1,0,0,2,United-States,26-35,0,0,0,1,train,1,False,False,False,False,True,0
1,125461,0,Sales,1,0,0,2,United-States,36-45,0,0,0,1,train,1,False,False,False,False,True,0
1,361888,0,Sales,1,0,0,2,Japan,26-35,0,0,0,0,train,1,False,False,False,False,True,0
1,254291,0,Sales,1,0,0,2,United-States,46-55,0,0,0,1,train,1,False,False,False,False,True,0
1,191502,0,Sales,1,0,0,2,United-States,26-35,0,0,0,1,train,1,False,False,False,False,True,0
1,340940,0,Sales,1,7298,0,2,United-States,26-35,7298,1,0,1,train,1,False,False,False,False,True,0
1,284799,0,Sales,1,0,0,2,United-States,46-55,0,0,0,0,train,1,False,False,False,False,True,0
1,101593,0,Sales,1,0,0,2,United-States,36-45,0,0,0,0,train,1,False,False,False,False,True,0
1,510072,0,Sales,1,0,0,2,United-States,36-45,0,0,0,1,train,1,False,False,False,False,True,0
1,162187,0,Sales,1,0,0,2,United-States,36-45,0,0,0,1,train,1,False,False,False,False,True,0
1,160785,0,Sales,1,0,0,2,United-States,36-45,0,0,0,1,train,1,False,False,False,False,True,0
1,237993,0,Tech-support,1,0,0,1,United-States,36-45,0,0,0,1,train,1,False,False,False,False,True,0
1,96129,0,Tech-support,1,0,0,1,United-States,36-45,0,0,0,1,train,1,False,False,False,False,True,0
1,115562,0,Tech-support,1,0,0,1,United-States,36-45,0,0,0,0,train,1,False,False,False,False,True,0
1,186035,0,Tech-support,1,0,0,1,United-States,36-45,0,0,0,1,train,1,False,False,False,False,True,0
1,144995,0,Tech-support,1,4386,0,1,United-States,36-45,4386,1,0,0,train,1,False,False,False,False,True,0
1,279914,0,Tech-support,1,0,0,1,United-States,36-45,0,0,0,1,train,1,False,False,False,False,True,0
1,32185,0,Tech-support,1,0,0,1,United-States,36-45,0,0,0,0,train,1,False,False,False,False,True,0
1,112497,0,Tech-support,1,0,0,1,United-States,36-45,0,0,0,0,train,1,False,False,False,False,True,0
1,265266,0,Tech-support,1,0,0,1,United-States,36-45,0,0,0,0,train,1,False,False,False,False,True,0
1,102606,0,Tech-support,1,0,0,1,United-States,36-45,0,0,0,1,train,1,False,False,False,False,True,0
1,220563,0,Tech-support,1,0,0,1,United-States,36-45,0,0,0,0,train,1,False,False,False,False,True,0
1,194426,0,Tech-support,1,15024,0,1,United-States,26-35,15024,1,0,1,train,1,False,False,False,False,True,0
1,352094,0,Tech-support,1,7688,0,1,Guatemala,36-45,7688,1,0,1,train,1,False,False,False,False,True,0
1,189922,0,Tech-support,1,0,0,1,United-States,36-45,0,0,0,1,train,1,False,False,False,False,True,0
1,357338,0,Tech-support,1,0,0,1,United-States,46-55,0,0,0,0,train,1,False,False,False,False,True,0
1,97688,0,Tech-support,1,0,0,1,United-States,36-45,0,0,0,1,train,1,False,False,False,False,True,0
1,121718,0,Tech-support,1,0,1848,1,United-States,36-45,-1848,0,1,1,train,1,False,False,False,False,True,0
1,361888,0,Tech-support,1,0,0,1,United-States,26-35,0,0,0,1,train,1,False,False,False,False,True,0
1,282948,0,Tech-support,1,3137,0,1,United-States,36-45,3137,1,0,0,train,1,False,False,True,False,False,0
1,180609,0,Transport-moving,1,0,0,1,United-States,36-45,0,0,0,0,train,1,False,False,False,False,True,0
1,351299,0,Transport-moving,1,0,0,1,United-States,36-45,0,0,0,0,train,1,False,False,True,False,False,0
1,33983,0,Transport-moving,1,0,0,1,United-States,36-45,0,0,0,0,train,1,False,False,False,False,True,0
1,210525,0,Transport-moving,1,0,0,1,United-States,36-45,0,0,0,0,train,1,False,False,False,False,True,0
1,188861,0,Transport-moving,1,0,0,1,United-States,46-55,0,0,0,0,train,1,False,False,False,False,True,0
1,62463,0,Transport-moving,1,0,1579,1,United-States,26-35,-1579,0,1,0,train,1,False,False,False,False,True,0
1,163392,0,Transport-moving,1,0,0,1,United-States,26-35,0,0,0,0,train,1,False,True,False,False,False,0
1,443508,0,Transport-moving,1,0,0,1,Canada,36-45,0,0,0,1,train,1,False,False,False,False,True,0
1,300528,0,Transport-moving,1,0,0,1,United-States,36-45,0,0,0,0,train,1,False,False,False,False,True,0
1,111252,0,Transport-moving,1,0,0,1,United-States,36-45,0,0,0,0,train,1,False,False,False,False,True,0
1,265038,0,Transport-moving,1,0,0,1,United-States,36-45,0,0,0,0,train,1,False,False,False,False,True,0
1,286750,0,Transport-moving,1,0,0,1,United-States,36-45,0,0,0,0,train,1,False,False,True,False,False,0
1,111499,0,Transport-moving,1,7298,0,1,United-States,36-45,7298,1,0,1,train,1,False,False,False,False,True,0
1,193451,0,Transport-moving,1,0,0,1,United-States,36-45,0,0,0,0,train,1,False,False,False,False,True,0
1,77516,1,Adm-clerical,1,2174,0,1,United-States,36-45,2174,1,0,0,train,0,False,False,False,False,True,0
1,60227,1,Adm-clerical,1,0,0,1,United-States,36-45,0,0,0,0,train,0,False,False,False,False,True,0
1,35595,1,Adm-clerical,1,0,0,1,United-States,26-35,0,0,0,0,train,0,False,False,False,False,True,0
1,171111,1,Adm-clerical,1,0,0,1,United-States,26-35,0,0,0,0,train,0,False,False,False,False,True,0
1,107248,1,Adm-clerical,1,0,0,1,United-States,26-35,0,0,0,0,train,0,False,False,False,False,True,0
1,91964,1,Adm-clerical,1,0,0,1,United-States,26-35,0,0,0,0,train,0,False,False,False,False,True,0
1,82393,1,Adm-clerical,1,0,0,1,United-States,36-45,0,0,0,0,train,0,False,True,False,False,False,0
1,147110,1,Adm-clerical,1,0,0,1,United-States,36-45,0,0,0,1,train,0,False,False,False,False,True,0
1,296326,1,Adm-clerical,1,0,0,1,United-States,36-45,0,0,0,0,train,0,False,False,False,False,True,0
1,252058,1,Adm-clerical,1,0,0,1,United-States,36-45,0,0,0,0,train,0,False,False,False,False,True,0
1,206565,1,Craft-repair,1,0,0,1,United-States,36-45,0,0,0,0,train,0,False,False,True,False,False,0
1,37070,1,Craft-repair,1,0,0,1,United-States,26-35,0,0,0,0,train,0,False,False,False,False,True,0
1,175878,1,Craft-repair,1,0,0,1,United-States,26-35,0,0,0,0,train,0,False,False,False,False,True,0
1,198316,1,Craft-repair,1,0,0,1,Japan,36-45,0,0,0,0,train,0,False,False,False,False,True,0
1,234633,1,Craft-repair,1,0,0,1,United-States,36-45,0,0,0,0,train,0,False,False,False,False,True,0
1,470663,1,Craft-repair,1,0,0,1,United-States,36-45,0,0,0,0,train,0,False,False,False,False,True,0
1,94235,1,Craft-repair,1,0,0,1,United-States,26-35,0,0,0,0,train,0,False,False,False,False,True,0
1,247975,1,Craft-repair,1,0,0,1,United-States,36-45,0,0,0,0,train,0,False,True,False,False,False,0
1,206520,1,Craft-repair,1,0,0,1,United-States,36-45,0,0,0,0,train,1,False,False,False,False,True,0
1,235485,1,Exec-managerial,1,0,0,1,United-States,36-45,0,0,0,0,train,0,False,False,False,False,True,0
1,372525,1,Exec-managerial,1,0,0,1,United-States,26-35,0,0,0,0,train,0,False,False,False,False,True,0
1,37238,1,Exec-managerial,1,0,0,1,United-States,36-45,0,0,0,0,train,0,False,False,False,False,True,0
1,83756,1,Exec-managerial,1,0,0,1,United-States,36-45,0,0,0,0,train,0,False,False,False,False,True,0
1,56482,1,Exec-managerial,1,0,0,1,United-States,46-55,0,0,0,0,train,0,False,False,True,False,False,0
1,123983,1,Exec-managerial,1,0,1741,1,Vietnam,36-45,-1741,0,1,0,train,0,False,True,False,False,False,0
1,86143,1,Exec-managerial,1,0,0,1,Philippines,26-35,0,0,0,0,train,1,False,True,False,False,False,0
1,202950,1,Exec-managerial,1,0,0,1,United-States,36-45,0,0,0,0,train,0,False,False,False,False,True,0
1,346478,1,Exec-managerial,1,0,0,1,United-States,36-45,0,0,0,0,train,0,False,False,False,False,True,0
1,126675,1,Exec-managerial,1,0,0,1,United-States,36-45,0,0,0,0,train,1,False,False,False,False,True,0
1,197332,1,Exec-managerial,1,0,0,1,United-States,36-45,0,0,0,0,train,0,False,False,False,False,True,0
1,116632,1,Farming-fishing,1,0,0,1,United-States,36-45,0,0,0,0,train,1,False,False,False,False,True,0
1,194404,1,Farming-fishing,1,0,0,1,United-States,26-35,0,0,0,0,train,0,False,False,False,False,True,0
1,245090,1,Farming-fishing,1,0,0,1,Mexico,36-45,0,0,0,0,train,0,False,False,False,False,True,0
1,32172,1,Farming-fishing,1,0,0,1,United-States,36-45,0,0,0,0,train,0,False,False,False,False,True,0
1,28035,1,Farming-fishing,1,0,0,1,United-States,36-45,0,0,0,0,train,1,False,False,False,False,True,0
1,223004,1,Other-service,1,0,0,1,United-States,36-45,0,0,0,0,train,1,False,False,False,False,True,0
1,214010,1,Other-service,1,0,0,1,United-States,36-45,0,0,0,0,train,0,False,False,False,False,True,0
1,344060,1,Other-service,1,0,0,1,United-States,36-45,0,0,0,1,train,0,False,False,False,False,True,0
1,34935,1,Other-service,1,0,0,1,United-States,36-45,0,0,0,0,train,1,False,False,True,False,False,0
1,235271,1,Other-service,1,0,0,1,United-States,26-35,0,0,0,0,train,0,False,False,False,False,True,0
1,239755,1,Other-service,1,0,0,1,United-States,26-35,0,0,0,0,train,0,False,False,False,False,True,0
1,511361,1,Other-service,1,0,0,1,United-States,26-35,0,0,0,0,train,1,False,False,True,False,False,0
1,261059,1,Other-service,1,0,0,1,United-States,26-35,0,0,0,0,train,0,False,False,False,False,True,0
1,341643,1,Other-service,1,0,0,1,United-States,26-35,0,0,0,0,train,1,False,False,False,False,True,0
1,34374,1,Other-service,1,0,0,1,United-States,26-35,0,0,0,0,train,0,False,False,False,False,True,0
1,110866,1,Prof-specialty,1,0,0,1,United-States,36-45,0,0,0,0,train,0,False,False,False,False,True,0
1,177937,1,Prof-specialty,1,0,0,1,United-States,36-45,0,0,0,1,train,0,False,False,False,False,True,0
1,174938,1,Prof-specialty,1,0,0,1,United-States,36-45,0,0,0,0,train,0,False,False,False,False,True,0
1,467108,1,Prof-specialty,1,0,0,1,United-States,26-35,0,0,0,1,train,0,False,False,False,False,True,0
1,244268,1,Prof-specialty,1,0,0,1,United-States,26-35,0,0,0,0,train,0,False,False,False,False,True,0
1,184378,1,Prof-specialty,1,0,0,1,United-States,36-45,0,0,0,0,train,0,False,False,False,False,True,0
1,496743,1,Prof-specialty,1,0,0,1,United-States,26-35,0,0,0,0,train,1,False,False,False,False,True,0
1,367237,1,Prof-specialty,1,8614,0,1,United-States,36-45,8614,1,0,1,train,0,False,False,False,False,True,0
1,371886,1,Prof-specialty,1,0,0,1,United-States,36-45,0,0,0,0,train,0,False,False,False,False,True,0
1,355756,1,Prof-specialty,1,0,0,1,United-States,36-45,0,0,0,0,train,0,False,False,False,False,True,0
1,96016,1,Prof-specialty,1,0,0,1,United-States,26-35,0,0,0,0,train,0,False,False,False,False,True,0
1,456399,1,Prof-specialty,1,0,0,1,United-States,26-35,0,0,0,0,train,0,False,False,False,False,True,0
1,46814,1,Prof-specialty,1,0,0,1,United-States,36-45,0,0,0,0,train,0,False,False,False,False,True,0
1,72338,1,Prof-specialty,1,0,0,1,United-States,26-35,0,0,0,0,train,1,False,True,False,False,False,0
1,135312,1,Prof-specialty,1,0,0,1,United-States,26-35,0,0,0,1,train,0,False,False,False,False,True,0
1,205019,1,Sales,1,0,0,1,United-States,26-35,0,0,0,0,train,0,False,False,True,False,False,0
1,241895,1,Sales,1,0,0,1,United-States,36-45,0,0,0,0,train,0,False,False,False,False,True,0
1,242552,1,Sales,1,0,0,1,United-States,36-45,0,0,0,0,train,0,False,False,True,False,False,0
1,187370,1,Sales,1,0,1504,1,United-States,46-55,-1504,0,1,0,train,0,False,False,False,False,True,0
1,120539,1,Sales,1,0,0,1,United-States,36-45,0,0,0,1,train,0,False,False,False,False,True,0
1,330664,1,Sales,1,0,0,1,United-States,26-35,0,0,0,0,train,0,False,False,False,False,True,0
1,124483,1,Sales,1,0,0,1,United-States,26-35,0,0,0,1,train,0,False,True,False,False,False,0
1,62165,1,Sales,1,0,0,1,United-States,26-35,0,0,0,0,train,1,False,False,True,False,False,0
1,416338,1,Sales,1,0,0,1,United-States,36-45,0,0,0,0,train,0,False,False,False,False,True,0
1,365739,2,Craft-repair,1,0,0,1,United-States,36-45,0,0,0,0,train,0,False,False,False,False,True,0
1,99374,2,Craft-repair,1,0,0,1,United-States,36-45,0,0,0,0,train,0,False,False,False,False,True,0
1,179488,2,Craft-repair,1,0,1741,1,United-States,36-45,-1741,0,1,0,train,0,False,False,False,False,True,0
1,277946,2,Craft-repair,1,0,0,1,United-States,46-55,0,0,0,0,train,0,False,False,False,False,True,0
1,154538,2,Craft-repair,1,0,0,1,United-States,36-45,0,0,0,0,train,0,False,False,False,False,True,0
1,278924,2,Craft-repair,1,0,0,1,United-States,36-45,0,0,0,0,train,0,False,False,False,False,True,0
1,250802,2,Craft-repair,1,0,0,1,United-States,36-45,0,0,0,0,train,0,False,False,False,False,True,0
1,193026,2,Craft-repair,1,0,0,1,Iran,36-45,0,0,0,0,train,0,False,False,False,False,True,0
1,166497,2,Craft-repair,1,0,0,1,United-States,36-45,0,0,0,0,train,0,False,False,False,False,True,0
1,27997,2,Craft-repair,1,0,0,1,United-States,36-45,0,0,0,0,train,0,False,False,False,False,True,0
1,303521,2,Craft-repair,1,0,0,1,United-States,36-45,0,0,0,0,train,0,False,False,False,False,True,0
1,57322,2,Craft-repair,1,0,0,1,United-States,36-45,0,0,0,0,train,0,False,False,False,False,True,0
1,66632,2,Craft-repair,1,0,0,1,United-States,36-45,0,0,0,0,train,0,False,False,False,False,True,0
1,200863,2,Craft-repair,1,0,0,1,United-States,36-45,0,0,0,0,train,0,False,False,False,False,True,0
1,180656,2,Craft-repair,1,0,0,1,United-States,26-35,0,0,0,0,train,0,False,False,False,False,True,0
1,314375,2,Craft-repair,1,0,0,1,United-States,26-35,0,0,0,0,train,0,False,False,False,False,True,0
1,227065,2,Craft-repair,1,0,0,1,United-States,36-45,0,0,0,0,train,0,False,False,False,False,True,0
1,82622,2,Craft-repair,1,0,0,1,United-States,36-45,0,0,0,0,train,0,False,False,False,False,True,0
1,125461,2,Craft-repair,1,0,0,1,United-States,36-45,0,0,0,1,train,0,False,False,False,False,True,0
1,263608,2,Craft-repair,1,0,0,1,United-States,36-45,0,0,0,0,train,1,False,False,False,False,True,0
1,169104,2,Craft-repair,1,0,0,1,United-States,26-35,0,0,0,0,train,0,False,False,False,False,True,0
1,363418,2,Craft-repair,1,0,0,1,United-States,36-45,0,0,0,0,train,1,False,False,False,False,True,0
1,213179,2,Craft-repair,1,0,0,1,United-States,26-35,0,0,0,1,train,1,False,False,False,False,True,0
1,386940,2,Exec-managerial,1,0,1408,1,United-States,36-45,-1408,0,1,0,train,1,False,False,False,False,True,0
1,174575,2,Exec-managerial,1,0,1564,1,United-States,36-45,-1564,0,1,1,train,0,False,False,False,False,True,0
1,245724,2,Exec-managerial,1,0,0,1,United-States,46-55,0,0,0,0,train,0,False,False,False,False,True,0
1,94113,2,Exec-managerial,1,0,0,1,United-States,36-45,0,0,0,0,train,0,False,False,False,False,True,0
1,144778,2,Exec-managerial,1,0,0,1,United-States,36-45,0,0,0,1,train,0,False,False,False,False,True,0
1,445382,2,Exec-managerial,1,0,0,1,United-States,36-45,0,0,0,1,train,0,False,False,False,False,True,0
1,204991,2,Exec-managerial,1,0,0,1,United-States,26-35,0,0,0,0,train,1,False,False,False,False,True,0
1,83411,2,Exec-managerial,1,0,1408,1,United-States,36-45,-1408,0,1,0,train,0,False,False,False,False,True,0
1,326232,2,Exec-managerial,1,0,2547,1,United-States,36-45,-2547,0,1,1,train,0,False,False,False,False,True,0
1,225978,2,Exec-managerial,1,0,0,1,United-States,36-45,0,0,0,0,train,0,False,False,True,False,False,0
1,232475,2,Exec-managerial,1,0,0,1,United-States,26-35,0,0,0,0,train,0,False,False,False,False,True,0
1,164866,2,Exec-managerial,1,0,0,1,United-States,36-45,0,0,0,0,train,0,False,False,False,False,True,0
1,53628,2,Exec-managerial,1,0,0,1,United-States,36-45,0,0,0,0,train,0,False,False,False,False,True,0
1,202027,2,Exec-managerial,1,27828,0,1,United-States,26-35,27828,1,0,1,train,0,False,False,False,False,True,0
1,230478,2,Exec-managerial,1,0,0,1,United-States,36-45,0,0,0,0,train,0,False,False,False,False,True,0
1,228456,2,Other-service,1,0,0,1,United-States,36-45,0,0,0,0,train,1,False,False,True,False,False,0
1,154374,2,Other-service,1,0,0,1,United-States,36-45,0,0,0,0,train,0,False,False,False,False,True,0
1,123983,2,Other-service,1,0,0,1,China,36-45,0,0,0,0,train,0,False,True,False,False,False,0
1,182655,2,Other-service,1,0,0,1,United-States,36-45,0,0,0,1,train,0,False,False,False,False,True,0
1,160362,2,Other-service,1,0,0,1,Nicaragua,26-35,0,0,0,0,train,1,False,False,False,False,True,0
1,223062,2,Other-service,1,0,0,1,United-States,36-45,0,0,0,0,train,0,False,False,True,False,False,0
1,271767,2,Prof-specialty,1,0,0,1,United-States,36-45,0,0,0,0,train,0,False,False,False,False,True,0
1,102895,2,Prof-specialty,1,0,0,1,United-States,36-45,0,0,0,0,train,0,False,False,False,False,True,0
1,184018,2,Prof-specialty,1,0,0,1,United-States,36-45,0,0,0,0,train,0,False,False,False,False,True,0
1,255454,2,Prof-specialty,1,0,0,1,United-States,36-45,0,0,0,0,train,0,False,False,True,False,False,0
1,121956,2,Prof-specialty,1,13550,0,1,Cambodia,36-45,13550,1,0,1,train,0,False,True,False,False,False,0
1,27444,2,Prof-specialty,1,0,0,1,United-States,36-45,0,0,0,1,train,0,False,False,False,False,True,0
1,235124,2,Prof-specialty,1,0,0,1,United-States,26-35,0,0,0,0,train,0,False,False,False,False,True,0
1,147510,2,Prof-specialty,1,0,0,1,United-States,36-45,0,0,0,0,train,0,False,False,False,False,True,0
1,218558,2,Prof-specialty,1,3325,0,1,United-States,36-45,3325,1,0,0,train,0,False,False,False,False,True,0
1,174575,2,Prof-specialty,1,0,0,1,United-States,36-45,0,0,0,0,train,0,False,False,False,False,True,0
1,206512,2,Prof-specialty,1,0,0,1,United-States,26-35,0,0,0,0,train,0,False,False,False,False,True,0
1,397346,2,Prof-specialty,1,0,0,1,United-States,36-45,0,0,0,0,train,0,False,False,False,False,True,0
1,55764,2,Prof-specialty,1,0,0,1,United-States,36-45,0,0,0,0,train,0,False,False,True,False,False,0
1,180871,2,Sales,1,0,0,1,United-States,26-35,0,0,0,1,train,0,False,False,False,False,True,0
1,86551,2,Sales,1,0,0,1,United-States,36-45,0,0,0,1,train,0,False,False,False,False,True,0
1,192337,2,Sales,1,0,0,1,United-States,36-45,0,0,0,0,train,0,False,False,False,False,True,0
1,410034,2,Sales,1,0,0,1,United-States,26-35,0,0,0,0,train,0,False,False,False,False,True,0
1,197867,2,Sales,1,0,0,1,United-States,26-35,0,0,0,0,train,0,False,False,False,False,True,0
1,236770,2,Sales,1,0,0,1,United-States,26-35,0,0,0,0,train,0,False,False,False,False,True,0
1,191712,2,Sales,1,0,1590,1,United-States,36-45,-1590,0,1,0,train,0,False,False,False,False,True,0
1,153132,2,Sales,1,0,0,1,United-States,36-45,0,0,0,0,train,0,False,False,False,False,True,0
1,50122,2,Sales,1,0,0,1,United-States,36-45,0,0,0,0,train,1,False,False,False,False,True,0
1,59767,2,Sales,1,0,0,1,United-States,46-55,0,0,0,0,train,0,False,False,False,False,True,0
1,339863,2,Sales,1,8614,0,1,United-States,36-45,8614,1,0,1,train,0,False,False,False,False,True,0
1,328447,0,Craft-repair,1,0,0,1,Mexico,36-45,0,0,0,0,train,1,False,False,False,False,True,1
1,324420,0,Craft-repair,1,0,0,1,Mexico,36-45,0,0,0,0,train,1,False,False,False,False,True,1
1,119741,0,Craft-repair,1,0,0,1,United-States,36-45,0,0,0,1,train,1,False,False,True,False,False,1
1,572751,0,Craft-repair,1,5178,0,1,Mexico,36-45,5178,1,0,1,train,1,False,False,False,False,True,1
1,191342,0,Craft-repair,1,0,0,1,Cambodia,36-45,0,0,0,0,train,1,False,True,False,False,False,1
1,148599,0,Craft-repair,1,0,0,1,United-States,46-55,0,0,0,1,train,1,False,False,False,False,True,1
1,142897,0,Exec-managerial,1,7298,0,1,Taiwan,26-35,7298,1,0,1,train,1,False,True,False,False,False,1
1,188436,0,Exec-managerial,1,5013,0,1,United-States,36-45,5013,1,0,0,train,1,False,False,False,False,True,1
1,227065,0,Exec-managerial,1,0,0,1,United-States,36-45,0,0,0,1,train,1,False,False,False,False,True,1
1,246212,0,Exec-managerial,1,0,0,1,United-States,46-55,0,0,0,1,train,1,False,False,False,False,True,1
1,201723,0,Exec-managerial,1,0,1902,1,United-States,36-45,-1902,0,1,1,train,1,False,False,False,False,True,1
1,79331,0,Exec-managerial,1,15024,0,1,United-States,36-45,15024,1,0,1,train,1,False,True,False,False,False,1
1,102606,0,Exec-managerial,1,0,0,1,United-States,36-45,0,0,0,1,train,1,False,False,False,False,True,1
1,505119,0,Exec-managerial,1,0,0,1,Cuba,36-45,0,0,0,1,train,1,False,False,False,False,True,1
1,111252,0,Exec-managerial,1,0,1977,1,United-States,36-45,-1977,0,1,1,train,1,False,False,False,False,True,1
1,142287,0,Exec-managerial,1,0,0,1,United-States,36-45,0,0,0,1,train,1,False,False,False,False,True,1
1,116358,0,Exec-managerial,1,0,0,1,Taiwan,36-45,0,0,0,1,train,1,False,True,False,False,False,1
1,198282,0,Exec-managerial,1,15024,0,1,United-States,36-45,15024,1,0,1,train,1,False,False,False,False,True,1
1,178385,0,Exec-managerial,1,0,0,1,India,36-45,0,0,0,0,train,1,False,True,False,False,False,1
1,295589,0,Exec-managerial,1,0,1977,1,United-States,26-35,-1977,0,1,1,train,1,False,False,True,False,False,1
1,99527,0,Exec-managerial,1,0,0,1,United-States,36-45,0,0,0,1,train,1,False,False,False,False,True,1
1,122861,0,Exec-managerial,1,0,0,1,United-States,36-45,0,0,0,1,train,1,False,False,False,False,True,1
1,65278,0,Exec-managerial,1,0,0,1,United-States,26-35,0,0,0,0,train,1,False,False,False,False,True,1
1,71738,0,Exec-managerial,1,0,0,1,United-States,36-45,0,0,0,1,train,1,False,False,False,False,True,1
1,240252,0,Exec-managerial,1,0,0,1,United-States,26-35,0,0,0,1,train,1,False,False,False,False,True,1
1,299635,0,Exec-managerial,1,0,1902,1,United-States,26-35,-1902,0,1,1,train,1,False,False,False,False,True,1
1,55720,0,Exec-managerial,1,0,0,1,United-States,46-55,0,0,0,1,train,1,False,False,False,False,True,1
1,115076,0,Exec-managerial,1,0,0,2,United-States,36-45,0,0,0,1,train,1,False,False,False,False,True,1
1,445382,0,Exec-managerial,1,0,1977,2,United-States,36-45,-1977,0,1,1,train,1,False,False,False,False,True,1
1,188386,0,Exec-managerial,1,15024,0,2,United-States,46-55,15024,1,0,1,train,1,False,False,False,False,True,1
1,121718,0,Exec-managerial,1,0,1902,2,United-States,36-45,-1902,0,1,1,train,1,False,False,False,False,True,1
1,329980,0,Exec-managerial,1,0,2415,2,United-States,36-45,-2415,0,1,1,train,1,False,False,False,False,True,1
1,49115,0,Exec-managerial,1,0,0,2,United-States,36-45,0,0,0,1,train,1,False,False,False,False,True,1
1,147328,0,Exec-managerial,1,0,1977,2,United-States,36-45,-1977,0,1,1,train,1,False,False,False,False,True,1
1,266645,0,Exec-managerial,1,0,0,2,United-States,36-45,0,0,0,1,train,1,False,False,False,False,True,1
1,96452,0,Exec-managerial,1,0,0,2,United-States,36-45,0,0,0,1,train,1,False,False,False,False,True,1
1,234901,0,Exec-managerial,1,0,1977,2,United-States,36-45,-1977,0,1,1,train,1,False,False,False,False,True,1
1,116632,0,Prof-specialty,1,0,0,1,United-States,36-45,0,0,0,1,train,1,False,False,False,False,True,1
1,202051,0,Prof-specialty,1,0,0,1,United-States,26-35,0,0,0,0,train,1,False,False,False,False,True,1
1,65324,0,Prof-specialty,1,0,0,1,United-States,36-45,0,0,0,1,train,1,False,False,False,False,True,1
1,125933,0,Prof-specialty,1,0,0,1,Iran,36-45,0,0,0,1,train,1,False,False,False,False,True,1
1,138992,0,Prof-specialty,1,7298,0,1,United-States,26-35,7298,1,0,1,train,1,False,False,False,False,True,1
1,208405,0,Prof-specialty,1,0,0,1,United-States,26-35,0,0,0,1,train,1,False,False,False,False,True,1
1,202692,0,Prof-specialty,1,0,0,1,United-States,36-45,0,0,0,0,train,1,False,False,False,False,True,1
1,214242,0,Prof-specialty,1,0,1902,1,United-States,36-45,-1902,0,1,1,train,1,False,False,False,False,True,1
1,102388,0,Prof-specialty,1,15024,0,1,United-States,46-55,15024,1,0,1,train,1,False,False,False,False,True,1
1,292472,0,Prof-specialty,1,0,0,1,Taiwan,26-35,0,0,0,1,train,1,False,True,False,False,False,1
1,73585,0,Prof-specialty,1,0,0,1,United-States,26-35,0,0,0,0,train,1,False,False,False,False,True,1
1,170108,0,Prof-specialty,1,0,0,1,United-States,36-45,0,0,0,0,train,1,False,False,False,False,True,1
1,132222,0,Prof-specialty,1,0,2415,1,United-States,36-45,-2415,0,1,1,train,1,False,False,False,False,True,1
1,188693,0,Prof-specialty,1,0,0,1,United-States,36-45,0,0,0,1,train,1,False,False,False,False,True,1
1,354573,0,Prof-specialty,1,15024,0,1,United-States,26-35,15024,1,0,1,train,1,False,False,False,False,True,1
1,200818,0,Prof-specialty,1,0,0,1,United-States,36-45,0,0,0,1,train,1,False,False,False,False,True,1
1,279661,0,Prof-specialty,1,0,0,1,United-States,46-55,0,0,0,0,train,1,False,False,True,False,False,1
1,180686,0,Prof-specialty,1,0,0,1,United-States,36-45,0,0,0,0,train,1,False,False,False,False,True,1
1,119098,0,Prof-specialty,1,7298,0,1,United-States,26-35,7298,1,0,1,train,1,False,False,False,False,True,1
1,46406,0,Prof-specialty,1,0,0,1,England,36-45,0,0,0,1,train,1,False,False,False,False,True,1
1,145160,0,Prof-specialty,1,0,0,1,United-States,36-45,0,0,0,1,train,1,False,False,False,False,True,1
1,233955,0,Prof-specialty,1,0,0,1,China,36-45,0,0,0,1,train,1,False,True,False,False,False,1
1,112847,0,Prof-specialty,1,0,0,1,United-States,36-45,0,0,0,1,train,1,False,True,False,False,False,1
1,253354,0,Prof-specialty,1,0,0,1,United-States,26-35,0,0,0,0,train,1,False,False,False,False,True,1
1,146659,0,Prof-specialty,1,0,1887,1,United-States,36-45,-1887,0,1,1,train,1,False,False,False,False,True,1
1,338320,0,Prof-specialty,1,0,1977,1,United-States,36-45,-1977,0,1,1,train,1,False,False,False,False,True,1
1,153976,0,Prof-specialty,1,0,0,1,United-States,36-45,0,0,0,1,train,1,False,False,False,False,True,1
1,185145,0,Prof-specialty,1,0,0,1,United-States,36-45,0,0,0,1,train,1,False,False,False,False,True,1
1,40024,0,Prof-specialty,1,0,0,1,United-States,36-45,0,0,0,1,train,1,False,False,False,False,True,1
1,176814,0,Prof-specialty,1,99999,0,1,United-States,46-55,99999,1,0,1,train,1,False,False,False,False,True,1
1,242720,0,Prof-specialty,1,0,0,1,United-States,36-45,0,0,0,1,train,1,False,False,False,False,True,1
1,113823,0,Prof-specialty,1,0,0,1,England,36-45,0,0,0,0,train,1,False,False,False,False,True,1
1,120760,0,Prof-specialty,1,0,0,1,China,36-45,0,0,0,0,train,1,False,True,False,False,False,1
1,174325,0,Prof-specialty,1,7688,0,1,United-States,36-45,7688,1,0,1,train,1,False,False,True,False,False,1
1,102025,0,Prof-specialty,1,0,0,1,United-States,36-45,0,0,0,0,train,1,False,False,False,True,False,1
1,111567,0,Prof-specialty,1,0,0,1,United-States,26-35,0,0,0,1,train,1,False,False,False,False,True,1
1,244522,0,Prof-specialty,1,0,1902,1,United-States,36-45,-1902,0,1,1,train,1,False,False,False,False,True,1
1,356838,0,Prof-specialty,1,0,0,1,Canada,36-45,0,0,0,0,train,1,False,False,False,False,True,1
1,186824,0,Prof-specialty,1,15024,0,1,United-States,26-35,15024,1,0,1,train,1,False,False,False,False,True,1
1,43959,0,Prof-specialty,1,7688,0,1,United-States,26-35,7688,1,0,1,train,1,False,False,False,False,True,1
1,304175,0,Prof-specialty,1,0,0,1,United-States,36-45,0,0,0,1,train,1,False,False,False,False,True,1
1,344060,0,Prof-specialty,1,0,0,1,United-States,36-45,0,0,0,1,train,1,False,False,False,False,True,1
1,168387,0,Prof-specialty,1,0,0,1,United-States,26-35,0,0,0,0,train,1,False,False,False,False,True,1
1,107762,0,Prof-specialty,1,0,0,1,United-States,36-45,0,0,0,1,train,1,False,False,False,False,True,1
1,117381,0,Prof-specialty,1,0,0,1,United-States,36-45,0,0,0,0,train,1,False,False,False,False,True,1
1,174216,0,Prof-specialty,1,0,0,1,United-States,36-45,0,0,0,1,train,1,False,False,False,False,True,1
1,362062,0,Prof-specialty,1,99999,0,1,United-States,36-45,99999,1,0,1,train,1,False,False,False,False,True,1
1,117963,0,Prof-specialty,1,0,0,1,United-States,26-35,0,0,0,1,train,1,False,False,False,False,True,1
1,193524,0,Prof-specialty,1,0,0,2,United-States,36-45,0,0,0,1,train,1,False,False,False,False,True,1
1,220531,0,Prof-specialty,1,0,0,2,United-States,36-45,0,0,0,1,train,1,False,False,False,False,True,1
1,94113,0,Prof-specialty,1,0,0,2,United-States,36-45,0,0,0,1,train,1,False,False,False,False,True,1
1,370119,0,Prof-specialty,1,99999,0,2,United-States,46-55,99999,1,0,1,train,1,False,False,False,False,True,1
1,99835,0,Prof-specialty,1,0,0,2,United-States,46-55,0,0,0,1,train,1,False,False,False,False,True,1
1,192002,0,Prof-specialty,1,0,0,2,United-States,26-35,0,0,0,1,train,1,False,False,False,False,True,1
1,116379,0,Prof-specialty,1,0,0,2,Taiwan,36-45,0,0,0,1,train,1,False,True,False,False,False,1
1,107302,0,Prof-specialty,1,0,0,2,United-States,36-45,0,0,0,1,train,1,False,False,False,False,True,1
1,187702,0,Prof-specialty,1,0,2415,2,United-States,36-45,-2415,0,1,1,train,1,False,False,False,False,True,1
1,178319,0,Prof-specialty,1,0,0,2,United-States,36-45,0,0,0,1,train,1,False,False,False,False,True,1
1,223881,0,Prof-specialty,1,99999,0,2,United-States,36-45,99999,1,0,1,train,1,False,False,False,False,True,1
1,348739,0,Prof-specialty,1,0,0,2,United-States,36-45,0,0,0,0,train,1,False,False,False,False,True,1
1,378384,0,Prof-specialty,1,0,1902,2,United-States,36-45,-1902,0,1,1,train,1,False,False,False,False,True,1
1,126569,0,Prof-specialty,1,15024,0,2,United-States,36-45,15024,1,0,1,train,1,False,False,False,False,True,1
1,144064,0,Prof-specialty,1,0,0,2,United-States,26-35,0,0,0,1,train,1,False,False,False,False,True,1
1,37070,0,Prof-specialty,1,0,0,2,Canada,26-35,0,0,0,0,train,1,False,False,False,False,True,1
1,136081,0,Prof-specialty,1,0,0,2,United-States,36-45,0,0,0,1,train,1,False,False,False,False,True,1
1,201080,0,Sales,1,0,0,1,United-States,36-45,0,0,0,1,train,1,False,False,False,False,True,1
1,289430,0,Sales,1,0,0,1,Mexico,26-35,0,0,0,1,train,1,False,False,False,False,True,1
1,356250,0,Sales,1,0,0,1,China,26-35,0,0,0,0,train,1,False,True,False,False,False,1
1,165799,0,Sales,1,0,0,1,United-States,36-45,0,0,0,1,train,1,False,False,False,False,True,1
1,189878,0,Sales,1,0,0,1,United-States,26-35,0,0,0,1,train,1,False,False,False,False,True,1
1,201785,0,Sales,1,0,0,1,United-States,36-45,0,0,0,1,train,1,False,False,False,False,True,1
1,255191,1,Prof-specialty,1,0,1408,1,United-States,36-45,-1408,0,1,0,train,0,False,False,False,False,True,1
1,194360,1,Prof-specialty,1,0,0,1,United-States,36-45,0,0,0,0,train,0,False,False,False,False,True,1
1,33975,1,Prof-specialty,1,0,0,1,United-States,26-35,0,0,0,1,train,0,False,False,False,False,True,1
1,103110,1,Prof-specialty,1,0,0,1,England,36-45,0,0,0,0,train,0,False,False,False,False,True,1
1,284166,1,Prof-specialty,1,0,0,1,United-States,36-45,0,0,0,0,train,0,False,False,False,False,True,1
1,75227,1,Prof-specialty,1,14084,0,1,United-States,36-45,14084,1,0,1,train,0,False,False,False,False,True,1
1,335549,1,Prof-specialty,1,0,2444,1,United-States,36-45,-2444,0,1,1,train,0,False,False,False,False,True,1
1,94235,1,Prof-specialty,1,0,0,1,United-States,26-35,0,0,0,1,train,1,False,False,False,False,True,1
1,101593,1,Prof-specialty,1,0,1876,1,United-States,36-45,-1876,0,1,0,train,0,False,False,False,False,True,1
1,89325,2,Prof-specialty,1,0,0,1,United-States,36-45,0,0,0,0,train,0,False,False,False,False,True,1
1,247514,2,Prof-specialty,1,0,0,1,United-States,36-45,0,0,0,0,train,0,False,False,False,False,True,1
1,208358,2,Prof-specialty,1,99999,0,1,United-States,36-45,99999,1,0,1,train,0,False,False,False,False,True,1
1,214627,2,Prof-specialty,1,15020,0,1,Iran,36-45,15020,1,0,1,train,0,False,False,False,False,True,1
1,320194,2,Prof-specialty,1,0,0,1,United-States,26-35,0,0,0,1,train,0,False,False,False,False,True,1
1,147372,0,Adm-clerical,1,0,0,1,United-States,36-45,0,0,0,0,train,1,False,False,False,False,True,2
1,304030,0,Adm-clerical,1,0,0,1,United-States,26-35,0,0,0,0,train,1,False,False,True,False,False,2
1,153141,0,Adm-clerical,1,0,0,1,United-States,36-45,0,0,0,0,train,1,False,False,False,False,True,2
1,95432,0,Adm-clerical,1,0,0,1,United-States,36-45,0,0,0,1,train,1,False,False,False,False,True,2
1,202952,0,Adm-clerical,1,0,0,1,United-States,26-35,0,0,0,0,train,1,False,False,False,False,True,2
1,83893,0,Adm-clerical,1,0,0,1,United-States,36-45,0,0,0,1,train,1,False,False,False,False,True,2
1,103538,0,Adm-clerical,1,0,0,1,United-States,36-45,0,0,0,1,train,1,False,False,False,False,True,2
1,248010,0,Adm-clerical,1,0,0,1,United-States,36-45,0,0,0,0,train,1,False,False,False,False,True,2
1,351228,0,Adm-clerical,1,0,0,1,United-States,36-45,0,0,0,0,train,1,False,False,False,False,True,2
1,314322,0,Adm-clerical,1,0,0,1,United-States,36-45,0,0,0,1,train,1,False,False,False,False,True,2
1,160120,0,Adm-clerical,1,0,0,1,Vietnam,36-45,0,0,0,0,train,1,False,True,False,False,False,2
1,185359,0,Adm-clerical,1,0,0,1,United-States,36-45,0,0,0,0,train,1,False,False,False,False,True,2
1,80058,0,Adm-clerical,1,0,0,1,United-States,26-35,0,0,0,0,train,1,False,False,False,False,True,2
1,207578,0,Adm-clerical,1,0,0,1,United-States,36-45,0,0,0,1,train,1,False,False,False,False,True,2
1,175109,0,Adm-clerical,1,0,1485,1,United-States,46-55,-1485,0,1,1,train,1,False,False,False,False,True,2
1,193494,0,Adm-clerical,1,0,0,1,United-States,36-45,0,0,0,0,train,1,False,False,False,False,True,2
1,186272,0,Adm-clerical,1,5178,0,1,United-States,36-45,5178,1,0,1,train,1,False,False,True,False,False,2
1,67317,0,Adm-clerical,1,0,0,1,United-States,36-45,0,0,0,0,train,1,False,False,False,False,True,2
1,155537,0,Craft-repair,1,0,0,1,United-States,36-45,0,0,0,0,train,1,False,False,False,False,True,2
1,317660,0,Craft-repair,1,7688,0,1,United-States,26-35,7688,1,0,1,train,1,False,False,False,False,True,2
1,120985,0,Craft-repair,1,4386,0,1,United-States,36-45,4386,1,0,0,train,1,False,False,False,False,True,2
1,208358,0,Craft-repair,1,0,0,1,United-States,36-45,0,0,0,1,train,1,False,False,False,False,True,2
1,190387,0,Craft-repair,1,0,0,1,United-States,36-45,0,0,0,0,train,1,False,False,False,False,True,2
1,106742,0,Craft-repair,1,0,0,1,United-States,26-35,0,0,0,0,train,1,False,False,False,False,True,2
1,219288,0,Craft-repair,1,0,0,1,United-States,36-45,0,0,0,0,train,1,False,False,False,False,True,2
1,247019,0,Craft-repair,1,0,0,1,United-States,36-45,0,0,0,1,train,1,False,False,True,False,False,2
1,190290,0,Craft-repair,1,0,0,1,United-States,26-35,0,0,0,1,train,1,False,False,False,False,True,2
1,231043,0,Craft-repair,1,5178,0,1,United-States,26-35,5178,1,0,1,train,1,False,False,False,False,True,2
1,143653,0,Craft-repair,1,0,0,1,United-States,26-35,0,0,0,0,train,1,False,False,False,False,True,2
1,239683,0,Craft-repair,1,0,0,1,United-States,36-45,0,0,0,0,train,1,False,False,False,False,True,2
1,202046,0,Craft-repair,1,0,0,1,United-States,26-35,0,0,0,1,train,1,False,False,False,False,True,2
1,200153,0,Craft-repair,1,0,0,1,United-States,36-45,0,0,0,0,train,1,False,False,False,False,True,2
1,185385,0,Craft-repair,1,0,0,1,United-States,36-45,0,0,0,1,train,1,False,False,False,False,True,2
1,132879,0,Craft-repair,1,0,1902,1,United-States,36-45,-1902,0,1,1,train,1,False,False,False,False,True,2
1,215310,0,Craft-repair,1,0,0,1,United-States,36-45,0,0,0,1,train,1,False,False,False,False,True,2
1,167725,0,Craft-repair,1,0,0,1,United-States,36-45,0,0,0,0,train,1,False,False,False,False,True,2
1,247379,0,Craft-repair,1,0,0,1,United-States,36-45,0,0,0,1,train,1,False,False,False,False,True,2
1,413297,0,Craft-repair,1,0,0,1,United-States,36-45,0,0,0,0,train,1,False,False,False,False,True,2
1,289403,0,Craft-repair,1,0,1887,1,United-States,36-45,-1887,0,1,1,train,1,False,False,True,False,False,2
1,379350,0,Craft-repair,1,0,0,1,United-States,36-45,0,0,0,0,train,1,False,False,False,False,True,2
1,136028,0,Craft-repair,1,0,0,1,United-States,36-45,0,0,0,0,train,1,False,False,False,False,True,2
1,421871,0,Craft-repair,1,0,0,1,United-States,36-45,0,0,0,1,train,1,False,False,True,False,False,2
1,36228,0,Craft-repair,1,0,1902,1,United-States,46-55,-1902,0,1,0,train,1,False,False,False,False,True,2
1,244665,0,Craft-repair,1,5178,0,1,United-States,26-35,5178,1,0,1,train,1,False,False,False,False,True,2
1,187046,0,Craft-repair,1,0,0,1,United-States,36-45,0,0,0,0,train,1,False,False,False,False,True,2
1,24106,0,Craft-repair,1,3103,0,1,United-States,36-45,3103,1,0,1,train,1,False,False,False,False,True,2
1,379412,0,Craft-repair,1,0,0,1,United-States,26-35,0,0,0,0,train,1,False,False,False,False,True,2
1,213821,0,Craft-repair,1,0,1887,1,United-States,36-45,-1887,0,1,1,train,1,False,False,False,False,True,2
1,277347,0,Craft-repair,1,0,0,1,United-States,36-45,0,0,0,0,train,1,False,False,False,False,True,2
1,167955,0,Craft-repair,1,0,0,1,Poland,36-45,0,0,0,0,train,1,False,False,False,False,True,2
1,225193,0,Craft-repair,1,0,0,1,United-States,36-45,0,0,0,0,train,1,False,False,False,False,True,2
1,350624,0,Craft-repair,1,0,0,1,United-States,26-35,0,0,0,0,train,1,False,False,False,False,True,2
1,105813,0,Craft-repair,1,0,0,1,United-States,36-45,0,0,0,0,train,1,False,False,False,False,True,2
1,111985,0,Craft-repair,1,0,0,1,United-States,26-35,0,0,0,0,train,1,False,False,False,False,True,2
1,288551,0,Craft-repair,1,0,0,1,United-States,36-45,0,0,0,0,train,1,False,False,True,False,False,2
1,509364,0,Craft-repair,1,0,0,1,United-States,26-35,0,0,0,0,train,1,False,False,False,False,True,2
1,94235,0,Craft-repair,1,0,0,1,United-States,26-35,0,0,0,1,train,1,False,False,False,False,True,2
1,158592,0,Craft-repair,1,0,0,1,United-States,36-45,0,0,0,0,train,1,False,False,False,False,True,2
1,140752,0,Craft-repair,1,0,0,1,United-States,26-35,0,0,0,0,train,1,False,False,False,False,True,2
1,103751,0,Craft-repair,1,0,0,1,United-States,36-45,0,0,0,0,train,1,False,False,False,False,True,2
1,272165,0,Craft-repair,1,0,0,1,United-States,36-45,0,0,0,0,train,1,False,False,False,False,True,2
1,188391,0,Craft-repair,1,7298,0,1,United-States,36-45,7298,1,0,1,train,1,False,False,False,False,True,2
1,181382,0,Craft-repair,1,0,0,1,United-States,26-35,0,0,0,0,train,1,False,False,False,False,True,2
1,94962,0,Craft-repair,1,0,0,1,England,36-45,0,0,0,0,train,1,False,False,False,False,True,2
1,367020,0,Craft-repair,1,0,0,1,United-States,36-45,0,0,0,0,train,1,False,False,False,False,True,2
1,231043,0,Craft-repair,1,0,0,1,United-States,26-35,0,0,0,1,train,1,False,False,False,False,True,2
1,180342,0,Craft-repair,1,0,0,1,United-States,26-35,0,0,0,0,train,1,False,False,False,False,True,2
1,231689,0,Craft-repair,1,0,0,1,United-States,36-45,0,0,0,1,train,1,False,False,False,False,True,2
1,192208,0,Craft-repair,1,0,0,1,United-States,46-55,0,0,0,0,train,1,False,False,False,False,True,2
1,220585,0,Craft-repair,1,0,0,1,United-States,36-45,0,0,0,0,train,1,False,False,False,False,True,2
1,364782,0,Craft-repair,1,0,0,1,United-States,36-45,0,0,0,1,train,1,False,False,False,False,True,2
1,80933,0,Craft-repair,1,0,1672,1,United-States,26-35,-1672,0,1,0,train,1,False,False,False,False,True,2
1,271828,0,Craft-repair,1,0,0,1,United-States,46-55,0,0,0,1,train,1,False,False,False,False,True,2
1,76487,0,Craft-repair,1,0,0,1,United-States,36-45,0,0,0,0,train,1,False,False,False,False,True,2
1,408328,0,Craft-repair,1,0,0,1,United-States,26-35,0,0,0,0,train,1,False,False,False,False,True,2
1,328216,0,Craft-repair,1,0,0,1,United-States,46-55,0,0,0,1,train,1,False,False,False,False,True,2
1,127651,0,Craft-repair,1,0,0,1,United-States,26-35,0,0,0,1,train,1,False,False,False,False,True,2
1,295949,0,Craft-repair,1,0,1628,1,United-States,36-45,-1628,0,1,0,train,1,False,False,False,False,True,2
1,222434,0,Craft-repair,1,0,0,1,United-States,36-45,0,0,0,0,train,1,False,False,False,False,True,2
1,177305,0,Craft-repair,1,0,0,1,United-States,36-45,0,0,0,0,train,1,False,False,False,False,True,2
1,195148,0,Craft-repair,1,3137,0,1,United-States,36-45,3137,1,0,0,train,1,False,False,False,False,True,2
1,143058,0,Craft-repair,1,0,0,1,United-States,36-45,0,0,0,0,train,1,False,False,False,False,True,2
1,46807,0,Craft-repair,1,99999,0,1,United-States,26-35,99999,1,0,1,train,1,False,False,False,False,True,2
1,111979,0,Craft-repair,1,0,0,1,United-States,46-55,0,0,0,0,train,1,False,False,False,False,True,2
1,155343,0,Craft-repair,1,0,1848,1,United-States,26-35,-1848,0,1,1,train,1,False,False,False,False,True,2
1,424988,0,Craft-repair,1,0,0,1,United-States,26-35,0,0,0,0,train,1,False,False,False,False,True,2
1,196266,0,Craft-repair,1,0,0,1,United-States,26-35,0,0,0,1,train,1,False,False,False,False,True,2
1,360799,0,Craft-repair,1,7298,0,1,United-States,26-35,7298,1,0,1,train,1,False,False,False,False,True,2
1,132601,0,Craft-repair,1,0,0,1,United-States,26-35,0,0,0,1,train,1,False,False,False,False,True,2
1,56920,0,Craft-repair,1,0,0,2,United-States,36-45,0,0,0,0,train,1,False,False,False,False,True,2
1,125831,0,Craft-repair,1,0,2051,2,United-States,36-45,-2051,0,1,0,train,1,False,False,False,False,True,2
1,563883,0,Craft-repair,1,0,0,2,United-States,46-55,0,0,0,1,train,1,False,False,True,False,False,2
1,245626,0,Craft-repair,1,0,0,2,United-States,36-45,0,0,0,0,train,1,True,False,False,False,False,2
1,160167,0,Craft-repair,1,0,0,2,United-States,36-45,0,0,0,0,train,1,False,False,False,False,True,2
1,33068,0,Craft-repair,1,0,0,2,United-States,36-45,0,0,0,0,train,1,False,False,False,False,True,2
1,160574,0,Craft-repair,1,0,0,2,United-States,36-45,0,0,0,1,train,1,False,False,False,False,True,2
1,338320,0,Craft-repair,1,0,0,2,United-States,36-45,0,0,0,1,train,1,False,False,False,False,True,2
1,200153,0,Craft-repair,1,0,0,2,United-States,36-45,0,0,0,0,train,1,False,False,False,False,True,2
1,204205,0,Craft-repair,1,0,0,2,United-States,36-45,0,0,0,0,train,1,False,False,False,False,True,2
1,172538,0,Craft-repair,1,0,0,2,United-States,36-45,0,0,0,1,train,1,False,False,False,False,True,2
1,31023,0,Craft-repair,1,0,0,2,United-States,36-45,0,0,0,0,train,1,False,False,False,False,True,2
1,207668,0,Craft-repair,1,0,0,2,United-States,26-35,0,0,0,1,train,1,False,False,False,False,True,2
1,174308,0,Exec-managerial,1,0,0,1,United-States,36-45,0,0,0,0,train,1,False,False,False,False,True,2
1,196373,0,Exec-managerial,1,0,0,1,United-States,36-45,0,0,0,1,train,1,False,False,False,False,True,2
1,180804,0,Exec-managerial,1,0,0,1,United-States,36-45,0,0,0,1,train,1,False,False,False,False,True,2
1,277647,0,Exec-managerial,1,0,0,1,United-States,36-45,0,0,0,0,train,1,False,False,False,False,True,2
1,218184,0,Exec-managerial,1,0,1651,1,Mexico,36-45,-1651,0,1,0,train,1,False,False,False,False,True,2
1,106092,0,Exec-managerial,1,0,0,1,United-States,46-55,0,0,0,1,train,1,False,False,False,False,True,2
1,240124,0,Exec-managerial,1,0,0,1,United-States,36-45,0,0,0,1,train,1,False,False,False,False,True,2
1,336595,0,Exec-managerial,1,0,0,1,United-States,36-45,0,0,0,1,train,1,False,False,False,False,True,2
1,179557,0,Exec-managerial,1,0,1977,1,United-States,36-45,-1977,0,1,1,train,1,False,False,False,False,True,2
1,188540,0,Exec-managerial,1,0,1902,1,United-States,36-45,-1902,0,1,1,train,1,False,False,False,False,True,2
1,171150,0,Exec-managerial,1,0,1887,1,United-States,36-45,-1887,0,1,1,train,1,False,False,False,False,True,2
1,272950,0,Exec-managerial,1,0,0,1,United-States,36-45,0,0,0,0,train,1,False,False,False,False,True,2
1,29696,0,Exec-managerial,1,0,0,1,United-States,46-55,0,0,0,1,train,1,False,False,False,False,True,2
1,220132,0,Exec-managerial,1,7298,0,1,United-States,36-45,7298,1,0,1,train,1,False,False,False,False,True,2
1,49626,0,Exec-managerial,1,0,0,1,United-States,36-45,0,0,0,0,train,1,False,False,False,False,True,2
1,64632,0,Exec-managerial,1,0,0,1,United-States,36-45,0,0,0,0,train,1,False,False,False,False,True,2
1,68781,0,Exec-managerial,1,0,0,1,United-States,36-45,0,0,0,0,train,1,False,False,False,False,True,2
1,176863,0,Exec-managerial,1,0,0,1,United-States,46-55,0,0,0,0,train,1,False,False,False,False,True,2
1,338740,0,Exec-managerial,1,0,0,1,United-States,36-45,0,0,0,0,train,1,False,False,False,False,True,2
1,385591,0,Exec-managerial,1,0,0,1,United-States,36-45,0,0,0,1,train,1,False,False,False,False,True,2
1,185099,0,Exec-managerial,1,0,0,1,United-States,36-45,0,0,0,0,train,1,False,False,False,False,True,2
1,288049,0,Exec-managerial,1,0,0,1,United-States,36-45,0,0,0,0,train,1,False,False,False,False,True,2
1,443508,0,Exec-managerial,1,0,0,1,United-States,36-45,0,0,0,0,train,1,False,False,False,False,True,2
1,110331,0,Exec-managerial,1,0,1672,2,United-States,26-35,-1672,0,1,0,train,1,False,False,False,False,True,2
1,368561,0,Exec-managerial,1,0,0,2,United-States,36-45,0,0,0,1,train,1,False,False,False,False,True,2
1,137314,0,Exec-managerial,1,0,0,2,United-States,36-45,0,0,0,0,train,1,False,False,False,False,True,2
1,120837,0,Exec-managerial,1,0,0,2,United-States,36-45,0,0,0,0,train,1,False,False,False,False,True,2
1,103643,0,Exec-managerial,1,5013,0,2,Greece,36-45,5013,1,0,0,train,1,False,False,False,False,True,2
1,34104,0,Exec-managerial,1,3103,0,2,United-States,26-35,3103,1,0,1,train,1,False,False,False,False,True,2
1,76845,0,Farming-fishing,1,0,0,1,United-States,26-35,0,0,0,0,train,1,False,False,True,False,False,2
1,303044,0,Farming-fishing,1,0,0,1,Cambodia,36-45,0,0,0,1,train,1,False,True,False,False,False,2
1,191547,0,Farming-fishing,1,0,0,1,Mexico,36-45,0,0,0,0,train,1,False,False,False,False,True,2
1,103605,0,Farming-fishing,1,0,0,1,United-States,26-35,0,0,0,0,train,1,False,False,False,False,True,2
1,306495,0,Farming-fishing,1,0,0,1,United-States,36-45,0,0,0,0,train,1,False,False,False,False,True,2
1,373403,0,Farming-fishing,1,0,0,1,United-States,36-45,0,0,0,0,train,1,False,False,False,False,True,2
1,632613,0,Farming-fishing,1,0,0,1,Mexico,36-45,0,0,0,0,train,1,False,False,False,False,True,2
1,124692,0,Handlers-cleaners,1,0,0,1,United-States,36-45,0,0,0,0,train,1,False,False,False,False,True,2
1,477983,0,Handlers-cleaners,1,0,0,1,United-States,36-45,0,0,0,0,train,1,False,False,True,False,False,2
1,335183,0,Handlers-cleaners,1,0,0,1,United-States,36-45,0,0,0,1,train,1,False,False,True,False,False,2
1,113397,0,Handlers-cleaners,1,0,0,1,United-States,36-45,0,0,0,0,train,1,False,False,False,False,True,2
1,443040,0,Handlers-cleaners,1,0,0,1,United-States,36-45,0,0,0,0,train,1,False,False,True,False,False,2
1,188386,0,Handlers-cleaners,1,0,1628,1,United-States,36-45,-1628,0,1,0,train,1,False,False,False,False,True,2
1,70055,0,Handlers-cleaners,1,0,0,1,United-States,36-45,0,0,0,0,train,1,False,False,False,False,True,2
1,758700,0,Handlers-cleaners,1,3781,0,1,Mexico,36-45,3781,1,0,0,train,1,False,False,False,False,True,2
1,76625,0,Handlers-cleaners,1,0,0,1,United-States,36-45,0,0,0,0,train,1,False,False,False,False,True,2
1,307767,0,Handlers-cleaners,1,0,0,1,United-States,36-45,0,0,0,0,train,1,False,False,False,False,True,2
1,234962,0,Handlers-cleaners,1,2829,0,1,Mexico,36-45,2829,1,0,0,train,1,False,False,False,False,True,2
1,498785,0,Handlers-cleaners,1,0,0,1,United-States,36-45,0,0,0,0,train,1,False,False,False,False,True,2
1,334946,0,Handlers-cleaners,1,0,0,1,United-States,36-45,0,0,0,0,train,1,False,False,True,False,False,2
1,250791,0,Handlers-cleaners,1,0,0,1,United-States,36-45,0,0,0,0,train,1,False,False,False,False,True,2
1,92036,0,Handlers-cleaners,1,0,0,1,United-States,36-45,0,0,0,1,train,1,False,False,False,False,True,2
1,227571,0,Handlers-cleaners,1,0,0,1,Mexico,26-35,0,0,0,0,train,1,False,False,False,False,True,2
1,67339,0,Handlers-cleaners,1,7688,0,1,United-States,36-45,7688,1,0,1,train,1,False,False,False,False,True,2
1,401104,0,Handlers-cleaners,1,0,0,1,United-States,26-35,0,0,0,1,train,1,False,False,False,False,True,2
1,286370,0,Machine-op-inspct,1,0,0,1,Mexico,36-45,0,0,0,1,train,1,False,False,False,False,True,2
1,256649,0,Machine-op-inspct,1,0,0,1,United-States,36-45,0,0,0,0,train,1,False,False,True,False,False,2
1,54576,0,Machine-op-inspct,1,0,0,1,United-States,26-35,0,0,0,0,train,1,False,False,False,False,True,2
1,174524,0,Machine-op-inspct,1,0,0,1,United-States,36-45,0,0,0,1,train,1,False,False,False,False,True,2
1,194141,0,Machine-op-inspct,1,0,0,1,United-States,26-35,0,0,0,0,train,1,False,False,False,False,True,2
1,80945,0,Machine-op-inspct,1,0,0,1,United-States,26-35,0,0,0,0,train,1,False,False,False,False,True,2
1,262153,0,Machine-op-inspct,1,0,0,1,United-States,26-35,0,0,0,0,train,1,False,False,False,False,True,2
1,214738,0,Machine-op-inspct,1,0,0,1,United-States,36-45,0,0,0,0,train,1,False,False,False,False,True,2
1,186934,0,Machine-op-inspct,1,3103,0,1,United-States,36-45,3103,1,0,1,train,1,False,False,False,False,True,2
1,465507,0,Machine-op-inspct,1,0,0,1,United-States,26-35,0,0,0,0,train,1,False,False,True,False,False,2
1,185041,0,Machine-op-inspct,1,0,0,1,United-States,46-55,0,0,0,0,train,1,False,False,False,False,True,2
1,135289,0,Machine-op-inspct,1,0,0,1,United-States,36-45,0,0,0,0,train,1,False,False,False,False,True,2
1,85995,0,Machine-op-inspct,1,0,0,1,United-States,36-45,0,0,0,1,train,1,False,False,False,False,True,2
1,75742,0,Machine-op-inspct,1,0,0,1,United-States,36-45,0,0,0,0,train,1,False,False,False,False,True,2
1,195576,0,Machine-op-inspct,1,0,0,1,United-States,26-35,0,0,0,0,train,1,False,False,False,False,True,2
1,161819,0,Machine-op-inspct,1,0,0,1,United-States,36-45,0,0,0,1,train,1,False,False,False,False,True,2
1,222142,0,Machine-op-inspct,1,0,0,1,United-States,36-45,0,0,0,0,train,1,False,False,False,False,True,2
1,184659,0,Machine-op-inspct,1,0,0,1,United-States,36-45,0,0,0,0,train,1,False,False,False,False,True,2
1,189843,0,Machine-op-inspct,1,0,0,1,United-States,26-35,0,0,0,0,train,1,False,False,False,False,True,2
1,160449,0,Machine-op-inspct,1,0,0,1,United-States,26-35,0,0,0,1,train,1,False,False,False,False,True,2
1,231238,0,Machine-op-inspct,1,0,0,1,United-States,26-35,0,0,0,0,train,1,False,False,True,False,False,2
1,166003,0,Machine-op-inspct,1,0,0,1,United-States,46-55,0,0,0,0,train,1,False,False,False,False,True,2
1,271828,0,Machine-op-inspct,1,0,0,1,United-States,46-55,0,0,0,1,train,1,False,False,False,False,True,2
1,96245,0,Machine-op-inspct,1,0,0,1,United-States,26-35,0,0,0,0,train,1,False,False,False,False,True,2
1,278187,0,Machine-op-inspct,1,0,0,1,United-States,36-45,0,0,0,0,train,1,False,False,False,False,True,2
1,33487,0,Machine-op-inspct,1,0,0,1,United-States,36-45,0,0,0,0,train,1,False,False,False,False,True,2
1,187821,0,Machine-op-inspct,1,2885,0,1,United-States,36-45,2885,1,0,0,train,1,False,False,False,False,True,2
1,203482,0,Machine-op-inspct,1,0,0,1,United-States,36-45,0,0,0,0,train,1,False,False,False,False,True,2
1,503923,0,Machine-op-inspct,1,4386,0,1,United-States,46-55,4386,1,0,1,train,1,False,False,True,False,False,2
1,283122,0,Machine-op-inspct,1,0,0,1,United-States,36-45,0,0,0,1,train,1,False,False,False,False,True,2
1,230054,0,Machine-op-inspct,1,0,0,1,Mexico,26-35,0,0,0,0,train,1,False,False,False,False,True,2
1,304570,0,Machine-op-inspct,1,0,0,1,United-States,36-45,0,0,0,0,train,1,False,True,False,False,False,2
1,245842,0,Machine-op-inspct,1,0,0,1,Mexico,36-45,0,0,0,0,train,1,False,False,False,False,True,2
1,344129,0,Machine-op-inspct,1,0,0,1,United-States,26-35,0,0,0,1,train,1,False,False,False,False,True,2
1,100584,0,Machine-op-inspct,1,0,0,1,United-States,36-45,0,0,0,0,train,1,True,False,False,False,False,2
1,107843,0,Machine-op-inspct,1,5178,0,1,United-States,26-35,5178,1,0,1,train,1,False,False,False,False,True,2
1,170020,0,Machine-op-inspct,1,3137,0,1,United-States,36-45,3137,1,0,0,train,1,False,False,False,False,True,2
1,260560,0,Machine-op-inspct,1,0,0,1,United-States,26-35,0,0,0,0,train,1,False,False,False,False,True,2
1,256609,0,Machine-op-inspct,1,0,0,1,Mexico,26-35,0,0,0,0,train,1,False,False,False,False,True,2
1,184901,0,Machine-op-inspct,1,0,0,1,United-States,26-35,0,0,0,1,train,1,False,False,False,False,True,2
1,256211,0,Machine-op-inspct,1,0,0,1,South,26-35,0,0,0,0,train,1,False,True,False,False,False,2
1,263568,0,Machine-op-inspct,1,0,0,1,United-States,46-55,0,0,0,0,train,1,False,False,False,False,True,2
1,238944,0,Machine-op-inspct,1,0,0,1,United-States,26-35,0,0,0,0,train,1,False,False,False,False,True,2
1,187322,0,Machine-op-inspct,1,0,0,1,United-States,36-45,0,0,0,0,train,1,False,False,False,False,True,2
1,207202,0,Machine-op-inspct,1,0,0,1,United-States,36-45,0,0,0,1,train,1,False,False,False,False,True,2
1,261192,0,Other-service,1,0,0,1,United-States,36-45,0,0,0,0,train,1,False,False,True,False,False,2
1,197202,0,Other-service,1,0,0,1,United-States,36-45,0,0,0,0,train,1,False,False,True,False,False,2
1,175674,0,Other-service,1,0,0,1,United-States,36-45,0,0,0,0,train,1,False,False,False,False,True,2
1,229148,0,Other-service,1,0,0,1,Jamaica,36-45,0,0,0,0,train,1,False,False,True,False,False,2
1,123211,0,Other-service,1,0,0,1,United-States,36-45,0,0,0,1,train,1,False,False,False,False,True,2
1,377622,0,Other-service,1,0,0,1,United-States,46-55,0,0,0,0,train,1,False,False,False,False,True,2
1,222374,0,Other-service,1,0,0,1,United-States,46-55,0,0,0,1,train,1,False,False,False,False,True,2
1,241844,0,Other-service,1,0,0,1,United-States,46-55,0,0,0,0,train,1,False,False,False,False,True,2
1,49325,0,Other-service,1,0,0,1,United-States,26-35,0,0,0,0,train,1,False,False,False,False,True,2
1,190228,0,Other-service,1,0,0,1,United-States,26-35,0,0,0,0,train,1,False,False,False,False,True,2
1,43959,0,Other-service,1,0,0,1,United-States,26-35,0,0,0,0,train,1,False,False,False,False,True,2
1,83411,0,Other-service,1,0,0,1,United-States,36-45,0,0,0,0,train,1,False,False,False,False,True,2
1,129305,0,Prof-specialty,1,0,0,1,United-States,26-35,0,0,0,0,train,1,False,False,False,False,True,2
1,137390,0,Prof-specialty,1,0,0,1,United-States,36-45,0,0,0,0,train,1,False,False,False,False,True,2
1,162034,0,Prof-specialty,1,0,0,1,United-States,46-55,0,0,0,0,train,1,False,False,False,False,True,2
1,286026,0,Prof-specialty,1,0,0,1,United-States,36-45,0,0,0,1,train,1,False,False,False,False,True,2
1,130304,0,Prof-specialty,1,0,1485,1,United-States,26-35,-1485,0,1,0,train,1,False,False,False,False,True,2
1,183612,0,Prof-specialty,1,0,1977,1,United-States,36-45,-1977,0,1,1,train,1,False,False,False,False,True,2
1,172538,0,Prof-specialty,1,0,0,1,United-States,36-45,0,0,0,1,train,1,False,False,False,False,True,2
1,119272,0,Protective-serv,1,7298,0,1,United-States,36-45,7298,1,0,1,train,1,False,False,False,False,True,2
1,118161,0,Protective-serv,1,0,0,1,United-States,26-35,0,0,0,0,train,1,False,False,False,False,True,2
1,165309,0,Protective-serv,1,0,0,1,United-States,36-45,0,0,0,0,train,1,False,False,False,False,True,2
1,202729,0,Protective-serv,1,0,0,1,United-States,26-35,0,0,0,0,train,1,False,False,False,False,True,2
1,166606,0,Protective-serv,1,0,0,1,United-States,36-45,0,0,0,0,train,1,False,False,False,False,True,2
1,297449,0,Protective-serv,1,0,0,1,United-States,36-45,0,0,0,1,train,1,False,False,False,False,True,2
1,264503,0,Protective-serv,1,0,0,1,United-States,36-45,0,0,0,0,train,1,False,False,False,False,True,2
1,125405,0,Protective-serv,1,0,0,1,United-States,36-45,0,0,0,0,train,1,False,False,False,False,True,2
1,28887,0,Sales,1,0,0,1,United-States,36-45,0,0,0,0,train,1,False,False,False,False,True,2
1,172927,0,Sales,1,0,0,1,United-States,36-45,0,0,0,0,train,1,False,False,False,False,True,2
1,153614,0,Sales,1,0,0,1,United-States,26-35,0,0,0,1,train,1,False,False,False,False,True,2
1,177407,0,Sales,1,0,0,1,United-States,46-55,0,0,0,0,train,1,False,False,False,False,True,2
1,342865,0,Sales,1,0,0,1,United-States,36-45,0,0,0,0,train,1,False,False,False,False,True,2
1,85995,0,Sales,1,0,0,1,United-States,36-45,0,0,0,0,train,1,False,False,False,False,True,2
1,245317,0,Sales,1,0,0,1,United-States,36-45,0,0,0,0,train,1,False,False,False,False,True,2
1,155343,0,Sales,1,3103,0,1,United-States,26-35,3103,1,0,1,train,1,False,False,False,False,True,2
1,205390,0,Sales,1,0,0,1,United-States,26-35,0,0,0,0,train,1,False,False,False,False,True,2
1,133969,0,Sales,1,0,0,1,South,36-45,0,0,0,1,train,1,False,True,False,False,False,2
1,169995,0,Sales,1,0,0,1,United-States,36-45,0,0,0,0,train,1,False,False,False,False,True,2
1,171091,0,Sales,1,0,0,1,United-States,26-35,0,0,0,0,train,1,False,False,False,False,True,2
1,127772,0,Sales,1,3103,0,1,United-States,36-45,3103,1,0,1,train,1,False,False,False,False,True,2
1,144169,0,Sales,1,0,0,1,United-States,36-45,0,0,0,1,train,1,False,False,False,False,True,2
1,187046,0,Sales,1,0,0,1,United-States,36-45,0,0,0,1,train,1,False,False,False,False,True,2
1,247752,0,Sales,1,0,0,1,United-States,36-45,0,0,0,0,train,1,False,False,False,False,True,2
1,119079,0,Sales,1,0,0,1,United-States,36-45,0,0,0,1,train,1,False,False,False,False,True,2
1,220939,0,Sales,1,7298,0,1,United-States,26-35,7298,1,0,1,train,1,False,False,False,False,True,2
1,203836,0,Sales,1,3464,0,1,Columbia,36-45,3464,1,0,0,train,1,False,False,False,False,True,2
1,112554,0,Sales,1,0,0,1,United-States,36-45,0,0,0,0,train,1,False,False,False,False,True,2
1,138634,0,Sales,1,0,0,1,United-States,36-45,0,0,0,0,train,1,False,False,False,False,True,2
1,191807,0,Sales,1,15024,0,1,United-States,36-45,15024,1,0,1,train,1,False,False,False,False,True,2
1,187046,0,Sales,1,4064,0,1,United-States,36-45,4064,1,0,0,train,1,False,False,False,False,True,2
1,123681,0,Sales,1,0,0,1,United-States,36-45,0,0,0,1,train,1,False,False,False,False,True,2
1,220049,0,Sales,1,0,0,1,United-States,36-45,0,0,0,1,train,1,False,False,True,False,False,2
1,147314,0,Sales,1,0,0,1,United-States,36-45,0,0,0,0,train,1,True,False,False,False,False,2
1,179048,0,Sales,1,0,0,1,United-States,46-55,0,0,0,0,train,1,False,False,False,False,True,2
1,98092,0,Sales,1,0,0,2,United-States,36-45,0,0,0,0,train,1,False,False,False,False,True,2
1,267556,0,Sales,1,0,0,2,United-States,36-45,0,0,0,0,train,1,False,False,False,False,True,2
1,110331,0,Sales,1,0,0,2,United-States,26-35,0,0,0,1,train,1,False,False,False,False,True,2
1,186359,0,Sales,1,7688,0,2,United-States,36-45,7688,1,0,1,train,1,False,False,False,False,True,2
1,146659,0,Sales,1,0,0,2,United-States,36-45,0,0,0,1,train,1,False,False,False,False,True,2
1,131568,0,Sales,1,0,0,2,United-States,26-35,0,0,0,0,train,1,False,False,False,False,True,2
1,168538,0,Sales,1,0,0,2,United-States,36-45,0,0,0,1,train,1,False,False,False,False,True,2
1,207853,0,Tech-support,1,0,0,1,United-States,36-45,0,0,0,0,train,1,False,False,False,False,True,2
1,273771,0,Tech-support,1,0,0,1,United-States,46-55,0,0,0,0,train,1,False,False,False,False,True,2
1,211494,0,Tech-support,1,0,0,1,United-States,36-45,0,0,0,1,train,1,False,False,False,False,True,2
1,119721,0,Tech-support,1,0,0,1,United-States,36-45,0,0,0,0,train,1,False,False,False,False,True,2
1,228320,0,Tech-support,1,0,0,1,United-States,36-45,0,0,0,1,train,1,False,False,False,False,True,2
1,245487,0,Transport-moving,1,0,0,1,Mexico,26-35,0,0,0,0,train,1,True,False,False,False,False,2
1,117037,0,Transport-moving,1,0,2042,1,United-States,36-45,-2042,0,1,0,train,1,False,False,False,False,True,2
1,160943,0,Transport-moving,1,0,0,1,United-States,36-45,0,0,0,0,train,1,False,False,True,False,False,2
1,329752,0,Transport-moving,1,0,0,1,United-States,46-55,0,0,0,0,train,1,False,False,False,False,True,2
1,117683,0,Transport-moving,1,0,0,1,United-States,36-45,0,0,0,1,train,1,False,False,False,False,True,2
1,29984,0,Transport-moving,1,0,0,1,United-States,36-45,0,0,0,0,train,1,False,False,False,False,True,2
1,227644,0,Transport-moving,1,0,0,1,United-States,36-45,0,0,0,0,train,1,False,False,False,False,True,2
1,89508,0,Transport-moving,1,0,0,1,United-States,26-35,0,0,0,1,train,1,False,False,False,False,True,2
1,130021,0,Transport-moving,1,0,0,1,United-States,26-35,0,0,0,0,train,1,False,False,False,False,True,2
1,51100,0,Transport-moving,1,0,0,1,United-States,36-45,0,0,0,1,train,1,False,False,False,False,True,2
1,107513,0,Transport-moving,1,0,0,1,United-States,36-45,0,0,0,0,train,1,False,False,False,False,True,2
1,420895,0,Transport-moving,1,0,0,1,United-States,26-35,0,0,0,0,train,1,False,False,False,False,True,2
1,187069,0,Transport-moving,1,0,0,1,United-States,36-45,0,0,0,0,train,1,False,False,False,False,True,2
1,173607,0,Transport-moving,1,0,0,1,United-States,36-45,0,0,0,0,train,1,False,False,False,False,True,2
1,188834,0,Transport-moving,1,0,0,1,United-States,36-45,0,0,0,0,train,1,False,False,False,False,True,2
1,126838,0,Transport-moving,1,0,0,1,United-States,26-35,0,0,0,0,train,1,False,False,False,False,True,2
1,209317,0,Transport-moving,1,0,0,1,Puerto-Rico,26-35,0,0,0,0,train,1,False,False,False,False,True,2
1,373050,0,Transport-moving,1,0,0,1,United-States,36-45,0,0,0,0,train,1,False,False,False,False,True,2
1,358886,0,Transport-moving,1,0,0,1,United-States,36-45,0,0,0,1,train,1,False,False,False,False,True,2
1,183203,0,Transport-moving,1,0,0,1,United-States,36-45,0,0,0,1,train,1,False,False,False,False,True,2
1,263339,0,Transport-moving,1,0,0,1,United-States,36-45,0,0,0,1,train,1,False,False,False,False,True,2
1,167864,0,Transport-moving,1,0,0,1,United-States,36-45,0,0,0,0,train,1,False,False,False,False,True,2
1,164663,0,Transport-moving,1,0,0,1,United-States,36-45,0,0,0,0,train,1,False,False,False,False,True,2
1,179533,0,Transport-moving,1,0,0,1,United-States,36-45,0,0,0,0,train,1,False,False,False,False,True,2
1,190023,0,Transport-moving,1,0,0,1,United-States,36-45,0,0,0,1,train,1,False,False,False,False,True,2
1,462890,0,Transport-moving,1,0,0,1,United-States,26-35,0,0,0,0,train,1,False,False,True,False,False,2
1,265266,0,Transport-moving,1,0,0,1,United-States,36-45,0,0,0,0,train,1,False,False,False,False,True,2
1,59474,0,Transport-moving,1,0,0,1,United-States,36-45,0,0,0,1,train,1,False,False,False,False,True,2
1,56841,0,Transport-moving,1,0,0,1,United-States,46-55,0,0,0,0,train,1,False,False,False,False,True,2
1,33355,0,Transport-moving,1,7298,0,1,United-States,36-45,7298,1,0,1,train,1,False,False,False,False,True,2
1,182668,0,Transport-moving,1,0,0,1,United-States,36-45,0,0,0,0,train,1,False,False,False,False,True,2
1,174856,0,Transport-moving,1,2885,0,1,United-States,26-35,2885,1,0,0,train,1,False,False,False,False,True,2
1,77370,0,Transport-moving,1,0,0,1,United-States,36-45,0,0,0,0,train,1,False,False,False,False,True,2
1,197583,0,Transport-moving,1,0,0,1,United-States,36-45,0,0,0,1,train,1,False,False,True,False,False,2
1,29696,0,Transport-moving,1,0,0,1,United-States,46-55,0,0,0,0,train,1,False,False,False,False,True,2
1,242150,1,Adm-clerical,1,0,0,1,United-States,26-35,0,0,0,0,train,1,False,False,False,False,True,2
1,330535,1,Adm-clerical,1,3325,0,1,United-States,36-45,3325,1,0,0,train,0,False,False,False,False,True,2
1,111483,1,Adm-clerical,1,0,1504,1,United-States,36-45,-1504,0,1,0,train,1,False,False,False,False,True,2
1,111128,1,Adm-clerical,1,0,0,1,United-States,26-35,0,0,0,0,train,1,False,False,False,False,True,2
1,211450,1,Adm-clerical,1,0,0,1,United-States,36-45,0,0,0,0,train,1,False,False,False,False,True,2
1,160323,1,Craft-repair,1,0,0,1,United-States,36-45,0,0,0,0,train,0,False,False,True,False,False,2
1,285020,1,Craft-repair,1,0,0,1,United-States,26-35,0,0,0,0,train,0,False,False,False,False,True,2
1,105974,1,Craft-repair,1,0,0,1,United-States,26-35,0,0,0,0,train,0,False,False,False,False,True,2
1,375833,1,Craft-repair,1,0,0,1,United-States,26-35,0,0,0,0,train,1,False,False,False,False,True,2
1,82552,1,Craft-repair,1,0,0,1,United-States,26-35,0,0,0,0,train,0,False,False,False,False,True,2
1,179579,1,Craft-repair,1,0,0,1,United-States,36-45,0,0,0,0,train,1,False,False,False,False,True,2
1,345705,1,Craft-repair,1,0,0,1,United-States,26-35,0,0,0,1,train,0,False,False,False,False,True,2
1,220460,1,Craft-repair,1,0,0,1,Canada,36-45,0,0,0,0,train,0,False,False,False,False,True,2
1,180599,1,Craft-repair,1,0,0,1,United-States,36-45,0,0,0,0,train,0,False,False,False,False,True,2
1,53930,1,Craft-repair,1,0,0,1,United-States,36-45,0,0,0,0,train,0,False,False,True,False,False,2
1,67716,1,Craft-repair,1,10520,0,1,United-States,36-45,10520,1,0,1,train,1,False,False,False,False,True,2
1,217826,1,Craft-repair,1,0,0,1,United-States,36-45,0,0,0,0,train,1,False,False,True,False,False,2
1,145434,1,Craft-repair,1,0,0,1,United-States,26-35,0,0,0,0,train,1,False,False,False,False,True,2
1,93930,1,Craft-repair,1,0,0,1,United-States,26-35,0,0,0,0,train,0,False,False,False,False,True,2
1,267859,1,Craft-repair,1,0,0,1,El-Salvador,26-35,0,0,0,0,train,1,False,False,False,False,True,2
1,290226,1,Exec-managerial,1,0,0,1,United-States,26-35,0,0,0,0,train,0,False,False,False,False,True,2
1,107306,1,Exec-managerial,1,2174,0,1,United-States,36-45,2174,1,0,0,train,0,False,False,False,False,True,2
1,185848,1,Exec-managerial,1,4650,0,1,United-States,26-35,4650,1,0,0,train,0,False,False,False,False,True,2
1,192704,1,Exec-managerial,1,4650,0,1,United-States,36-45,4650,1,0,0,train,0,False,False,False,False,True,2
1,223267,1,Exec-managerial,1,0,0,1,United-States,26-35,0,0,0,0,train,1,False,False,False,False,True,2
1,103408,1,Farming-fishing,1,0,0,1,United-States,36-45,0,0,0,0,train,0,False,False,True,False,False,2
1,127651,1,Farming-fishing,1,0,0,1,United-States,26-35,0,0,0,0,train,0,False,False,False,False,True,2
1,233490,1,Farming-fishing,1,0,0,1,United-States,36-45,0,0,0,0,train,0,False,False,False,False,True,2
1,37019,1,Farming-fishing,1,0,0,1,United-States,36-45,0,0,0,0,train,0,False,False,False,False,True,2
1,257250,1,Farming-fishing,1,0,0,1,United-States,36-45,0,0,0,0,train,0,False,False,False,False,True,2
1,483777,1,Handlers-cleaners,1,0,0,1,United-States,26-35,0,0,0,0,train,0,False,False,True,False,False,2
1,48093,1,Handlers-cleaners,1,0,0,1,United-States,36-45,0,0,0,0,train,0,False,False,False,False,True,2
1,154410,1,Handlers-cleaners,1,0,0,1,United-States,26-35,0,0,0,0,train,0,False,False,False,False,True,2
1,120277,1,Handlers-cleaners,1,0,0,1,Ireland,36-45,0,0,0,0,train,1,False,False,False,False,True,2
1,118001,1,Handlers-cleaners,1,0,0,1,United-States,36-45,0,0,0,0,train,0,False,False,True,False,False,2
1,343925,1,Handlers-cleaners,1,0,0,1,Jamaica,26-35,0,0,0,0,train,0,False,False,True,False,False,2
1,167482,1,Handlers-cleaners,1,0,0,1,United-States,36-45,0,0,0,0,train,0,False,False,False,False,True,2
1,186824,1,Machine-op-inspct,1,0,0,1,United-States,26-35,0,0,0,0,train,0,False,False,False,False,True,2
1,188557,1,Machine-op-inspct,1,0,0,1,United-States,26-35,0,0,0,0,train,0,False,False,False,False,True,2
1,238287,1,Machine-op-inspct,1,0,0,1,United-States,36-45,0,0,0,0,train,0,False,False,True,False,False,2
1,161508,1,Machine-op-inspct,1,0,0,1,United-States,46-55,0,0,0,0,train,0,False,False,True,False,False,2
1,168817,1,Machine-op-inspct,1,0,0,1,United-States,26-35,0,0,0,0,train,0,False,False,False,False,True,2
1,191807,1,Machine-op-inspct,1,0,0,1,United-States,36-45,0,0,0,0,train,0,False,False,False,False,True,2
1,72896,1,Machine-op-inspct,1,0,0,1,United-States,36-45,0,0,0,0,train,0,False,False,False,False,True,2
1,160369,1,Machine-op-inspct,1,0,0,1,United-States,36-45,0,0,0,0,train,1,False,False,False,False,True,2
1,225399,1,Machine-op-inspct,1,8614,0,1,United-States,26-35,8614,1,0,1,train,1,False,False,False,False,True,2
1,249409,1,Other-service,1,0,0,1,United-States,26-35,0,0,0,0,train,1,False,False,True,False,False,2
1,182556,1,Other-service,1,0,0,1,United-States,26-35,0,0,0,0,train,0,False,False,False,False,True,2
1,78707,1,Other-service,1,0,0,1,United-States,26-35,0,0,0,0,train,0,False,False,True,False,False,2
1,267581,1,Other-service,1,0,0,1,United-States,36-45,0,0,0,0,train,0,False,False,True,False,False,2
1,25955,1,Other-service,1,0,0,1,United-States,26-35,0,0,0,0,train,0,True,False,False,False,False,2
1,266510,1,Other-service,1,0,0,1,United-States,36-45,0,0,0,0,train,1,False,False,False,False,True,2
1,303867,1,Other-service,1,0,0,1,United-States,26-35,0,0,0,0,train,1,False,False,False,False,True,2
1,152375,1,Sales,1,0,0,1,United-States,26-35,0,0,0,0,train,0,False,False,False,False,True,2
1,191161,1,Sales,1,0,0,1,United-States,36-45,0,0,0,0,train,0,False,False,False,False,True,2
1,349116,1,Sales,1,0,0,1,United-States,36-45,0,0,0,0,train,0,False,False,True,False,False,2
1,195124,1,Sales,1,0,0,1,United-States,36-45,0,0,0,0,train,0,False,False,False,False,True,2
1,107991,1,Sales,1,0,0,1,United-States,26-35,0,0,0,0,train,0,False,False,False,False,True,2
1,339506,1,Sales,1,0,0,1,United-States,36-45,0,0,0,0,train,0,False,False,True,False,False,2
1,136343,1,Sales,1,0,0,1,United-States,26-35,0,0,0,0,train,0,False,False,False,False,True,2
1,111567,1,Transport-moving,1,0,0,1,United-States,26-35,0,0,0,0,train,1,False,False,False,False,True,2
1,230624,1,Transport-moving,1,0,0,1,United-States,36-45,0,0,0,1,train,0,False,False,False,False,True,2
1,273194,1,Transport-moving,1,3325,0,1,United-States,36-45,3325,1,0,0,train,0,False,False,True,False,False,2
1,201495,1,Transport-moving,1,0,0,1,United-States,36-45,0,0,0,0,train,1,False,False,False,False,True,2
1,281021,1,Transport-moving,1,0,0,1,United-States,36-45,0,0,0,0,train,0,False,False,False,False,True,2
1,180805,1,Transport-moving,1,0,0,1,United-States,36-45,0,0,0,0,train,0,False,True,False,False,False,2
1,92440,2,Craft-repair,1,0,0,1,United-States,26-35,0,0,0,1,train,0,False,False,False,False,True,2
1,126701,2,Craft-repair,1,0,0,1,United-States,36-45,0,0,0,0,train,0,False,False,False,False,True,2
1,412296,2,Craft-repair,1,0,0,1,United-States,36-45,0,0,0,0,train,1,False,False,False,False,True,2
1,107793,2,Craft-repair,1,0,0,1,United-States,26-35,0,0,0,0,train,0,False,False,False,False,True,2
1,100584,2,Craft-repair,1,0,0,1,United-States,36-45,0,0,0,0,train,0,True,False,False,False,False,2
1,35236,2,Craft-repair,1,0,0,1,United-States,36-45,0,0,0,0,train,0,False,False,False,False,True,2
1,202565,2,Craft-repair,1,0,0,1,United-States,36-45,0,0,0,0,train,0,False,False,False,False,True,2
1,187581,2,Craft-repair,1,0,0,1,United-States,46-55,0,0,0,0,train,1,False,False,False,False,True,2
1,105017,2,Craft-repair,1,0,0,1,United-States,36-45,0,0,0,0,train,0,False,False,False,False,True,2
1,109089,2,Craft-repair,1,0,0,1,United-States,46-55,0,0,0,0,train,0,False,False,False,False,True,2
1,123429,2,Craft-repair,1,0,0,1,United-States,26-35,0,0,0,0,train,0,False,False,False,False,True,2
1,104772,2,Craft-repair,1,0,0,1,United-States,36-45,0,0,0,0,train,0,False,False,False,False,True,2
1,230246,2,Craft-repair,1,0,0,1,United-States,26-35,0,0,0,0,train,0,False,False,False,False,True,2
1,367533,2,Craft-repair,1,0,0,1,United-States,36-45,0,0,0,0,train,0,False,False,False,False,True,2
1,173858,2,Craft-repair,1,0,0,1,United-States,26-35,0,0,0,0,train,0,False,True,False,False,False,2
1,182177,2,Craft-repair,1,3325,0,1,United-States,26-35,3325,1,0,0,train,0,False,False,False,False,True,2
1,149102,2,Craft-repair,1,0,0,1,Poland,36-45,0,0,0,0,train,0,False,False,False,False,True,2
1,89226,2,Craft-repair,1,0,0,1,United-States,36-45,0,0,0,0,train,0,False,False,False,False,True,2
1,32825,2,Craft-repair,1,0,0,1,United-States,46-55,0,0,0,0,train,0,False,False,False,False,True,2
1,87556,2,Craft-repair,1,0,0,1,United-States,26-35,0,0,0,0,train,0,False,False,False,False,True,2
1,190290,2,Craft-repair,1,0,0,1,United-States,36-45,0,0,0,0,train,0,False,False,False,False,True,2
1,357962,2,Craft-repair,1,0,0,1,United-States,36-45,0,0,0,0,train,0,False,False,False,False,True,2
1,417136,2,Craft-repair,1,0,0,1,United-States,26-35,0,0,0,0,train,0,False,False,True,False,False,2
1,125856,2,Craft-repair,1,0,0,1,United-States,26-35,0,0,0,0,train,0,False,False,False,False,True,2
1,212894,2,Craft-repair,1,0,0,1,United-States,36-45,0,0,0,0,train,1,False,False,False,False,True,2
1,339772,2,Exec-managerial,1,0,0,1,United-States,36-45,0,0,0,0,train,0,False,False,True,False,False,2
1,258761,2,Exec-managerial,1,0,0,1,United-States,36-45,0,0,0,0,train,0,False,False,False,False,True,2
1,174209,2,Exec-managerial,1,0,0,1,United-States,46-55,0,0,0,0,train,0,False,False,False,False,True,2
1,305597,2,Exec-managerial,1,0,0,1,United-States,36-45,0,0,0,0,train,0,False,False,False,False,True,2
1,175759,2,Exec-managerial,1,0,0,1,United-States,36-45,0,0,0,0,train,0,False,False,False,False,True,2
1,215646,2,Handlers-cleaners,1,0,0,1,United-States,36-45,0,0,0,0,train,0,False,False,False,False,True,2
1,159929,2,Handlers-cleaners,1,0,0,1,United-States,26-35,0,0,0,0,train,1,False,False,False,False,True,2
1,473547,2,Handlers-cleaners,1,0,0,1,United-States,36-45,0,0,0,0,train,1,False,False,True,False,False,2
1,182074,2,Handlers-cleaners,1,0,0,1,United-States,26-35,0,0,0,0,train,1,False,False,False,False,True,2
1,140583,2,Handlers-cleaners,1,0,0,1,United-States,36-45,0,0,0,0,train,0,False,False,False,False,True,2
1,499249,2,Handlers-cleaners,1,0,0,1,Guatemala,26-35,0,0,0,0,train,0,False,False,False,False,True,2
1,243867,2,Machine-op-inspct,1,0,0,1,United-States,26-35,0,0,0,0,train,0,False,False,True,False,False,2
1,134727,2,Machine-op-inspct,1,0,0,1,Germany,46-55,0,0,0,0,train,0,True,False,False,False,False,2
1,121287,2,Machine-op-inspct,1,0,0,1,United-States,36-45,0,0,0,0,train,0,False,False,False,False,True,2
1,160837,2,Machine-op-inspct,1,0,0,1,Guatemala,36-45,0,0,0,0,train,0,False,False,False,False,True,2
1,509364,2,Machine-op-inspct,1,0,0,1,United-States,26-35,0,0,0,0,train,0,False,False,False,False,True,2
1,204205,2,Machine-op-inspct,1,0,0,1,United-States,36-45,0,0,0,0,train,0,False,False,False,False,True,2
1,119411,2,Protective-serv,1,0,0,1,Portugal,26-35,0,0,0,0,train,0,False,False,False,False,True,2
1,318280,2,Protective-serv,1,0,0,1,United-States,36-45,0,0,0,1,train,0,False,False,False,False,True,2
1,203070,2,Protective-serv,1,0,0,1,United-States,36-45,0,0,0,0,train,0,False,False,False,False,True,2
1,209392,2,Protective-serv,1,0,0,1,United-States,36-45,0,0,0,0,train,0,False,False,True,False,False,2
1,115562,2,Protective-serv,1,0,0,1,United-States,36-45,0,0,0,0,train,1,False,False,False,False,True,2
1,538583,2,Transport-moving,1,3674,0,1,United-States,26-35,3674,1,0,0,train,0,False,False,True,False,False,2
1,186110,2,Transport-moving,1,0,0,1,United-States,26-35,0,0,0,0,train,0,False,False,False,False,True,2
1,298785,2,Transport-moving,1,0,0,1,United-States,26-35,0,0,0,0,train,0,False,False,False,False,True,2
1,182302,2,Transport-moving,1,0,0,1,United-States,36-45,0,0,0,0,train,0,False,False,False,False,True,2
1,143912,2,Transport-moving,1,0,0,1,United-States,36-45,0,0,0,0,train,0,False,False,False,False,True,2
1,139338,2,Transport-moving,1,0,0,1,United-States,36-45,0,0,0,0,train,0,False,False,True,False,False,2
1,168675,2,Transport-moving,1,0,0,1,United-States,26-35,0,0,0,0,train,1,False,False,False,False,True,2
1,183892,2,Transport-moving,1,8614,0,1,United-States,36-45,8614,1,0,1,train,0,False,False,False,False,True,2
2,194259,0,Adm-clerical,0,4386,0,1,United-States,46-55,4386,1,0,1,train,1,False,False,False,False,True,0
2,284834,0,Adm-clerical,0,2885,0,1,United-States,56-65,2885,1,0,0,train,1,False,False,False,False,True,0
2,170846,0,Adm-clerical,0,0,0,1,Italy,46-55,0,0,0,1,train,1,False,False,False,False,True,0
2,171095,0,Adm-clerical,0,0,0,1,United-States,46-55,0,0,0,1,train,1,False,False,False,False,True,0
2,137253,0,Adm-clerical,0,0,0,1,United-States,46-55,0,0,0,1,train,1,False,False,False,False,True,0
2,160647,0,Adm-clerical,0,0,0,1,United-States,46-55,0,0,0,1,train,1,False,False,False,False,True,0
2,184424,0,Adm-clerical,0,0,1902,1,United-States,46-55,-1902,0,1,1,train,1,False,False,False,False,True,0
2,287828,0,Exec-managerial,0,0,0,1,United-States,46-55,0,0,0,1,train,1,False,False,False,False,True,0
2,173093,0,Exec-managerial,0,0,1887,1,Philippines,46-55,-1887,0,1,1,train,1,False,True,False,False,False,0
2,169324,0,Exec-managerial,0,0,0,1,United-States,46-55,0,0,0,1,train,1,False,False,True,False,False,0
2,31264,0,Exec-managerial,0,5178,0,1,United-States,46-55,5178,1,0,1,train,1,False,False,False,False,True,0
2,125417,0,Exec-managerial,0,0,0,1,United-States,46-55,0,0,0,1,train,1,False,False,True,False,False,0
2,43280,1,Exec-managerial,0,0,0,1,United-States,56-65,0,0,0,0,train,1,False,False,True,False,False,0
2,200734,1,Exec-managerial,0,0,0,1,United-States,46-55,0,0,0,0,train,0,False,False,True,False,False,0
2,165134,1,Exec-managerial,0,0,0,1,Columbia,46-55,0,0,0,0,train,0,False,False,False,False,True,0
2,36032,1,Exec-managerial,0,0,0,1,United-States,46-55,0,0,0,0,train,0,False,False,True,False,False,0
2,198103,1,Exec-managerial,0,0,0,1,United-States,46-55,0,0,0,0,train,0,False,False,False,False,True,0
2,176684,1,Exec-managerial,0,0,0,1,United-States,46-55,0,0,0,0,train,0,False,False,False,False,True,0
2,283635,1,Prof-specialty,0,0,0,1,United-States,56-65,0,0,0,0,train,0,False,False,False,False,True,0
2,136455,1,Prof-specialty,0,0,0,1,United-States,46-55,0,0,0,0,train,0,False,False,False,False,True,0
2,34021,1,Prof-specialty,0,0,0,1,United-States,46-55,0,0,0,0,train,1,False,False,False,False,True,0
2,93415,1,Prof-specialty,0,0,0,1,United-States,46-55,0,0,0,1,train,0,False,True,False,False,False,0
2,282680,1,Prof-specialty,0,0,0,1,United-States,46-55,0,0,0,0,train,0,False,False,False,False,True,0
2,186009,2,Adm-clerical,0,0,0,1,Mexico,46-55,0,0,0,0,train,0,False,False,False,False,True,0
2,173093,2,Adm-clerical,0,0,0,1,United-States,46-55,0,0,0,0,train,0,False,True,False,False,False,0
2,225339,2,Adm-clerical,0,0,0,1,United-States,46-55,0,0,0,0,train,0,False,False,True,False,False,0
2,156889,2,Adm-clerical,0,0,0,1,United-States,56-65,0,0,0,0,train,0,False,False,False,False,True,0
2,242670,2,Adm-clerical,0,0,0,1,United-States,56-65,0,0,0,0,train,0,False,False,False,False,True,0
2,227158,2,Adm-clerical,0,0,0,1,United-States,46-55,0,0,0,0,train,0,False,False,False,False,True,0
2,137678,2,Adm-clerical,0,0,0,1,United-States,46-55,0,0,0,0,train,0,False,False,False,False,True,0
2,100776,2,Adm-clerical,0,0,0,1,United-States,56-65,0,0,0,0,train,0,False,False,False,False,True,0
2,178251,2,Adm-clerical,0,0,0,1,United-States,46-55,0,0,0,0,train,0,False,False,False,False,True,0
2,197481,2,Adm-clerical,0,0,0,1,United-States,46-55,0,0,0,0,train,0,False,False,False,False,True,0
2,241056,2,Adm-clerical,0,0,0,1,United-States,56-65,0,0,0,0,train,0,False,False,False,False,True,0
2,114032,2,Adm-clerical,0,0,0,1,United-States,56-65,0,0,0,0,train,0,False,False,False,False,True,0
2,237729,2,Adm-clerical,0,0,0,1,United-States,46-55,0,0,0,0,train,0,False,False,False,False,True,0
2,189985,2,Adm-clerical,0,0,0,1,United-States,46-55,0,0,0,0,train,0,False,False,True,False,False,0
2,306985,2,Adm-clerical,0,0,0,1,United-States,46-55,0,0,0,0,train,0,False,False,False,False,True,0
2,191917,2,Adm-clerical,0,4101,0,1,United-States,56-65,4101,1,0,0,train,0,False,False,False,False,True,0
2,99549,2,Adm-clerical,0,0,0,1,United-States,46-55,0,0,0,0,train,0,False,False,True,False,False,0
2,171095,2,Exec-managerial,0,0,0,1,England,46-55,0,0,0,0,train,0,False,False,False,False,True,0
2,212448,2,Exec-managerial,0,0,0,1,United-States,56-65,0,0,0,1,train,0,False,False,False,False,True,0
2,166398,2,Exec-managerial,0,0,0,1,United-States,46-55,0,0,0,0,train,0,False,False,True,False,False,0
2,224149,2,Exec-managerial,0,0,0,1,United-States,46-55,0,0,0,1,train,0,False,False,False,False,True,0
2,23074,2,Exec-managerial,0,0,0,1,United-States,46-55,0,0,0,1,train,0,False,False,False,False,True,0
2,109705,2,Exec-managerial,0,0,0,1,United-States,46-55,0,0,0,0,train,0,False,False,False,False,True,0
2,125933,2,Exec-managerial,0,0,1669,1,United-States,46-55,-1669,0,1,0,train,0,False,False,True,False,False,0
2,146409,2,Exec-managerial,0,0,0,1,United-States,46-55,0,0,0,0,train,0,False,False,False,False,True,0
2,180980,2,Other-service,0,0,0,1,France,56-65,0,0,0,0,train,0,False,False,False,False,True,0
2,95244,2,Other-service,0,0,0,1,United-States,46-55,0,0,0,0,train,0,False,False,True,False,False,0
2,73493,2,Other-service,0,0,0,1,United-States,46-55,0,0,0,0,train,0,False,False,False,False,True,0
2,275361,2,Other-service,0,0,0,1,United-States,46-55,0,0,0,0,train,1,False,False,False,False,True,0
2,184945,2,Other-service,0,0,0,1,United-States,46-55,0,0,0,0,train,0,False,False,True,False,False,0
2,198824,2,Other-service,0,0,0,1,United-States,46-55,0,0,0,0,train,0,False,False,False,False,True,0
2,229846,2,Other-service,0,0,0,1,United-States,46-55,0,0,0,0,train,0,False,False,False,False,True,0
2,135105,2,Prof-specialty,0,0,0,1,United-States,46-55,0,0,0,0,train,0,False,False,False,False,True,0
2,173960,2,Prof-specialty,0,0,0,1,United-States,56-65,0,0,0,0,train,0,False,False,False,False,True,0
2,222216,2,Prof-specialty,0,0,0,1,United-States,56-65,0,0,0,0,train,0,False,False,False,False,True,0
2,144397,2,Prof-specialty,0,0,0,1,United-States,46-55,0,0,0,0,train,0,False,False,True,False,False,0
2,122159,2,Prof-specialty,0,3325,0,1,United-States,46-55,3325,1,0,0,train,0,False,False,False,False,True,0
2,116892,2,Prof-specialty,0,0,0,1,United-States,46-55,0,0,0,0,train,0,False,False,True,False,False,0
2,249289,2,Prof-specialty,0,0,0,1,United-States,46-55,0,0,0,0,train,0,False,False,True,False,False,0
2,141459,2,Prof-specialty,0,0,0,1,United-States,56-65,0,0,0,0,train,0,False,False,False,False,True,0
2,103794,2,Prof-specialty,0,0,0,1,United-States,46-55,0,0,0,0,train,0,False,False,False,False,True,0
2,139464,2,Prof-specialty,0,0,0,1,Ireland,46-55,0,0,0,0,train,0,False,False,False,False,True,0
2,236426,2,Prof-specialty,0,0,0,1,United-States,56-65,0,0,0,0,train,0,False,False,False,False,True,0
2,128900,2,Prof-specialty,0,0,0,1,United-States,56-65,0,0,0,0,train,0,False,False,True,False,False,0
2,21876,2,Prof-specialty,0,0,0,1,United-States,56-65,0,0,0,0,train,0,True,False,False,False,False,0
2,313321,2,Sales,0,0,0,1,United-States,46-55,0,0,0,0,train,0,False,False,False,False,True,0
2,106252,2,Sales,0,0,0,1,United-States,46-55,0,0,0,0,train,0,False,False,False,False,True,0
2,203435,2,Sales,0,0,0,1,Italy,46-55,0,0,0,0,train,0,False,False,False,False,True,0
2,240542,2,Sales,0,0,0,1,United-States,46-55,0,0,0,0,train,0,False,False,False,False,True,0
2,119199,2,Sales,0,0,0,1,United-States,46-55,0,0,0,0,train,0,False,False,False,False,True,0
2,171780,2,Sales,0,0,0,1,United-States,46-55,0,0,0,0,train,0,False,False,True,False,False,0
2,398843,2,Sales,0,0,0,1,United-States,46-55,0,0,0,0,train,0,False,False,True,False,False,0
2,216734,2,Sales,0,0,0,1,United-States,46-55,0,0,0,0,train,0,False,False,False,False,True,0
2,149116,1,Prof-specialty,0,0,0,1,United-States,46-55,0,0,0,0,train,0,False,False,False,False,True,1
2,169785,1,Prof-specialty,0,0,0,1,United-States,46-55,0,0,0,0,train,0,False,False,False,False,True,1
2,170244,1,Prof-specialty,0,0,0,1,United-States,56-65,0,0,0,0,train,0,False,False,False,False,True,1
2,154940,1,Prof-specialty,0,0,0,1,United-States,46-55,0,0,0,1,train,0,False,False,False,False,True,1
2,158352,1,Prof-specialty,0,8614,0,1,United-States,46-55,8614,1,0,1,train,0,False,False,False,False,True,1
2,132930,1,Prof-specialty,0,0,0,1,United-States,56-65,0,0,0,1,train,0,False,False,False,False,True,1
2,169180,1,Prof-specialty,0,0,0,1,United-States,46-55,0,0,0,0,train,0,False,False,False,False,True,1
2,251804,2,Prof-specialty,0,0,0,1,United-States,46-55,0,0,0,0,train,0,False,False,True,False,False,1
2,89392,2,Prof-specialty,0,0,0,1,United-States,56-65,0,0,0,0,train,0,False,False,False,False,True,1
2,176079,2,Prof-specialty,0,0,0,1,United-States,56-65,0,0,0,0,train,0,False,False,False,False,True,1
2,260106,2,Prof-specialty,0,0,0,1,United-States,46-55,0,0,0,0,train,0,False,False,False,False,True,1
2,169785,2,Prof-specialty,0,0,0,1,United-States,46-55,0,0,0,0,train,0,False,False,False,False,True,1
2,54933,2,Prof-specialty,0,0,0,1,United-States,46-55,0,0,0,0,train,1,False,False,False,False,True,1
2,288548,2,Prof-specialty,0,0,0,1,United-States,46-55,0,0,0,0,train,0,False,False,False,False,True,1
2,294395,2,Prof-specialty,0,0,0,1,United-States,56-65,0,0,0,0,train,0,False,False,False,False,True,1
2,181755,2,Prof-specialty,0,0,0,1,United-States,46-55,0,0,0,1,train,0,False,False,False,False,True,1
2,103950,2,Prof-specialty,0,0,0,1,United-States,46-55,0,0,0,0,train,0,False,False,False,False,True,1
2,177163,2,Prof-specialty,0,914,0,1,United-States,46-55,914,1,0,0,train,0,False,False,False,False,True,1
2,169846,0,Adm-clerical,0,0,0,1,United-States,46-55,0,0,0,1,train,1,False,False,False,False,True,2
2,420537,0,Adm-clerical,0,0,0,1,United-States,56-65,0,0,0,1,train,1,False,False,False,False,True,2
2,207848,0,Adm-clerical,0,0,0,1,United-States,46-55,0,0,0,0,train,1,False,False,False,False,True,2
2,88926,0,Adm-clerical,0,5178,0,1,United-States,46-55,5178,1,0,1,train,1,False,False,False,False,True,2
2,217083,0,Adm-clerical,0,0,0,1,United-States,46-55,0,0,0,1,train,1,False,False,False,False,True,2
2,335481,0,Adm-clerical,0,0,0,1,United-States,46-55,0,0,0,0,train,1,False,False,True,False,False,2
2,171301,0,Machine-op-inspct,0,0,0,1,United-States,46-55,0,0,0,0,train,1,False,False,True,False,False,2
2,140592,0,Machine-op-inspct,0,0,0,1,United-States,46-55,0,0,0,0,train,1,False,False,False,False,True,2
2,211668,0,Machine-op-inspct,0,0,0,1,United-States,46-55,0,0,0,1,train,1,False,False,True,False,False,2
2,239439,0,Machine-op-inspct,0,0,0,1,United-States,46-55,0,0,0,0,train,1,False,False,True,False,False,2
2,151267,0,Machine-op-inspct,0,15024,0,1,United-States,46-55,15024,1,0,1,train,1,False,False,True,False,False,2
2,73064,0,Machine-op-inspct,0,0,0,1,United-States,46-55,0,0,0,0,train,1,False,False,True,False,False,2
2,45612,1,Adm-clerical,0,0,0,1,United-States,46-55,0,0,0,0,train,0,False,False,True,False,False,2
2,123207,1,Adm-clerical,0,0,0,1,United-States,46-55,0,0,0,0,train,0,False,False,False,False,True,2
2,45857,1,Adm-clerical,0,0,0,1,United-States,46-55,0,0,0,0,train,0,False,False,False,False,True,2
2,371299,1,Adm-clerical,0,0,0,1,United-States,46-55,0,0,0,0,train,0,False,False,False,False,True,2
2,100933,1,Adm-clerical,0,0,0,1,United-States,46-55,0,0,0,0,train,0,False,False,False,False,True,2
2,194908,1,Adm-clerical,0,0,0,1,United-States,46-55,0,0,0,0,train,0,False,False,False,False,True,2
2,94638,2,Adm-clerical,0,0,0,1,United-States,46-55,0,0,0,0,train,0,False,False,False,False,True,2
2,543162,2,Adm-clerical,0,0,0,1,United-States,46-55,0,0,0,0,train,0,False,False,True,False,False,2
2,335973,2,Adm-clerical,0,0,0,1,United-States,46-55,0,0,0,0,train,0,False,False,False,False,True,2
2,241346,2,Adm-clerical,0,0,0,1,United-States,46-55,0,0,0,0,train,0,False,False,False,False,True,2
2,176317,2,Adm-clerical,0,0,0,1,United-States,46-55,0,0,0,0,train,1,False,False,False,False,True,2
2,358740,2,Adm-clerical,0,0,0,1,England,46-55,0,0,0,0,train,0,False,False,False,False,True,2
2,31838,2,Adm-clerical,0,0,0,1,United-States,46-55,0,0,0,0,train,0,False,False,False,False,True,2
2,202452,2,Adm-clerical,0,0,0,1,United-States,46-55,0,0,0,0,train,0,False,False,False,False,True,2
2,179646,2,Adm-clerical,0,0,0,1,United-States,46-55,0,0,0,0,train,0,False,False,False,False,True,2
2,113176,2,Adm-clerical,0,0,0,1,United-States,46-55,0,0,0,0,train,0,False,False,False,False,True,2
2,311249,2,Adm-clerical,0,0,0,1,United-States,56-65,0,0,0,0,train,0,False,False,True,False,False,2
2,278763,2,Adm-clerical,0,0,0,1,United-States,56-65,0,0,0,0,train,0,False,False,False,False,True,2
2,143372,2,Adm-clerical,0,0,0,1,United-States,56-65,0,0,0,0,train,0,False,False,True,False,False,2
2,160829,2,Adm-clerical,0,0,0,1,United-States,56-65,0,0,0,0,train,0,False,False,False,False,True,2
2,300168,2,Adm-clerical,0,0,0,1,United-States,46-55,0,0,0,0,train,1,False,False,True,False,False,2
2,207058,2,Adm-clerical,0,0,0,1,United-States,46-55,0,0,0,0,train,0,False,False,False,False,True,2
2,145214,2,Adm-clerical,0,0,0,1,United-States,46-55,0,0,0,0,train,0,False,False,False,False,True,2
2,103407,2,Adm-clerical,0,0,0,1,United-States,46-55,0,0,0,0,train,0,False,False,False,False,True,2
2,221336,2,Adm-clerical,0,0,0,1,Philippines,46-55,0,0,0,0,train,1,False,True,False,False,False,2
2,92215,2,Adm-clerical,0,0,0,1,United-States,46-55,0,0,0,0,train,0,False,False,False,False,True,2
2,283005,2,Adm-clerical,0,0,0,1,United-States,56-65,0,0,0,0,train,0,False,False,False,False,True,2
2,111169,2,Adm-clerical,0,0,0,1,United-States,56-65,0,0,0,0,train,0,False,False,False,False,True,2
2,363405,2,Adm-clerical,0,0,0,1,United-States,46-55,0,0,0,0,train,1,False,False,False,False,True,2
2,62605,2,Adm-clerical,0,0,0,1,United-States,46-55,0,0,0,0,train,0,False,False,False,False,True,2
2,306785,2,Adm-clerical,0,0,0,1,United-States,46-55,0,0,0,0,train,0,False,False,False,False,True,2
2,129177,2,Adm-clerical,0,0,0,1,United-States,46-55,0,0,0,0,train,0,False,False,False,False,True,2
2,117700,2,Adm-clerical,0,0,0,1,United-States,46-55,0,0,0,0,train,0,False,False,False,False,True,2
2,233193,2,Adm-clerical,0,0,0,1,United-States,56-65,0,0,0,0,train,0,False,False,False,False,True,2
2,398067,2,Adm-clerical,0,0,0,1,United-States,56-65,0,0,0,0,train,0,False,False,False,False,True,2
2,196963,2,Craft-repair,0,0,0,1,United-States,46-55,0,0,0,0,train,0,False,False,False,False,True,2
2,199739,2,Craft-repair,0,0,0,1,United-States,46-55,0,0,0,0,train,0,False,False,False,False,True,2
2,143030,2,Craft-repair,0,0,0,1,United-States,56-65,0,0,0,0,train,0,False,False,False,False,True,2
2,163027,2,Craft-repair,0,0,0,1,United-States,46-55,0,0,0,0,train,0,False,False,False,False,True,2
2,200576,2,Craft-repair,0,0,0,1,United-States,46-55,0,0,0,0,train,1,False,False,False,False,True,2
2,366232,2,Craft-repair,0,0,0,1,Cuba,46-55,0,0,0,0,train,0,False,False,False,False,True,2
2,114062,2,Craft-repair,0,0,0,1,United-States,46-55,0,0,0,0,train,0,False,False,False,False,True,2
2,257764,2,Exec-managerial,0,0,0,1,United-States,46-55,0,0,0,0,train,0,False,False,False,False,True,2
2,296253,2,Exec-managerial,0,0,0,1,United-States,56-65,0,0,0,0,train,0,False,False,False,False,True,2
2,68830,2,Exec-managerial,0,0,0,1,United-States,56-65,0,0,0,0,train,0,False,False,False,False,True,2
2,316101,2,Exec-managerial,0,0,0,1,United-States,46-55,0,0,0,0,train,0,False,False,False,False,True,2
2,193895,2,Exec-managerial,0,0,0,1,United-States,56-65,0,0,0,0,train,0,False,False,False,False,True,2
2,177775,2,Exec-managerial,0,0,0,1,United-States,46-55,0,0,0,0,train,0,False,False,False,False,True,2
2,174855,2,Exec-managerial,0,0,0,1,United-States,46-55,0,0,0,0,train,0,False,False,False,False,True,2
2,72393,2,Machine-op-inspct,0,0,0,1,United-States,46-55,0,0,0,0,train,0,False,False,False,False,True,2
2,220537,2,Machine-op-inspct,0,0,0,1,United-States,46-55,0,0,0,0,train,0,False,False,False,False,True,2
2,117148,2,Machine-op-inspct,0,0,0,1,United-States,56-65,0,0,0,0,train,0,False,False,False,False,True,2
2,106850,2,Machine-op-inspct,0,0,0,1,United-States,56-65,0,0,0,0,train,0,False,False,False,False,True,2
2,117881,2,Machine-op-inspct,0,0,0,1,United-States,56-65,0,0,0,0,train,0,False,False,False,False,True,2
2,91048,2,Machine-op-inspct,0,0,0,1,United-States,46-55,0,0,0,0,train,1,False,False,True,False,False,2
2,175273,2,Machine-op-inspct,0,0,0,1,United-States,56-65,0,0,0,0,train,0,False,False,False,False,True,2
2,135190,2,Machine-op-inspct,0,0,0,1,United-States,46-55,0,0,0,0,train,0,False,False,True,False,False,2
2,141301,2,Machine-op-inspct,0,0,0,1,United-States,46-55,0,0,0,0,train,0,False,False,False,False,True,2
2,197492,2,Machine-op-inspct,0,0,0,1,United-States,46-55,0,0,0,0,train,0,False,False,False,False,True,2
2,115358,2,Machine-op-inspct,0,0,0,1,United-States,46-55,0,0,0,0,train,0,False,False,True,False,False,2
2,117095,2,Machine-op-inspct,0,0,0,1,United-States,46-55,0,0,0,0,train,0,False,False,False,False,True,2
2,148398,2,Machine-op-inspct,0,0,0,1,United-States,46-55,0,0,0,0,train,0,False,False,True,False,False,2
2,160187,2,Other-service,0,0,0,0,Jamaica,46-55,0,0,0,0,train,0,False,False,True,False,False,2
2,302146,2,Other-service,0,0,0,0,United-States,46-55,0,0,0,0,train,0,False,False,True,False,False,2
2,156052,2,Other-service,0,594,0,0,United-States,56-65,594,1,0,0,train,0,False,False,True,False,False,2
2,161334,2,Other-service,0,0,0,0,Nicaragua,46-55,0,0,0,0,train,0,False,False,False,False,True,2
2,104413,2,Other-service,0,0,0,0,United-States,46-55,0,0,0,0,train,0,False,False,True,False,False,2
2,198385,2,Other-service,0,0,0,0,United-States,46-55,0,0,0,0,train,0,False,False,False,False,True,2
2,80467,2,Other-service,0,0,0,0,United-States,56-65,0,0,0,0,train,1,False,False,False,False,True,2
2,171328,2,Other-service,0,0,0,1,United-States,56-65,0,0,0,0,train,0,False,False,True,False,False,2
2,51290,2,Other-service,0,0,0,1,United-States,56-65,0,0,0,0,train,0,False,False,False,False,True,2
2,120451,2,Other-service,0,0,0,1,United-States,46-55,0,0,0,0,train,0,False,False,True,False,False,2
2,269080,2,Other-service,0,0,0,1,United-States,46-55,0,0,0,0,train,0,False,False,True,False,False,2
2,191965,2,Other-service,0,0,0,1,United-States,46-55,0,0,0,0,train,0,False,False,False,False,True,2
2,157043,2,Other-service,0,0,0,1,United-States,46-55,0,0,0,0,train,0,False,False,True,False,False,2
2,168381,2,Other-service,0,0,0,1,India,46-55,0,0,0,1,train,0,False,True,False,False,False,2
2,329778,2,Other-service,0,0,0,1,United-States,46-55,0,0,0,0,train,0,False,False,False,False,True,2
2,141483,2,Other-service,0,0,0,1,United-States,46-55,0,0,0,0,train,0,False,False,False,False,True,2
2,158993,2,Other-service,0,0,0,1,United-States,46-55,0,0,0,0,train,1,False,False,True,False,False,2
2,117496,2,Other-service,0,0,0,1,Canada,46-55,0,0,0,0,train,0,False,False,False,False,True,2
2,87205,2,Other-service,0,0,0,1,United-States,46-55,0,0,0,0,train,0,False,False,False,False,True,2
2,85129,2,Other-service,0,0,0,1,United-States,46-55,0,0,0,0,train,0,False,True,False,False,False,2
2,161482,2,Other-service,0,0,0,1,United-States,46-55,0,0,0,0,train,0,False,False,False,False,True,2
2,39380,2,Other-service,0,0,0,1,United-States,56-65,0,0,0,0,train,0,False,False,False,False,True,2
2,385632,2,Other-service,0,0,0,1,United-States,56-65,0,0,0,0,train,0,False,False,False,False,True,2
2,358056,2,Other-service,0,0,0,1,United-States,46-55,0,0,0,0,train,0,False,False,False,False,True,2
2,176140,2,Other-service,0,0,0,1,United-States,46-55,0,0,0,0,train,0,False,False,True,False,False,2
2,197665,2,Other-service,0,0,0,1,United-States,56-65,0,0,0,0,train,0,False,False,False,False,True,2
2,99476,2,Other-service,0,0,0,1,United-States,46-55,0,0,0,0,train,0,False,False,False,False,True,2
2,52953,2,Other-service,0,0,0,1,United-States,46-55,0,0,0,0,train,0,False,False,False,False,True,2
2,209022,2,Other-service,0,0,0,1,United-States,46-55,0,0,0,0,train,0,False,False,False,False,True,2
2,109973,2,Other-service,0,0,0,1,United-States,56-65,0,0,0,0,train,0,False,False,False,False,True,2
2,163708,2,Other-service,0,0,0,1,United-States,46-55,0,0,0,0,train,0,False,False,False,False,True,2
2,169182,2,Other-service,0,0,0,1,Dominican-Republic,46-55,0,0,0,0,train,0,False,False,False,False,True,2
2,119182,2,Other-service,0,0,0,1,United-States,46-55,0,0,0,0,train,0,False,False,True,False,False,2
2,121958,2,Other-service,0,0,0,1,United-States,46-55,0,0,0,0,train,0,False,False,False,False,True,2
2,381851,2,Other-service,0,0,0,1,United-States,56-65,0,0,0,0,train,0,False,False,True,False,False,2
2,219775,2,Other-service,0,0,0,1,United-States,46-55,0,0,0,0,train,0,False,False,False,False,True,2
2,346253,2,Sales,0,0,0,1,United-States,46-55,0,0,0,0,train,1,False,False,False,False,True,2
2,212448,2,Sales,0,0,0,1,Germany,56-65,0,0,0,0,train,0,False,False,False,False,True,2
2,226922,2,Sales,0,0,1762,1,United-States,56-65,-1762,0,1,0,train,0,False,False,False,False,True,2
2,198744,2,Sales,0,0,0,1,United-States,46-55,0,0,0,0,train,0,False,False,False,False,True,2
2,227602,2,Sales,0,0,0,1,Mexico,46-55,0,0,0,0,train,0,False,False,False,False,True,2
2,205896,2,Sales,0,0,0,1,United-States,56-65,0,0,0,0,train,1,False,False,False,False,True,2
2,374924,2,Sales,0,0,0,1,United-States,56-65,0,0,0,0,train,0,False,False,True,False,False,2
2,276229,2,Sales,0,0,0,1,United-States,46-55,0,0,0,0,train,0,False,False,False,False,True,2
2,143865,2,Sales,0,0,0,1,United-States,46-55,0,0,0,0,train,0,False,False,False,False,True,2
2,185039,2,Sales,0,0,0,1,United-States,46-55,0,0,0,0,train,0,False,False,False,False,True,2
2,225526,2,Sales,0,0,0,1,United-States,56-65,0,0,0,0,train,0,False,False,False,False,True,2
2,146268,0,Adm-clerical,1,7688,0,1,United-States,46-55,7688,1,0,1,train,1,False,False,False,False,True,0
2,48925,0,Adm-clerical,1,0,0,1,United-States,46-55,0,0,0,0,train,1,False,False,False,False,True,0
2,356067,0,Adm-clerical,1,0,0,1,United-States,56-65,0,0,0,0,train,1,False,False,False,False,True,0
2,152754,0,Adm-clerical,1,0,0,1,United-States,46-55,0,0,0,1,train,1,False,False,False,False,True,0
2,208137,0,Adm-clerical,1,0,0,1,United-States,46-55,0,0,0,0,train,1,False,False,False,False,True,0
2,277545,0,Adm-clerical,1,0,0,1,United-States,46-55,0,0,0,1,train,1,False,True,False,False,False,0
2,76127,0,Adm-clerical,1,0,0,1,United-States,56-65,0,0,0,1,train,1,False,False,False,False,True,0
2,177705,0,Adm-clerical,1,0,1740,1,United-States,46-55,-1740,0,1,0,train,1,False,False,False,False,True,0
2,117847,0,Adm-clerical,1,0,0,1,United-States,46-55,0,0,0,0,train,1,False,False,False,False,True,0
2,218281,0,Adm-clerical,1,0,0,1,Mexico,56-65,0,0,0,0,train,1,False,False,False,False,True,0
2,231232,0,Adm-clerical,1,0,0,1,Canada,56-65,0,0,0,0,train,1,False,False,False,False,True,0
2,55938,0,Adm-clerical,1,0,0,1,United-States,46-55,0,0,0,1,train,1,False,False,False,False,True,0
2,168232,0,Adm-clerical,1,0,0,1,United-States,46-55,0,0,0,1,train,1,False,False,False,False,True,0
2,142287,0,Adm-clerical,1,0,1902,1,United-States,46-55,-1902,0,1,1,train,1,False,False,False,False,True,0
2,197371,0,Craft-repair,1,0,0,1,United-States,46-55,0,0,0,1,train,1,False,False,True,False,False,0
2,81973,0,Craft-repair,1,0,0,1,United-States,46-55,0,0,0,1,train,1,False,True,False,False,False,0
2,186556,0,Craft-repair,1,0,0,1,United-States,56-65,0,0,0,1,train,1,False,False,False,False,True,0
2,182862,0,Craft-repair,1,0,0,1,United-States,46-55,0,0,0,1,train,1,False,False,False,False,True,0
2,243631,0,Craft-repair,1,7688,0,1,United-States,46-55,7688,1,0,1,train,1,True,False,False,False,False,0
2,22154,0,Craft-repair,1,0,0,1,United-States,46-55,0,0,0,0,train,1,False,False,False,False,True,0
2,343748,0,Craft-repair,1,0,0,1,United-States,46-55,0,0,0,0,train,1,False,False,False,False,True,0
2,55237,0,Craft-repair,1,0,0,1,United-States,46-55,0,0,0,1,train,1,False,False,False,False,True,0
2,255822,0,Craft-repair,1,0,0,1,United-States,56-65,0,0,0,1,train,1,False,False,False,False,True,0
2,165695,0,Craft-repair,1,0,0,1,United-States,56-65,0,0,0,0,train,1,False,False,False,False,True,0
2,168191,0,Craft-repair,1,0,0,1,United-States,46-55,0,0,0,0,train,1,False,False,False,False,True,0
2,120173,0,Craft-repair,1,3103,0,1,United-States,46-55,3103,1,0,1,train,1,False,False,False,False,True,0
2,168211,0,Craft-repair,1,0,1485,1,United-States,46-55,-1485,0,1,1,train,1,False,False,False,False,True,0
2,150930,0,Craft-repair,1,0,0,1,United-States,46-55,0,0,0,0,train,1,False,False,False,False,True,0
2,326857,0,Craft-repair,1,5013,0,1,United-States,46-55,5013,1,0,0,train,1,False,False,False,False,True,0
2,123992,0,Craft-repair,1,0,0,1,United-States,56-65,0,0,0,0,train,1,False,False,False,False,True,0
2,214169,0,Craft-repair,1,0,0,1,United-States,46-55,0,0,0,1,train,1,False,False,False,False,True,0
2,128143,0,Craft-repair,1,0,0,1,United-States,46-55,0,0,0,1,train,1,False,False,False,False,True,0
2,284129,0,Craft-repair,1,0,0,1,United-States,46-55,0,0,0,1,train,1,False,False,False,False,True,0
2,205708,0,Craft-repair,1,0,0,1,Poland,56-65,0,0,0,0,train,1,False,False,False,False,True,0
2,213140,0,Craft-repair,1,7688,0,1,United-States,46-55,7688,1,0,1,train,1,False,False,False,False,True,0
2,24185,0,Craft-repair,1,0,0,1,United-States,46-55,0,0,0,1,train,1,False,False,False,False,True,0
2,211654,0,Craft-repair,1,0,0,1,United-States,46-55,0,0,0,1,train,1,False,False,False,False,True,0
2,194791,0,Craft-repair,1,0,0,1,United-States,46-55,0,0,0,0,train,1,False,False,False,False,True,0
2,115389,0,Craft-repair,1,0,0,1,United-States,56-65,0,0,0,0,train,1,False,False,False,False,True,0
2,225768,0,Craft-repair,1,0,0,1,United-States,46-55,0,0,0,1,train,1,False,False,True,False,False,0
2,329603,0,Craft-repair,1,0,1902,1,United-States,46-55,-1902,0,1,1,train,1,False,False,False,False,True,0
2,368561,0,Craft-repair,1,0,0,1,United-States,46-55,0,0,0,1,train,1,False,False,False,False,True,0
2,80445,0,Craft-repair,1,0,0,1,United-States,46-55,0,0,0,0,train,1,False,False,False,False,True,0
2,189462,0,Craft-repair,1,7688,0,1,United-States,46-55,7688,1,0,1,train,1,False,False,False,False,True,0
2,97842,0,Craft-repair,1,0,0,1,United-States,46-55,0,0,0,0,train,1,False,False,False,False,True,0
2,191681,0,Exec-managerial,1,0,0,1,United-States,46-55,0,0,0,1,train,1,False,False,False,False,True,0
2,259323,0,Exec-managerial,1,0,0,1,United-States,46-55,0,0,0,1,train,1,False,False,False,False,True,0
2,132178,0,Exec-managerial,1,0,0,1,United-States,46-55,0,0,0,1,train,1,False,False,False,False,True,0
2,133461,0,Exec-managerial,1,0,0,1,United-States,46-55,0,0,0,0,train,1,False,False,False,False,True,0
2,164966,0,Exec-managerial,1,0,0,1,India,46-55,0,0,0,1,train,1,False,True,False,False,False,0
2,34368,0,Exec-managerial,1,0,0,1,United-States,46-55,0,0,0,1,train,1,False,False,False,False,True,0
2,185283,0,Exec-managerial,1,0,0,1,United-States,46-55,0,0,0,1,train,1,False,False,False,False,True,0
2,125000,0,Exec-managerial,1,0,0,1,England,56-65,0,0,0,1,train,1,False,False,False,False,True,0
2,118025,0,Exec-managerial,1,99999,0,1,United-States,46-55,99999,1,0,1,train,1,False,False,False,False,True,0
2,175942,0,Exec-managerial,1,0,0,1,United-States,56-65,0,0,0,1,train,1,False,False,False,False,True,0
2,171338,0,Exec-managerial,1,99999,0,1,United-States,46-55,99999,1,0,1,train,1,False,False,False,False,True,0
2,159219,0,Exec-managerial,1,0,0,1,Canada,46-55,0,0,0,1,train,1,False,False,False,False,True,0
2,197553,0,Exec-managerial,1,7688,0,1,United-States,56-65,7688,1,0,1,train,1,False,False,False,False,True,0
2,133050,0,Exec-managerial,1,0,0,1,United-States,46-55,0,0,0,1,train,1,False,False,True,False,False,0
2,304133,0,Exec-managerial,1,0,0,1,United-States,46-55,0,0,0,0,train,1,False,False,False,False,True,0
2,179704,0,Exec-managerial,1,0,0,1,United-States,46-55,0,0,0,1,train,1,False,False,False,False,True,0
2,346963,0,Exec-managerial,1,0,0,1,United-States,56-65,0,0,0,1,train,1,False,False,False,False,True,0
2,36503,0,Exec-managerial,1,0,0,1,United-States,46-55,0,0,0,1,train,1,False,False,False,False,True,0
2,102359,0,Exec-managerial,1,0,0,1,United-States,46-55,0,0,0,0,train,1,False,False,False,False,True,0
2,105582,0,Exec-managerial,1,7688,0,1,United-States,56-65,7688,1,0,1,train,1,False,False,False,False,True,0
2,175804,0,Exec-managerial,1,0,0,1,United-States,46-55,0,0,0,1,train,1,False,False,False,False,True,0
2,196328,0,Exec-managerial,1,0,0,1,United-States,46-55,0,0,0,0,train,1,False,False,True,False,False,0
2,186172,0,Exec-managerial,1,0,0,1,United-States,46-55,0,0,0,1,train,1,False,False,False,False,True,0
2,232618,0,Exec-managerial,1,0,0,1,United-States,56-65,0,0,0,1,train,1,False,False,False,False,True,0
2,193188,0,Exec-managerial,1,0,0,1,United-States,46-55,0,0,0,1,train,1,False,False,False,False,True,0
2,200471,0,Exec-managerial,1,0,0,1,United-States,46-55,0,0,0,1,train,1,False,False,False,False,True,0
2,95680,0,Exec-managerial,1,0,0,1,United-States,46-55,0,0,0,0,train,1,False,True,False,False,False,0
2,235624,0,Exec-managerial,1,0,0,1,Germany,56-65,0,0,0,1,train,1,False,False,False,False,True,0
2,138847,0,Exec-managerial,1,0,0,1,United-States,46-55,0,0,0,1,train,1,False,False,False,False,True,0
2,134671,0,Exec-managerial,1,0,0,1,United-States,46-55,0,0,0,0,train,1,False,False,False,False,True,0
2,117674,0,Exec-managerial,1,0,0,1,United-States,46-55,0,0,0,1,train,1,False,False,False,False,True,0
2,349304,0,Exec-managerial,1,0,0,1,United-States,46-55,0,0,0,1,train,1,False,False,False,False,True,0
2,338816,0,Exec-managerial,1,15024,0,1,United-States,46-55,15024,1,0,1,train,1,False,False,False,False,True,0
2,255412,0,Exec-managerial,1,0,0,1,France,46-55,0,0,0,1,train,1,False,False,False,False,True,0
2,362654,0,Exec-managerial,1,15024,0,1,United-States,46-55,15024,1,0,1,train,1,False,False,False,False,True,0
2,166459,0,Exec-managerial,1,0,0,1,United-States,46-55,0,0,0,0,train,1,False,False,False,False,True,0
2,254230,0,Exec-managerial,1,0,0,1,United-States,46-55,0,0,0,1,train,1,False,False,False,False,True,0
2,109275,0,Exec-managerial,1,0,0,1,United-States,46-55,0,0,0,0,train,1,False,False,False,False,True,0
2,204629,0,Exec-managerial,1,0,0,1,United-States,46-55,0,0,0,1,train,1,False,False,False,False,True,0
2,103063,0,Exec-managerial,1,0,0,1,United-States,46-55,0,0,0,1,train,1,False,False,False,False,True,0
2,149337,0,Exec-managerial,1,0,0,1,United-States,46-55,0,0,0,1,train,1,False,False,False,False,True,0
2,124973,0,Exec-managerial,1,15024,0,1,United-States,46-55,15024,1,0,1,train,1,False,False,False,False,True,0
2,110243,0,Exec-managerial,1,0,0,1,United-States,46-55,0,0,0,1,train,1,False,False,False,False,True,0
2,113995,0,Exec-managerial,1,0,0,1,United-States,46-55,0,0,0,1,train,1,False,False,False,False,True,0
2,397466,0,Exec-managerial,1,0,0,2,United-States,46-55,0,0,0,0,train,1,False,False,False,False,True,0
2,191659,0,Exec-managerial,1,0,1887,2,United-States,46-55,-1887,0,1,1,train,1,False,False,False,False,True,0
2,106728,0,Exec-managerial,1,5178,0,2,United-States,46-55,5178,1,0,1,train,1,False,False,False,False,True,0
2,149168,0,Exec-managerial,1,0,0,2,United-States,56-65,0,0,0,0,train,1,False,False,False,False,True,0
2,123429,0,Exec-managerial,1,0,0,2,United-States,46-55,0,0,0,1,train,1,False,False,False,False,True,0
2,104501,0,Exec-managerial,1,0,1902,2,United-States,46-55,-1902,0,1,1,train,1,False,False,False,False,True,0
2,265477,0,Prof-specialty,1,0,0,1,United-States,46-55,0,0,0,0,train,1,False,False,False,False,True,0
2,88506,0,Prof-specialty,1,0,0,1,United-States,46-55,0,0,0,0,train,1,False,False,False,False,True,0
2,337895,0,Prof-specialty,1,0,0,1,United-States,56-65,0,0,0,1,train,1,False,False,True,False,False,0
2,249977,0,Prof-specialty,1,0,0,1,United-States,56-65,0,0,0,0,train,1,False,False,False,False,True,0
2,372020,0,Prof-specialty,1,0,0,1,United-States,56-65,0,0,0,1,train,1,False,False,False,False,True,0
2,264052,0,Prof-specialty,1,0,0,1,United-States,46-55,0,0,0,1,train,1,False,False,False,False,True,0
2,146813,0,Prof-specialty,1,0,0,1,United-States,46-55,0,0,0,1,train,1,False,False,False,False,True,0
2,288020,0,Prof-specialty,1,0,0,1,Japan,46-55,0,0,0,0,train,1,False,True,False,False,False,0
2,169982,0,Prof-specialty,1,0,0,1,United-States,56-65,0,0,0,1,train,1,False,False,False,False,True,0
2,146767,0,Prof-specialty,1,0,0,1,United-States,46-55,0,0,0,1,train,1,False,False,False,False,True,0
2,213307,0,Prof-specialty,1,0,0,1,United-States,46-55,0,0,0,0,train,1,False,False,False,False,True,0
2,266529,0,Prof-specialty,1,0,0,1,United-States,46-55,0,0,0,1,train,1,False,False,False,False,True,0
2,30575,0,Prof-specialty,1,0,0,1,United-States,46-55,0,0,0,0,train,1,False,False,False,False,True,0
2,149784,0,Prof-specialty,1,7688,0,1,United-States,46-55,7688,1,0,1,train,1,False,False,False,False,True,0
2,159755,0,Prof-specialty,1,0,0,1,United-States,46-55,0,0,0,1,train,1,False,False,False,False,True,0
2,255364,0,Prof-specialty,1,0,0,1,United-States,46-55,0,0,0,0,train,1,False,False,False,False,True,0
2,90290,0,Prof-specialty,1,0,0,1,United-States,56-65,0,0,0,0,train,1,False,False,False,False,True,0
2,168283,0,Prof-specialty,1,0,0,1,United-States,46-55,0,0,0,1,train,1,False,False,False,False,True,0
2,75104,0,Prof-specialty,1,0,0,1,United-States,46-55,0,0,0,0,train,1,False,False,False,False,True,0
2,103931,0,Prof-specialty,1,0,0,1,United-States,46-55,0,0,0,0,train,1,False,False,False,False,True,0
2,270859,0,Prof-specialty,1,0,0,1,United-States,46-55,0,0,0,1,train,1,False,False,False,False,True,0
2,326048,0,Prof-specialty,1,0,0,1,United-States,46-55,0,0,0,1,train,1,False,False,False,False,True,0
2,130454,0,Prof-specialty,1,0,0,1,United-States,56-65,0,0,0,1,train,1,False,False,False,False,True,0
2,134447,0,Prof-specialty,1,0,0,1,United-States,46-55,0,0,0,0,train,1,False,False,False,False,True,0
2,317733,0,Prof-specialty,1,7688,0,1,United-States,46-55,7688,1,0,1,train,1,False,False,False,False,True,0
2,155449,0,Prof-specialty,1,0,0,1,United-States,56-65,0,0,0,0,train,1,False,False,False,False,True,0
2,420917,0,Prof-specialty,1,0,0,1,United-States,46-55,0,0,0,0,train,1,False,False,False,False,True,0
2,202467,0,Prof-specialty,1,0,1485,1,United-States,46-55,-1485,0,1,1,train,1,False,False,False,False,True,0
2,549341,0,Prof-specialty,1,0,0,1,United-States,46-55,0,0,0,0,train,1,False,False,True,False,False,0
2,82649,0,Prof-specialty,1,5013,0,1,United-States,46-55,5013,1,0,0,train,1,False,False,False,False,True,0
2,275943,0,Prof-specialty,1,0,0,1,Nicaragua,56-65,0,0,0,0,train,1,False,False,False,False,True,0
2,296066,0,Prof-specialty,1,0,0,1,United-States,46-55,0,0,0,0,train,1,False,False,False,False,True,0
2,148509,0,Prof-specialty,1,0,0,1,India,56-65,0,0,0,0,train,1,False,True,False,False,False,0
2,39986,0,Prof-specialty,1,0,0,1,United-States,46-55,0,0,0,0,train,1,False,False,False,False,True,0
2,288353,0,Protective-serv,1,0,0,1,United-States,46-55,0,0,0,1,train,1,False,False,False,False,True,0
2,246891,0,Protective-serv,1,0,0,1,United-States,46-55,0,0,0,0,train,1,False,False,False,False,True,0
2,199688,0,Protective-serv,1,0,0,1,United-States,46-55,0,0,0,1,train,1,False,False,False,False,True,0
2,127455,0,Protective-serv,1,0,0,1,United-States,46-55,0,0,0,1,train,1,False,False,False,False,True,0
2,349795,0,Protective-serv,1,0,0,1,United-States,46-55,0,0,0,0,train,1,False,False,False,False,True,0
2,303090,0,Sales,1,0,0,1,United-States,56-65,0,0,0,0,train,1,False,False,False,False,True,0
2,96062,0,Sales,1,0,1977,1,United-States,46-55,-1977,0,1,1,train,1,False,False,False,False,True,0
2,146013,0,Sales,1,4064,0,1,United-States,56-65,4064,1,0,0,train,1,False,False,False,False,True,0
2,183081,0,Sales,1,0,0,1,United-States,56-65,0,0,0,0,train,1,False,False,False,False,True,0
2,212960,0,Sales,1,0,0,1,United-States,46-55,0,0,0,1,train,1,False,False,False,False,True,0
2,268090,0,Sales,1,0,0,1,United-States,46-55,0,0,0,1,train,1,False,False,False,False,True,0
2,160724,0,Sales,1,0,2415,1,China,46-55,-2415,0,1,1,train,1,False,True,False,False,False,0
2,263925,0,Sales,1,0,0,1,Canada,46-55,0,0,0,1,train,1,False,False,False,False,True,0
2,370119,0,Sales,1,15024,0,1,United-States,46-55,15024,1,0,1,train,1,False,False,False,False,True,0
2,268022,0,Sales,1,0,0,1,United-States,46-55,0,0,0,1,train,1,False,False,False,False,True,0
2,138852,0,Sales,1,0,0,1,United-States,46-55,0,0,0,1,train,1,False,False,False,False,True,0
2,302868,0,Sales,1,0,0,1,United-States,46-55,0,0,0,1,train,1,False,False,False,False,True,0
2,208302,0,Sales,1,0,0,1,United-States,46-55,0,0,0,1,train,1,False,False,False,False,True,0
2,175339,0,Sales,1,0,0,1,United-States,46-55,0,0,0,1,train,1,False,False,False,False,True,0
2,174056,0,Sales,1,15024,0,1,United-States,56-65,15024,1,0,1,train,1,False,False,False,False,True,0
2,211804,0,Sales,1,15024,0,1,United-States,56-65,15024,1,0,1,train,1,False,False,False,False,True,0
2,183611,0,Sales,1,3137,0,1,United-States,46-55,3137,1,0,0,train,1,False,False,False,False,True,0
2,206206,0,Sales,1,0,0,1,United-States,56-65,0,0,0,1,train,1,False,False,False,False,True,0
2,249741,0,Sales,1,0,0,1,United-States,46-55,0,0,0,0,train,1,False,False,False,False,True,0
2,320835,0,Sales,1,0,0,1,United-States,46-55,0,0,0,1,train,1,False,False,False,False,True,0
2,101338,0,Sales,1,0,0,1,United-States,56-65,0,0,0,0,train,1,False,False,False,False,True,0
2,121685,0,Sales,1,0,0,1,United-States,46-55,0,0,0,1,train,1,False,False,False,False,True,0
2,145409,0,Sales,1,15024,0,1,United-States,46-55,15024,1,0,1,train,1,False,False,False,False,True,0
2,235646,0,Sales,1,3103,0,1,United-States,46-55,3103,1,0,1,train,1,False,False,False,False,True,0
2,100506,0,Sales,1,15024,0,1,United-States,46-55,15024,1,0,1,train,1,False,False,False,False,True,0
2,206964,0,Sales,1,0,0,1,United-States,46-55,0,0,0,1,train,1,False,False,False,False,True,0
2,110871,0,Sales,1,0,0,1,United-States,46-55,0,0,0,0,train,1,False,False,False,False,True,0
2,247552,0,Sales,1,0,0,2,United-States,46-55,0,0,0,0,train,1,False,False,False,False,True,0
2,51048,0,Sales,1,0,0,2,United-States,46-55,0,0,0,0,train,1,False,False,False,False,True,0
2,44728,0,Sales,1,0,0,2,United-States,46-55,0,0,0,1,train,1,False,False,False,False,True,0
2,200235,0,Sales,1,0,0,2,United-States,56-65,0,0,0,0,train,1,False,False,False,False,True,0
2,58683,0,Sales,1,0,0,2,United-States,46-55,0,0,0,1,train,1,False,False,False,False,True,0
2,160151,0,Sales,1,0,0,2,United-States,46-55,0,0,0,1,train,1,False,False,False,False,True,0
2,162034,0,Sales,1,0,0,2,United-States,46-55,0,0,0,0,train,1,False,False,False,False,True,0
2,141807,0,Sales,1,0,0,2,United-States,46-55,0,0,0,1,train,1,False,False,False,False,True,0
2,353808,0,Sales,1,0,0,2,United-States,56-65,0,0,0,1,train,1,False,False,False,False,True,0
2,102771,0,Sales,1,0,0,2,United-States,46-55,0,0,0,1,train,1,False,False,False,False,True,0
2,210736,0,Sales,1,0,0,2,United-States,46-55,0,0,0,0,train,1,False,False,False,False,True,0
2,199029,0,Sales,1,0,2415,2,United-States,46-55,-2415,0,1,1,train,1,False,False,False,False,True,0
2,400004,0,Sales,1,0,0,2,United-States,46-55,0,0,0,0,train,1,False,False,False,False,True,0
2,386397,0,Sales,1,0,0,2,United-States,46-55,0,0,0,0,train,1,False,False,False,False,True,0
2,216851,0,Tech-support,1,0,0,1,United-States,56-65,0,0,0,1,train,1,False,False,False,False,True,0
2,120939,0,Tech-support,1,0,0,1,United-States,46-55,0,0,0,0,train,1,False,False,False,False,True,0
2,102102,0,Tech-support,1,0,0,1,United-States,46-55,0,0,0,1,train,1,False,False,False,False,True,0
2,68898,0,Tech-support,1,0,0,1,United-States,46-55,0,0,0,0,train,1,False,False,False,False,True,0
2,96062,0,Tech-support,1,0,0,1,United-States,46-55,0,0,0,1,train,1,False,False,False,False,True,0
2,92079,0,Tech-support,1,0,0,1,United-States,46-55,0,0,0,1,train,1,False,False,False,False,True,0
2,146391,0,Tech-support,1,7298,0,1,United-States,56-65,7298,1,0,1,train,1,False,False,False,False,True,0
2,617021,0,Tech-support,1,7688,0,1,United-States,46-55,7688,1,0,1,train,1,False,False,True,False,False,0
2,110457,2,Exec-managerial,1,0,0,1,United-States,46-55,0,0,0,0,train,0,False,False,False,False,True,0
2,71046,2,Exec-managerial,1,0,0,1,Scotland,46-55,0,0,0,0,train,0,False,False,False,False,True,0
2,221532,2,Exec-managerial,1,0,0,1,United-States,46-55,0,0,0,1,train,0,False,False,False,False,True,0
2,209912,2,Exec-managerial,1,0,0,1,United-States,46-55,0,0,0,0,train,0,True,False,False,False,False,0
2,391016,2,Exec-managerial,1,0,0,1,United-States,46-55,0,0,0,0,train,0,False,False,False,False,True,0
2,159910,2,Exec-managerial,1,10520,0,1,United-States,46-55,10520,1,0,1,train,0,False,False,True,False,False,0
2,163083,2,Exec-managerial,1,14084,0,1,United-States,46-55,14084,1,0,1,train,0,False,False,False,False,True,0
2,36489,2,Exec-managerial,1,0,0,1,United-States,46-55,0,0,0,0,train,0,False,False,False,False,True,0
2,133694,2,Exec-managerial,1,0,0,1,Jamaica,46-55,0,0,0,1,train,0,False,False,True,False,False,0
2,251585,2,Exec-managerial,1,0,0,2,United-States,46-55,0,0,0,1,train,0,False,False,False,False,True,0
2,33109,2,Exec-managerial,1,0,0,2,United-States,46-55,0,0,0,1,train,0,False,False,False,False,True,0
2,162924,2,Exec-managerial,1,0,0,2,Japan,46-55,0,0,0,0,train,0,False,True,False,False,False,0
2,274528,2,Exec-managerial,1,0,0,2,United-States,46-55,0,0,0,0,train,0,False,False,False,False,True,0
2,101926,2,Exec-managerial,1,0,0,2,United-States,46-55,0,0,0,1,train,0,False,False,False,False,True,0
2,183611,2,Exec-managerial,1,0,0,2,Germany,46-55,0,0,0,0,train,0,False,False,False,False,True,0
2,192776,0,Exec-managerial,1,0,1977,1,United-States,46-55,-1977,0,1,1,train,1,False,False,False,False,True,1
2,229465,0,Exec-managerial,1,15024,0,1,United-States,46-55,15024,1,0,1,train,1,False,False,False,False,True,1
2,125892,0,Exec-managerial,1,0,0,1,United-States,46-55,0,0,0,1,train,1,False,False,False,False,True,1
2,179951,0,Exec-managerial,1,0,0,1,United-States,46-55,0,0,0,0,train,1,False,False,False,False,True,1
2,183869,0,Exec-managerial,1,0,0,1,United-States,46-55,0,0,0,1,train,1,False,False,False,False,True,1
2,153484,0,Exec-managerial,1,0,1977,1,United-States,46-55,-1977,0,1,1,train,1,False,False,False,False,True,1
2,183710,0,Exec-managerial,1,0,0,1,United-States,46-55,0,0,0,1,train,1,False,False,False,False,True,1
2,304955,0,Exec-managerial,1,0,0,1,United-States,46-55,0,0,0,1,train,1,False,False,False,False,True,1
2,201127,0,Exec-managerial,1,0,0,1,United-States,46-55,0,0,0,1,train,1,False,False,False,False,True,1
2,52267,0,Exec-managerial,1,0,0,1,United-States,56-65,0,0,0,1,train,1,False,False,False,False,True,1
2,185041,0,Exec-managerial,1,0,1977,1,United-States,46-55,-1977,0,1,1,train,1,False,False,False,False,True,1
2,65087,0,Exec-managerial,1,15024,0,1,United-States,46-55,15024,1,0,1,train,1,False,False,False,False,True,1
2,337768,0,Exec-managerial,1,0,0,1,United-States,46-55,0,0,0,1,train,1,False,False,False,False,True,1
2,128272,0,Exec-managerial,1,0,0,2,United-States,46-55,0,0,0,1,train,1,False,False,False,False,True,1
2,138022,0,Exec-managerial,1,0,0,2,United-States,46-55,0,0,0,1,train,1,False,False,False,False,True,1
2,114758,0,Exec-managerial,1,15024,0,2,United-States,46-55,15024,1,0,1,train,1,False,False,False,False,True,1
2,424079,0,Exec-managerial,1,15024,0,2,United-States,46-55,15024,1,0,1,train,1,False,False,False,False,True,1
2,50164,0,Exec-managerial,1,0,0,2,United-States,46-55,0,0,0,1,train,1,False,False,False,False,True,1
2,287480,0,Prof-specialty,1,0,0,1,United-States,46-55,0,0,0,0,train,1,False,False,False,False,True,1
2,123075,0,Prof-specialty,1,0,0,1,United-States,46-55,0,0,0,1,train,1,False,False,False,False,True,1
2,193960,0,Prof-specialty,1,0,1902,1,United-States,46-55,-1902,0,1,1,train,1,False,False,False,False,True,1
2,165637,0,Prof-specialty,1,0,0,1,United-States,46-55,0,0,0,0,train,1,False,False,False,False,True,1
2,99185,0,Prof-specialty,1,15024,0,1,United-States,46-55,15024,1,0,1,train,1,False,False,False,False,True,1
2,290593,0,Prof-specialty,1,0,0,1,United-States,56-65,0,0,0,0,train,1,False,False,False,False,True,1
2,98361,0,Prof-specialty,1,15024,0,1,United-States,46-55,15024,1,0,1,train,1,False,False,False,False,True,1
2,126754,0,Prof-specialty,1,15024,0,1,United-States,46-55,15024,1,0,1,train,1,False,False,False,False,True,1
2,159755,0,Prof-specialty,1,0,0,1,United-States,46-55,0,0,0,1,train,1,False,False,False,False,True,1
2,147629,0,Prof-specialty,1,15024,0,1,United-States,46-55,15024,1,0,1,train,1,False,False,False,False,True,1
2,131852,0,Prof-specialty,1,0,0,1,United-States,56-65,0,0,0,1,train,1,False,False,False,False,True,1
2,124137,0,Prof-specialty,1,0,2415,1,Greece,46-55,-2415,0,1,1,train,1,False,False,False,False,True,1
2,110517,0,Prof-specialty,1,4064,0,1,India,56-65,4064,1,0,0,train,1,False,True,False,False,False,1
2,71344,0,Prof-specialty,1,0,0,1,United-States,46-55,0,0,0,0,train,1,False,False,False,False,True,1
2,146326,0,Prof-specialty,1,7688,0,1,United-States,46-55,7688,1,0,1,train,1,False,False,False,False,True,1
2,64045,0,Prof-specialty,1,99999,0,1,United-States,46-55,99999,1,0,1,train,1,False,False,False,False,True,1
2,349910,0,Prof-specialty,1,0,1977,1,United-States,56-65,-1977,0,1,1,train,1,False,False,False,False,True,1
2,172962,0,Prof-specialty,1,0,0,1,United-States,46-55,0,0,0,1,train,1,False,False,False,False,True,1
2,50048,0,Prof-specialty,1,7688,0,1,United-States,46-55,7688,1,0,1,train,1,False,False,False,False,True,1
2,90363,0,Prof-specialty,1,99999,0,1,United-States,46-55,99999,1,0,1,train,1,False,False,False,False,True,1
2,156623,0,Prof-specialty,1,7688,0,1,Philippines,46-55,7688,1,0,1,train,1,False,True,False,False,False,1
2,149650,0,Prof-specialty,1,0,0,1,Iran,46-55,0,0,0,1,train,1,False,False,False,False,True,1
2,146603,0,Prof-specialty,1,0,0,1,United-States,46-55,0,0,0,1,train,1,False,False,False,False,True,1
2,143822,0,Prof-specialty,1,0,0,1,United-States,46-55,0,0,0,1,train,1,False,False,False,False,True,1
2,32694,0,Prof-specialty,1,0,0,1,United-States,56-65,0,0,0,1,train,1,False,False,False,False,True,1
2,282023,0,Prof-specialty,1,0,0,1,United-States,56-65,0,0,0,1,train,1,False,False,False,False,True,1
2,191277,0,Prof-specialty,1,0,1902,2,United-States,46-55,-1902,0,1,1,train,1,False,False,False,False,True,1
2,289436,0,Prof-specialty,1,0,0,2,United-States,46-55,0,0,0,1,train,1,False,False,False,False,True,1
2,168212,0,Prof-specialty,1,0,1902,2,United-States,46-55,-1902,0,1,1,train,1,False,False,False,False,True,1
2,151616,0,Prof-specialty,1,0,0,2,United-States,56-65,0,0,0,0,train,1,False,False,False,False,True,1
2,166459,0,Prof-specialty,1,99999,0,2,United-States,46-55,99999,1,0,1,train,1,False,False,False,False,True,1
2,265099,0,Prof-specialty,1,0,0,2,United-States,56-65,0,0,0,0,train,1,False,False,False,False,True,1
2,177927,0,Prof-specialty,1,0,0,2,United-States,46-55,0,0,0,0,train,1,False,False,False,False,True,1
2,133917,0,Prof-specialty,1,0,1902,2,United-States,46-55,-1902,0,1,1,train,1,False,False,True,False,False,1
2,139268,0,Prof-specialty,1,0,1977,2,United-States,46-55,-1977,0,1,1,train,1,False,False,False,False,True,1
2,293196,0,Prof-specialty,1,15024,0,2,Iran,46-55,15024,1,0,1,train,1,False,False,False,False,True,1
2,116286,0,Prof-specialty,1,0,0,2,United-States,46-55,0,0,0,1,train,1,False,False,False,False,True,1
2,199720,0,Prof-specialty,1,15024,0,2,Germany,46-55,15024,1,0,1,train,1,False,False,False,False,True,1
2,345493,0,Prof-specialty,1,99999,0,2,Taiwan,46-55,99999,1,0,1,train,1,False,True,False,False,False,1
2,425161,0,Sales,1,15024,0,1,United-States,56-65,15024,1,0,1,train,1,False,False,False,False,True,1
2,114758,0,Sales,1,0,0,1,United-States,46-55,0,0,0,0,train,1,False,False,False,False,True,1
2,312131,0,Sales,1,0,0,1,United-States,56-65,0,0,0,0,train,1,False,False,False,False,True,1
2,102308,0,Sales,1,0,0,1,United-States,46-55,0,0,0,1,train,1,False,False,False,False,True,1
2,457237,0,Sales,1,0,0,1,United-States,46-55,0,0,0,0,train,1,False,False,False,False,True,1
2,195322,2,Prof-specialty,1,0,0,1,United-States,46-55,0,0,0,1,train,0,False,False,False,False,True,1
2,23780,2,Prof-specialty,1,0,0,1,United-States,46-55,0,0,0,0,train,1,False,False,False,False,True,1
2,327886,2,Prof-specialty,1,0,0,1,United-States,46-55,0,0,0,1,train,1,False,False,False,False,True,1
2,77102,2,Prof-specialty,1,0,0,1,United-States,46-55,0,0,0,0,train,0,False,False,False,False,True,1
2,188386,2,Prof-specialty,1,0,0,1,United-States,46-55,0,0,0,0,train,0,False,False,False,False,True,1
2,208395,2,Prof-specialty,1,0,0,1,United-States,56-65,0,0,0,0,train,0,False,False,False,False,True,1
2,170142,2,Prof-specialty,1,0,0,1,United-States,46-55,0,0,0,1,train,0,False,False,False,False,True,1
2,203580,0,Adm-clerical,1,0,0,1,United-States,56-65,0,0,0,0,train,1,False,False,False,False,True,2
2,236596,0,Adm-clerical,1,0,0,1,United-States,56-65,0,0,0,1,train,1,False,False,False,False,True,2
2,98545,0,Adm-clerical,1,0,0,1,United-States,46-55,0,0,0,0,train,1,False,False,False,False,True,2
2,192835,0,Adm-clerical,1,0,0,1,United-States,46-55,0,0,0,1,train,1,False,False,False,False,True,2
2,130703,0,Adm-clerical,1,0,0,1,United-States,46-55,0,0,0,0,train,1,False,False,True,False,False,2
2,34248,0,Adm-clerical,1,0,0,1,United-States,46-55,0,0,0,0,train,1,False,False,False,False,True,2
2,156877,0,Adm-clerical,1,15024,0,1,United-States,46-55,15024,1,0,1,train,1,False,False,False,False,True,2
2,94391,0,Adm-clerical,1,0,0,1,United-States,46-55,0,0,0,0,train,1,False,False,False,False,True,2
2,159670,0,Adm-clerical,1,0,0,1,United-States,46-55,0,0,0,1,train,1,False,False,False,False,True,2
2,168232,0,Adm-clerical,1,0,0,1,United-States,46-55,0,0,0,1,train,1,False,False,False,False,True,2
2,203039,0,Adm-clerical,1,0,0,1,United-States,46-55,0,0,0,0,train,1,False,False,False,False,True,2
2,33863,0,Adm-clerical,1,0,0,1,United-States,46-55,0,0,0,1,train,1,False,False,False,False,True,2
2,87928,0,Adm-clerical,1,0,0,1,United-States,46-55,0,0,0,1,train,1,False,False,False,False,True,2
2,166789,0,Adm-clerical,1,0,0,1,United-States,46-55,0,0,0,0,train,1,False,False,False,False,True,2
2,29658,0,Adm-clerical,1,0,0,1,United-States,46-55,0,0,0,0,train,1,False,False,False,False,True,2
2,68493,0,Adm-clerical,1,0,0,1,United-States,46-55,0,0,0,1,train,1,False,False,True,False,False,2
2,193366,0,Craft-repair,1,0,0,1,United-States,46-55,0,0,0,0,train,1,False,False,False,False,True,2
2,187715,0,Craft-repair,1,0,0,1,United-States,46-55,0,0,0,0,train,1,False,False,False,False,True,2
2,85815,0,Craft-repair,1,0,0,1,United-States,56-65,0,0,0,0,train,1,False,True,False,False,False,2
2,193884,0,Craft-repair,1,0,0,1,Ecuador,46-55,0,0,0,0,train,1,False,False,False,False,True,2
2,56915,0,Craft-repair,1,0,0,1,United-States,46-55,0,0,0,0,train,1,True,False,False,False,False,2
2,245062,0,Craft-repair,1,0,0,1,United-States,56-65,0,0,0,1,train,1,False,False,False,False,True,2
2,199713,0,Craft-repair,1,0,0,1,United-States,56-65,0,0,0,0,train,1,False,False,False,False,True,2
2,25826,0,Craft-repair,1,0,1887,1,United-States,46-55,-1887,0,1,1,train,1,False,False,False,False,True,2
2,199378,0,Craft-repair,1,0,0,1,United-States,56-65,0,0,0,0,train,1,False,False,False,False,True,2
2,177665,0,Craft-repair,1,0,0,1,United-States,56-65,0,0,0,0,train,1,False,False,False,False,True,2
2,87510,0,Craft-repair,1,0,0,1,United-States,56-65,0,0,0,0,train,1,False,False,False,False,True,2
2,387569,0,Craft-repair,1,4386,0,1,United-States,46-55,4386,1,0,1,train,1,False,False,False,False,True,2
2,124793,0,Craft-repair,1,0,0,1,United-States,46-55,0,0,0,0,train,1,False,False,False,False,True,2
2,31339,0,Craft-repair,1,0,0,1,United-States,46-55,0,0,0,0,train,1,False,False,False,False,True,2
2,75472,0,Craft-repair,1,4386,0,1,United-States,46-55,4386,1,0,0,train,1,False,False,False,False,True,2
2,349151,0,Craft-repair,1,0,0,1,United-States,46-55,0,0,0,0,train,1,False,False,False,False,True,2
2,421132,0,Craft-repair,1,0,0,1,United-States,46-55,0,0,0,0,train,1,False,False,False,False,True,2
2,146378,0,Craft-repair,1,0,0,1,United-States,46-55,0,0,0,1,train,1,False,False,False,False,True,2
2,232628,0,Craft-repair,1,0,0,1,United-States,46-55,0,0,0,0,train,1,False,False,True,False,False,2
2,126010,0,Craft-repair,1,0,0,1,United-States,46-55,0,0,0,0,train,1,False,False,False,False,True,2
2,198901,0,Craft-repair,1,0,0,1,United-States,46-55,0,0,0,0,train,1,False,False,False,False,True,2
2,107231,0,Craft-repair,1,0,2002,1,United-States,46-55,-2002,0,1,0,train,1,False,False,False,False,True,2
2,120914,0,Craft-repair,1,2961,0,1,United-States,46-55,2961,1,0,0,train,1,False,False,False,False,True,2
2,187487,0,Craft-repair,1,0,0,1,United-States,56-65,0,0,0,1,train,1,False,False,False,False,True,2
2,199067,0,Craft-repair,1,0,0,1,United-States,46-55,0,0,0,1,train,1,False,False,False,False,True,2
2,185407,0,Craft-repair,1,0,0,1,United-States,46-55,0,0,0,0,train,1,False,False,False,False,True,2
2,189933,0,Craft-repair,1,0,0,1,United-States,46-55,0,0,0,0,train,1,False,False,False,False,True,2
2,185465,0,Craft-repair,1,0,0,1,United-States,46-55,0,0,0,0,train,1,False,False,True,False,False,2
2,176924,0,Craft-repair,1,0,0,1,United-States,46-55,0,0,0,0,train,1,False,False,False,False,True,2
2,101017,0,Craft-repair,1,0,0,1,United-States,46-55,0,0,0,0,train,1,False,False,False,False,True,2
2,119565,0,Craft-repair,1,0,0,1,United-States,46-55,0,0,0,0,train,1,False,False,False,False,True,2
2,240521,0,Craft-repair,1,7298,0,1,United-States,56-65,7298,1,0,1,train,1,False,False,False,False,True,2
2,242341,0,Craft-repair,1,0,0,1,United-States,46-55,0,0,0,0,train,1,True,False,False,False,False,2
2,182854,0,Craft-repair,1,0,0,1,United-States,46-55,0,0,0,0,train,1,False,False,False,False,True,2
2,108993,0,Craft-repair,1,0,0,1,United-States,46-55,0,0,0,1,train,1,False,False,False,False,True,2
2,234057,0,Craft-repair,1,0,0,1,United-States,46-55,0,0,0,1,train,1,False,False,False,False,True,2
2,250873,0,Craft-repair,1,0,0,1,United-States,56-65,0,0,0,0,train,1,False,False,False,False,True,2
2,90624,0,Craft-repair,1,0,0,1,United-States,46-55,0,0,0,0,train,1,False,False,True,False,False,2
2,328610,0,Craft-repair,1,0,0,1,United-States,46-55,0,0,0,0,train,1,False,False,False,False,True,2
2,211762,0,Craft-repair,1,0,0,1,United-States,46-55,0,0,0,1,train,1,False,False,False,False,True,2
2,31840,0,Craft-repair,1,0,0,1,United-States,56-65,0,0,0,1,train,1,False,False,False,False,True,2
2,240859,0,Craft-repair,1,0,0,1,Cuba,46-55,0,0,0,0,train,1,False,False,False,False,True,2
2,186172,0,Craft-repair,1,7688,0,1,United-States,46-55,7688,1,0,1,train,1,False,False,False,False,True,2
2,78141,0,Craft-repair,1,0,0,1,United-States,56-65,0,0,0,1,train,1,False,False,False,False,True,2
2,154785,0,Craft-repair,1,0,0,1,United-States,46-55,0,0,0,1,train,1,False,False,False,False,True,2
2,174351,0,Craft-repair,1,0,0,1,Italy,56-65,0,0,0,0,train,1,False,False,False,False,True,2
2,229737,0,Craft-repair,1,0,0,1,United-States,46-55,0,0,0,1,train,1,False,False,False,False,True,2
2,357848,0,Craft-repair,1,0,0,1,United-States,46-55,0,0,0,1,train,1,False,False,False,False,True,2
2,180920,0,Craft-repair,1,0,0,1,United-States,56-65,0,0,0,0,train,1,False,False,False,False,True,2
2,53197,0,Craft-repair,1,0,0,1,United-States,46-55,0,0,0,0,train,1,False,False,False,False,True,2
2,185859,0,Craft-repair,1,0,0,1,United-States,46-55,0,0,0,0,train,1,False,False,False,False,True,2
2,229272,0,Craft-repair,1,0,0,1,United-States,46-55,0,0,0,1,train,1,False,False,True,False,False,2
2,186338,0,Craft-repair,1,0,0,1,United-States,46-55,0,0,0,1,train,1,False,False,False,False,True,2
2,202956,0,Craft-repair,1,0,0,1,United-States,46-55,0,0,0,0,train,1,False,False,False,False,True,2
2,147098,0,Craft-repair,1,0,0,1,United-States,46-55,0,0,0,1,train,1,False,False,False,False,True,2
2,157569,0,Craft-repair,1,0,0,1,United-States,46-55,0,0,0,0,train,1,False,False,False,False,True,2
2,137691,0,Craft-repair,1,0,0,1,United-States,46-55,0,0,0,1,train,1,False,False,False,False,True,2
2,200471,0,Craft-repair,1,0,0,1,United-States,46-55,0,0,0,0,train,1,False,False,False,False,True,2
2,213140,0,Craft-repair,1,0,0,1,Italy,46-55,0,0,0,0,train,1,False,False,False,False,True,2
2,120970,0,Craft-repair,1,0,0,1,United-States,46-55,0,0,0,1,train,1,False,False,True,False,False,2
2,55507,0,Craft-repair,1,0,0,1,United-States,46-55,0,0,0,0,train,1,False,False,True,False,False,2
2,79324,0,Craft-repair,1,0,0,1,United-States,46-55,0,0,0,1,train,1,False,False,False,False,True,2
2,227386,0,Craft-repair,1,0,0,1,United-States,56-65,0,0,0,0,train,1,False,False,False,False,True,2
2,29658,0,Craft-repair,1,0,0,1,United-States,46-55,0,0,0,1,train,1,False,False,False,False,True,2
2,376973,0,Craft-repair,1,0,0,1,United-States,56-65,0,0,0,1,train,1,False,False,False,False,True,2
2,86837,0,Craft-repair,1,0,1902,1,United-States,46-55,-1902,0,1,1,train,1,False,True,False,False,False,2
2,414994,0,Craft-repair,1,0,0,1,United-States,46-55,0,0,0,0,train,1,False,False,False,False,True,2
2,212120,0,Craft-repair,1,0,0,1,United-States,46-55,0,0,0,1,train,1,False,False,False,False,True,2
2,35723,0,Craft-repair,1,0,0,2,United-States,56-65,0,0,0,0,train,1,False,False,False,False,True,2
2,123011,0,Craft-repair,1,15024,0,2,United-States,46-55,15024,1,0,1,train,1,False,False,False,False,True,2
2,302847,0,Craft-repair,1,0,0,2,United-States,46-55,0,0,0,0,train,1,False,False,False,False,True,2
2,175339,0,Craft-repair,1,0,1672,2,United-States,46-55,-1672,0,1,0,train,1,False,False,False,False,True,2
2,189528,0,Craft-repair,1,0,0,2,United-States,46-55,0,0,0,0,train,1,False,False,False,False,True,2
2,519006,0,Craft-repair,1,0,0,2,United-States,56-65,0,0,0,0,train,1,False,False,False,False,True,2
2,379118,0,Craft-repair,1,0,0,2,United-States,46-55,0,0,0,1,train,1,False,False,True,False,False,2
2,209642,0,Exec-managerial,1,0,0,1,United-States,46-55,0,0,0,1,train,1,False,False,False,False,True,2
2,196232,0,Exec-managerial,1,7688,0,1,United-States,46-55,7688,1,0,1,train,1,False,False,False,False,True,2
2,114117,0,Exec-managerial,1,0,0,1,United-States,46-55,0,0,0,0,train,1,False,False,False,False,True,2
2,50459,0,Exec-managerial,1,0,0,1,United-States,46-55,0,0,0,1,train,1,False,False,False,False,True,2
2,285335,0,Exec-managerial,1,0,0,1,United-States,46-55,0,0,0,0,train,1,False,False,False,False,True,2
2,293196,0,Exec-managerial,1,7298,0,1,United-States,46-55,7298,1,0,1,train,1,False,False,False,False,True,2
2,152234,0,Exec-managerial,1,99999,0,1,Japan,46-55,99999,1,0,1,train,1,False,True,False,False,False,2
2,192945,0,Exec-managerial,1,7688,0,1,United-States,46-55,7688,1,0,1,train,1,False,False,False,False,True,2
2,48433,0,Exec-managerial,1,0,0,1,United-States,56-65,0,0,0,0,train,1,False,False,False,False,True,2
2,196328,0,Exec-managerial,1,0,0,1,United-States,46-55,0,0,0,1,train,1,False,False,True,False,False,2
2,30731,0,Exec-managerial,1,7298,0,1,United-States,46-55,7298,1,0,1,train,1,False,False,False,False,True,2
2,174102,0,Exec-managerial,1,4386,0,1,Greece,46-55,4386,1,0,1,train,1,False,False,False,False,True,2
2,121124,0,Exec-managerial,1,0,0,1,United-States,46-55,0,0,0,1,train,1,False,False,False,False,True,2
2,189933,0,Exec-managerial,1,0,0,1,United-States,46-55,0,0,0,0,train,1,False,False,False,False,True,2
2,164135,0,Exec-managerial,1,0,0,1,United-States,46-55,0,0,0,1,train,1,False,False,False,False,True,2
2,222182,0,Exec-managerial,1,0,0,1,United-States,56-65,0,0,0,0,train,1,False,False,True,False,False,2
2,174865,0,Exec-managerial,1,0,0,1,United-States,46-55,0,0,0,1,train,1,False,False,False,False,True,2
2,115422,0,Exec-managerial,1,0,0,1,United-States,56-65,0,0,0,0,train,1,False,False,False,False,True,2
2,88842,0,Exec-managerial,1,99999,0,1,United-States,46-55,99999,1,0,1,train,1,False,False,False,False,True,2
2,145290,0,Exec-managerial,1,0,2415,1,United-States,46-55,-2415,0,1,1,train,1,False,False,False,False,True,2
2,162632,0,Exec-managerial,1,0,0,1,United-States,46-55,0,0,0,0,train,1,False,False,False,False,True,2
2,449257,0,Farming-fishing,1,0,0,1,United-States,46-55,0,0,0,0,train,1,False,False,False,False,True,2
2,65535,0,Farming-fishing,1,0,0,1,United-States,46-55,0,0,0,0,train,1,False,False,False,False,True,2
2,104790,0,Farming-fishing,1,0,0,1,United-States,46-55,0,0,0,1,train,1,False,False,False,False,True,2
2,160586,0,Farming-fishing,1,0,0,1,United-States,56-65,0,0,0,0,train,1,False,False,False,False,True,2
2,77415,0,Farming-fishing,1,0,0,1,United-States,56-65,0,0,0,0,train,1,False,False,False,False,True,2
2,149168,0,Farming-fishing,1,0,0,1,United-States,46-55,0,0,0,0,train,1,False,False,False,False,True,2
2,214169,0,Farming-fishing,1,15024,0,1,United-States,46-55,15024,1,0,1,train,1,False,False,False,False,True,2
2,216292,0,Farming-fishing,1,0,0,1,United-States,46-55,0,0,0,0,train,1,False,False,False,False,True,2
2,234721,0,Handlers-cleaners,1,0,0,1,United-States,46-55,0,0,0,0,train,1,False,False,True,False,False,2
2,95647,0,Handlers-cleaners,1,0,0,1,United-States,46-55,0,0,0,0,train,1,False,False,False,False,True,2
2,321171,0,Handlers-cleaners,1,0,0,1,United-States,56-65,0,0,0,0,train,1,False,False,False,False,True,2
2,107373,0,Handlers-cleaners,1,0,0,1,United-States,46-55,0,0,0,0,train,1,False,False,False,False,True,2
2,256522,0,Handlers-cleaners,1,0,0,1,United-States,46-55,0,0,0,0,train,1,False,False,False,False,True,2
2,246519,0,Handlers-cleaners,1,2105,0,1,United-States,46-55,2105,1,0,0,train,1,False,False,False,False,True,2
2,237735,0,Handlers-cleaners,1,3103,0,1,United-States,46-55,3103,1,0,1,train,1,False,False,False,False,True,2
2,83861,0,Handlers-cleaners,1,0,0,1,United-States,56-65,0,0,0,0,train,1,False,False,False,False,True,2
2,201822,0,Handlers-cleaners,1,0,2002,1,United-States,56-65,-2002,0,1,0,train,1,False,False,False,False,True,2
2,67841,0,Handlers-cleaners,1,0,0,1,United-States,56-65,0,0,0,1,train,1,False,False,False,False,True,2
2,146674,0,Handlers-cleaners,1,0,0,1,United-States,56-65,0,0,0,0,train,1,False,False,True,False,False,2
2,144361,0,Machine-op-inspct,1,0,0,1,United-States,46-55,0,0,0,0,train,1,False,False,False,False,True,2
2,125417,0,Machine-op-inspct,1,0,0,1,United-States,46-55,0,0,0,1,train,1,False,False,False,False,True,2
2,105304,0,Machine-op-inspct,1,0,0,1,United-States,46-55,0,0,0,0,train,1,False,False,False,False,True,2
2,767403,0,Machine-op-inspct,1,3103,0,1,United-States,46-55,3103,1,0,1,train,1,False,False,False,False,True,2
2,176026,0,Machine-op-inspct,1,0,0,1,United-States,46-55,0,0,0,0,train,1,False,False,False,False,True,2
2,236944,0,Machine-op-inspct,1,0,0,1,United-States,56-65,0,0,0,1,train,1,False,False,True,False,False,2
2,53833,0,Machine-op-inspct,1,0,0,1,United-States,46-55,0,0,0,1,train,1,False,False,False,False,True,2
2,206369,0,Machine-op-inspct,1,5178,0,1,United-States,46-55,5178,1,0,1,train,1,False,False,False,False,True,2
2,415287,0,Machine-op-inspct,1,0,1902,1,United-States,46-55,-1902,0,1,1,train,1,False,False,True,False,False,2
2,105444,0,Machine-op-inspct,1,0,0,1,United-States,46-55,0,0,0,0,train,1,False,False,False,False,True,2
2,183606,0,Machine-op-inspct,1,0,0,1,United-States,56-65,0,0,0,0,train,1,False,False,False,False,True,2
2,187487,0,Machine-op-inspct,1,0,0,1,United-States,56-65,0,0,0,0,train,1,False,False,False,False,True,2
2,181132,0,Machine-op-inspct,1,0,0,1,England,46-55,0,0,0,1,train,1,False,False,False,False,True,2
2,165937,0,Machine-op-inspct,1,0,0,1,United-States,46-55,0,0,0,1,train,1,False,False,False,False,True,2
2,170050,0,Machine-op-inspct,1,0,0,1,United-States,46-55,0,0,0,0,train,1,False,False,False,False,True,2
2,257200,0,Machine-op-inspct,1,0,0,1,United-States,56-65,0,0,0,0,train,1,False,False,False,False,True,2
2,142719,0,Machine-op-inspct,1,0,0,1,United-States,46-55,0,0,0,0,train,1,False,False,False,False,True,2
2,192390,0,Machine-op-inspct,1,0,0,1,United-States,46-55,0,0,0,1,train,1,False,False,False,False,True,2
2,168569,0,Machine-op-inspct,1,0,1887,1,United-States,56-65,-1887,0,1,1,train,1,False,False,False,False,True,2
2,175925,0,Machine-op-inspct,1,0,0,1,United-States,46-55,0,0,0,0,train,1,False,False,False,False,True,2
2,252714,0,Machine-op-inspct,1,0,0,1,Italy,56-65,0,0,0,0,train,1,False,False,False,False,True,2
2,190747,0,Machine-op-inspct,1,0,0,1,United-States,56-65,0,0,0,0,train,1,False,False,False,False,True,2
2,164799,0,Machine-op-inspct,1,0,0,1,United-States,46-55,0,0,0,1,train,1,False,False,False,False,True,2
2,335605,0,Other-service,1,0,1887,1,Canada,56-65,-1887,0,1,1,train,1,False,False,False,False,True,2
2,268700,0,Other-service,1,0,0,1,United-States,56-65,0,0,0,0,train,1,False,False,False,False,True,2
2,142182,0,Other-service,1,0,0,1,United-States,56-65,0,0,0,1,train,1,False,False,False,False,True,2
2,169133,0,Other-service,1,0,0,1,Yugoslavia,56-65,0,0,0,0,train,1,False,False,False,False,True,2
2,377701,0,Other-service,1,0,0,1,Mexico,46-55,0,0,0,0,train,1,False,False,False,False,True,2
2,183013,0,Other-service,1,0,0,1,United-States,46-55,0,0,0,0,train,1,False,False,False,False,True,2
2,182062,0,Other-service,1,0,0,1,United-States,56-65,0,0,0,0,train,1,False,False,False,False,True,2
2,481987,0,Other-service,1,0,0,1,United-States,46-55,0,0,0,1,train,1,False,False,False,False,True,2
2,41474,0,Other-service,1,0,0,1,Mexico,46-55,0,0,0,0,train,1,False,False,False,False,True,2
2,189123,0,Other-service,1,0,0,1,United-States,46-55,0,0,0,0,train,1,False,False,False,False,True,2
2,135102,0,Other-service,1,0,2002,1,United-States,46-55,-2002,0,1,0,train,1,False,False,False,False,True,2
2,115613,0,Other-service,1,0,0,1,United-States,46-55,0,0,0,0,train,1,False,False,False,False,True,2
2,74156,0,Other-service,1,0,0,1,United-States,56-65,0,0,0,0,train,1,False,False,False,False,True,2
2,108426,0,Other-service,1,0,0,1,England,56-65,0,0,0,0,train,1,False,False,True,False,False,2
2,95469,0,Prof-specialty,1,0,0,1,United-States,46-55,0,0,0,0,train,1,False,False,False,False,True,2
2,158611,0,Prof-specialty,1,0,0,1,United-States,56-65,0,0,0,0,train,1,False,False,False,False,True,2
2,356619,0,Prof-specialty,1,0,0,1,United-States,46-55,0,0,0,1,train,1,False,False,False,False,True,2
2,146015,0,Prof-specialty,1,0,0,1,United-States,46-55,0,0,0,1,train,1,False,False,False,False,True,2
2,178660,0,Prof-specialty,1,0,0,1,United-States,56-65,0,0,0,0,train,1,False,False,False,False,True,2
2,53707,0,Prof-specialty,1,0,0,1,United-States,56-65,0,0,0,1,train,1,False,False,False,False,True,2
2,167651,0,Prof-specialty,1,0,0,1,United-States,46-55,0,0,0,0,train,1,False,False,False,False,True,2
2,174525,0,Prof-specialty,1,3942,0,1,United-States,46-55,3942,1,0,0,train,1,False,False,False,False,True,2
2,181317,0,Prof-specialty,1,0,0,1,United-States,46-55,0,0,0,0,train,1,False,False,False,False,True,2
2,124993,0,Prof-specialty,1,0,0,1,United-States,46-55,0,0,0,1,train,1,False,False,False,False,True,2
2,191024,0,Prof-specialty,1,0,0,1,United-States,56-65,0,0,0,0,train,1,False,False,False,False,True,2
2,76612,0,Prof-specialty,1,0,0,1,United-States,46-55,0,0,0,0,train,1,False,False,False,False,True,2
2,199947,0,Prof-specialty,1,0,0,1,United-States,56-65,0,0,0,0,train,1,False,False,False,False,True,2
2,203953,0,Prof-specialty,1,0,0,1,United-States,46-55,0,0,0,1,train,1,False,False,False,False,True,2
2,159937,0,Sales,1,0,0,1,United-States,56-65,0,0,0,0,train,1,False,False,False,False,True,2
2,238638,0,Sales,1,4386,0,1,United-States,46-55,4386,1,0,1,train,1,False,False,False,False,True,2
2,69884,0,Sales,1,0,0,1,United-States,56-65,0,0,0,1,train,1,False,False,False,False,True,2
2,219420,0,Sales,1,0,0,1,United-States,46-55,0,0,0,1,train,1,False,False,False,False,True,2
2,406468,0,Sales,1,0,0,1,United-States,46-55,0,0,0,0,train,1,False,False,True,False,False,2
2,141326,0,Sales,1,0,0,1,United-States,56-65,0,0,0,1,train,1,False,False,False,False,True,2
2,67716,0,Sales,1,0,0,1,United-States,46-55,0,0,0,1,train,1,False,False,False,False,True,2
2,263925,0,Sales,1,99999,0,1,United-States,46-55,99999,1,0,1,train,1,False,False,False,False,True,2
2,188330,0,Sales,1,0,0,1,United-States,46-55,0,0,0,1,train,1,False,False,False,False,True,2
2,31782,0,Sales,1,0,0,1,United-States,56-65,0,0,0,0,train,1,False,False,False,False,True,2
2,298130,0,Sales,1,0,0,1,United-States,46-55,0,0,0,0,train,1,False,False,False,False,True,2
2,224377,0,Sales,1,0,0,1,United-States,56-65,0,0,0,0,train,1,False,False,False,False,True,2
2,273536,0,Sales,1,0,0,1,Dominican-Republic,46-55,0,0,0,0,train,1,False,False,False,True,False,2
2,320421,0,Sales,1,0,0,1,United-States,46-55,0,0,0,0,train,1,False,False,False,False,True,2
2,361494,0,Sales,1,0,0,1,United-States,56-65,0,0,0,1,train,1,False,False,False,False,True,2
2,252903,0,Sales,1,0,1977,1,United-States,46-55,-1977,0,1,1,train,1,False,False,False,False,True,2
2,180195,0,Sales,1,0,0,1,United-States,46-55,0,0,0,0,train,1,False,False,False,False,True,2
2,175339,0,Sales,1,0,0,1,United-States,46-55,0,0,0,1,train,1,False,False,False,False,True,2
2,148724,0,Sales,1,0,0,1,United-States,46-55,0,0,0,0,train,1,False,False,True,False,False,2
2,121832,0,Sales,1,0,0,1,United-States,56-65,0,0,0,1,train,1,False,False,False,False,True,2
2,197836,0,Sales,1,0,0,1,United-States,46-55,0,0,0,0,train,1,False,False,False,False,True,2
2,128132,0,Sales,1,0,0,2,United-States,46-55,0,0,0,1,train,1,False,False,False,False,True,2
2,44368,0,Sales,1,15024,0,2,El-Salvador,46-55,15024,1,0,1,train,1,False,False,False,False,True,2
2,160362,0,Sales,1,0,0,2,United-States,56-65,0,0,0,0,train,1,False,False,False,False,True,2
2,104748,0,Sales,1,0,0,2,United-States,46-55,0,0,0,0,train,1,False,False,False,False,True,2
2,377757,0,Sales,1,0,0,2,United-States,46-55,0,0,0,0,train,1,False,False,False,False,True,2
2,149640,0,Transport-moving,1,0,0,1,United-States,46-55,0,0,0,0,train,1,False,False,False,False,True,2
2,242606,0,Transport-moving,1,0,0,1,United-States,46-55,0,0,0,0,train,1,False,False,False,False,True,2
2,288825,0,Transport-moving,1,0,0,1,United-States,46-55,0,0,0,0,train,1,False,False,True,False,False,2
2,286967,0,Transport-moving,1,0,0,1,United-States,56-65,0,0,0,0,train,1,False,False,False,False,True,2
2,197422,0,Transport-moving,1,7688,0,1,United-States,46-55,7688,1,0,1,train,1,False,False,False,False,True,2
2,285854,0,Transport-moving,1,0,0,1,United-States,46-55,0,0,0,1,train,1,False,False,False,False,True,2
2,191277,0,Transport-moving,1,0,0,1,United-States,46-55,0,0,0,1,train,1,False,False,False,False,True,2
2,89534,0,Transport-moving,1,0,0,1,United-States,46-55,0,0,0,1,train,1,False,False,False,False,True,2
2,386136,0,Transport-moving,1,0,0,1,United-States,46-55,0,0,0,0,train,1,False,False,False,False,True,2
2,398212,0,Transport-moving,1,5013,0,1,United-States,46-55,5013,1,0,0,train,1,False,False,True,False,False,2
2,173796,0,Transport-moving,1,0,1887,1,United-States,56-65,-1887,0,1,1,train,1,False,False,False,False,True,2
2,245305,0,Transport-moving,1,0,0,1,United-States,46-55,0,0,0,1,train,1,False,False,True,False,False,2
2,270194,0,Transport-moving,1,0,0,1,United-States,46-55,0,0,0,0,train,1,False,False,False,False,True,2
2,224763,0,Transport-moving,1,0,0,1,Cuba,46-55,0,0,0,0,train,1,False,False,False,False,True,2
2,162137,0,Transport-moving,1,0,0,1,United-States,56-65,0,0,0,0,train,1,True,False,False,False,False,2
2,277434,0,Transport-moving,1,0,0,1,United-States,46-55,0,0,0,0,train,1,False,False,False,False,True,2
2,573583,0,Transport-moving,1,0,0,1,Italy,46-55,0,0,0,1,train,1,False,False,False,False,True,2
2,191188,0,Transport-moving,1,0,0,1,United-States,56-65,0,0,0,0,train,1,False,False,False,False,True,2
2,310085,0,Transport-moving,1,0,0,1,United-States,56-65,0,0,0,0,train,1,False,False,False,False,True,2
2,93690,0,Transport-moving,1,0,0,1,United-States,46-55,0,0,0,1,train,1,False,False,False,False,True,2
2,413363,0,Transport-moving,1,0,2002,1,United-States,46-55,-2002,0,1,0,train,1,False,False,False,False,True,2
2,194698,0,Transport-moving,1,0,0,1,United-States,46-55,0,0,0,0,train,1,False,False,False,False,True,2
2,146181,0,Transport-moving,1,0,0,1,United-States,46-55,0,0,0,0,train,1,False,False,True,False,False,2
2,181953,0,Transport-moving,1,0,0,1,United-States,56-65,0,0,0,0,train,1,False,False,False,False,True,2
2,107833,0,Transport-moving,1,0,1485,1,United-States,56-65,-1485,0,1,1,train,1,False,False,False,False,True,2
2,200939,0,Transport-moving,1,0,0,2,United-States,46-55,0,0,0,0,train,1,False,False,False,False,True,2
2,31577,0,Transport-moving,1,0,0,2,United-States,56-65,0,0,0,1,train,1,False,False,False,False,True,2
2,137815,0,Transport-moving,1,0,0,2,United-States,46-55,0,0,0,1,train,1,False,False,False,False,True,2
2,52267,0,Transport-moving,1,0,0,2,United-States,56-65,0,0,0,0,train,1,False,False,False,False,True,2
2,156877,0,Transport-moving,1,0,0,2,United-States,46-55,0,0,0,1,train,1,False,False,False,False,True,2
2,147629,0,Transport-moving,1,0,0,2,United-States,46-55,0,0,0,1,train,1,False,False,False,False,True,2
2,155489,0,Transport-moving,1,7688,0,2,United-States,46-55,7688,1,0,1,train,1,False,False,False,False,True,2
2,374588,0,Transport-moving,1,0,0,2,United-States,46-55,0,0,0,0,train,1,False,False,True,False,False,2
2,234213,0,Transport-moving,1,0,0,2,United-States,46-55,0,0,0,0,train,1,False,False,False,False,True,2
2,137428,0,Transport-moving,1,0,0,2,United-States,46-55,0,0,0,1,train,1,False,False,False,False,True,2
2,162632,0,Transport-moving,1,7298,0,2,United-States,46-55,7298,1,0,1,train,1,False,False,False,False,True,2
2,204518,2,Craft-repair,1,0,0,1,United-States,46-55,0,0,0,0,train,0,False,False,False,False,True,2
2,102318,2,Craft-repair,1,0,0,1,United-States,46-55,0,0,0,0,train,1,False,False,False,False,True,2
2,196504,2,Craft-repair,1,0,0,1,United-States,46-55,0,0,0,0,train,0,False,False,False,False,True,2
2,170148,2,Craft-repair,1,0,0,1,United-States,56-65,0,0,0,0,train,0,False,False,True,False,False,2
2,62020,2,Craft-repair,1,0,0,1,United-States,56-65,0,0,0,0,train,0,False,False,True,False,False,2
2,35576,2,Craft-repair,1,0,0,1,United-States,46-55,0,0,0,0,train,0,False,False,False,False,True,2
2,174319,2,Transport-moving,1,0,0,1,United-States,46-55,0,0,0,0,train,0,False,False,False,False,True,2
2,35598,2,Transport-moving,1,0,0,1,United-States,46-55,0,0,0,0,train,0,False,False,False,False,True,2
2,34269,2,Transport-moving,1,0,653,1,United-States,56-65,-653,0,1,1,train,0,False,False,False,False,True,2
2,284329,2,Transport-moving,1,0,0,1,United-States,46-55,0,0,0,0,train,0,False,False,False,False,True,2
2,185749,2,Transport-moving,1,0,0,1,United-States,56-65,0,0,0,0,train,0,False,False,True,False,False,2
2,175750,2,Transport-moving,1,0,0,1,United-States,46-55,0,0,0,0,train,0,False,False,True,False,False,2
3,54826,2,Prof-specialty,0,0,0,0,United-States,65+,0,0,0,0,train,0,False,False,False,False,True,0
3,195779,2,Prof-specialty,0,0,0,0,United-States,65+,0,0,0,0,train,0,False,False,False,False,True,0
3,111177,2,Prof-specialty,0,25124,0,0,United-States,65+,25124,1,0,1,train,0,False,False,False,False,True,0
3,365996,2,Prof-specialty,0,0,0,0,United-States,65+,0,0,0,0,train,0,False,False,False,False,True,0
3,104661,2,Prof-specialty,0,0,0,0,United-States,65+,0,0,0,0,train,0,False,False,False,False,True,0
3,95825,2,Prof-specialty,0,0,0,0,United-States,65+,0,0,0,0,train,0,False,False,False,False,True,0
3,628797,2,Prof-specialty,0,0,0,0,United-States,65+,0,0,0,0,train,0,False,False,False,False,True,0
3,291175,2,Prof-specialty,0,0,0,1,United-States,56-65,0,0,0,0,train,0,False,False,False,False,True,0
3,150389,2,Prof-specialty,0,0,0,1,United-States,56-65,0,0,0,1,train,0,False,False,False,False,True,0
3,267546,2,Prof-specialty,0,0,0,1,United-States,56-65,0,0,0,1,train,0,False,False,False,False,True,0
3,192236,2,Prof-specialty,0,0,0,1,United-States,56-65,0,0,0,1,train,0,False,False,False,False,True,0
3,249078,2,Prof-specialty,0,0,0,1,United-States,56-65,0,0,0,0,train,0,False,False,True,False,False,0
3,176796,2,Adm-clerical,0,0,0,1,United-States,56-65,0,0,0,0,train,0,False,False,False,False,True,2
3,205343,2,Adm-clerical,0,0,0,1,United-States,65+,0,0,0,0,train,0,False,False,False,False,True,2
3,101265,2,Adm-clerical,0,1471,0,1,United-States,56-65,1471,1,0,0,train,0,False,False,False,False,True,2
3,98837,2,Adm-clerical,0,0,0,1,United-States,65+,0,0,0,0,train,0,False,False,False,False,True,2
3,266080,2,Adm-clerical,0,0,0,1,United-States,56-65,0,0,0,0,train,0,False,False,False,False,True,2
3,78866,2,Adm-clerical,0,0,0,1,United-States,56-65,0,0,0,0,train,0,False,False,False,False,True,2
3,201293,2,Adm-clerical,0,0,0,1,United-States,56-65,0,0,0,0,train,0,False,False,False,False,True,2
3,166149,2,Adm-clerical,0,0,2206,1,United-States,65+,-2206,0,1,0,train,0,False,False,False,False,True,2
3,188612,2,Adm-clerical,0,0,0,1,United-States,65+,0,0,0,0,train,0,False,False,False,False,True,2
3,130731,2,Adm-clerical,0,0,0,1,United-States,65+,0,0,0,0,train,0,False,False,False,False,True,2
3,174355,2,Other-service,0,0,0,1,United-States,56-65,0,0,0,0,train,0,False,False,False,False,True,2
3,29778,2,Other-service,0,0,0,1,United-States,65+,0,0,0,0,train,0,False,False,False,False,True,2
3,170483,2,Other-service,0,0,0,1,United-States,56-65,0,0,0,0,train,0,False,False,False,False,True,2
3,238611,2,Other-service,0,0,0,1,United-States,56-65,0,0,0,0,train,0,False,False,True,False,False,2
3,30602,2,Other-service,0,0,0,1,United-States,56-65,0,0,0,0,train,0,True,False,False,False,False,2
3,148606,2,Other-service,0,0,0,1,United-States,56-65,0,0,0,0,train,0,False,False,False,False,True,2
3,199298,2,Other-service,0,0,0,1,Puerto-Rico,56-65,0,0,0,0,train,0,False,False,False,False,True,2
3,41506,2,Other-service,0,0,0,1,United-States,65+,0,0,0,0,train,0,False,False,True,False,False,2
3,167358,2,Prof-specialty,0,1111,0,0,United-States,65+,1111,1,0,0,train,0,False,False,False,False,True,2
3,28929,2,Prof-specialty,0,0,0,0,United-States,65+,0,0,0,0,train,0,False,False,False,False,True,2
3,213255,2,Prof-specialty,0,0,0,0,United-States,65+,0,0,0,0,train,0,False,False,False,False,True,2
3,134699,2,Prof-specialty,0,0,0,0,United-States,56-65,0,0,0,0,train,0,False,False,False,False,True,2
3,160995,2,Prof-specialty,0,1086,0,0,United-States,65+,1086,1,0,0,train,0,False,False,False,False,True,2
3,134768,0,Exec-managerial,1,0,0,1,Germany,56-65,0,0,0,1,train,1,False,False,False,False,True,0
3,134960,0,Exec-managerial,1,15024,0,1,United-States,56-65,15024,1,0,1,train,1,False,False,False,False,True,0
3,95450,0,Exec-managerial,1,5178,0,1,United-States,56-65,5178,1,0,1,train,1,False,False,False,False,True,0
3,319371,0,Exec-managerial,1,15024,0,1,United-States,56-65,15024,1,0,1,train,1,False,False,False,False,True,0
3,200068,0,Exec-managerial,1,0,0,1,United-States,65+,0,0,0,1,train,1,False,False,False,False,True,0
3,397831,0,Exec-managerial,1,0,1539,1,United-States,65+,-1539,0,1,0,train,1,False,False,False,False,True,0
3,272425,0,Exec-managerial,1,0,0,1,United-States,56-65,0,0,0,1,train,1,False,False,False,False,True,0
3,195733,0,Prof-specialty,1,0,0,1,United-States,56-65,0,0,0,1,train,1,False,False,False,False,True,0
3,270333,0,Prof-specialty,1,0,0,1,United-States,56-65,0,0,0,1,train,1,False,False,False,False,True,0
3,298834,0,Prof-specialty,1,0,0,1,United-States,65+,0,0,0,0,train,1,False,False,False,False,True,0
3,177351,0,Prof-specialty,1,0,2174,1,United-States,65+,-2174,0,1,1,train,1,False,False,False,False,True,0
3,185503,0,Prof-specialty,1,0,0,1,United-States,56-65,0,0,0,1,train,1,False,False,False,False,True,0
3,94931,0,Prof-specialty,1,3411,0,1,United-States,56-65,3411,1,0,0,train,1,False,False,False,False,True,0
3,299616,0,Prof-specialty,1,0,0,1,United-States,65+,0,0,0,0,train,1,False,False,False,False,True,0
3,174018,0,Sales,1,0,0,1,United-States,56-65,0,0,0,1,train,1,False,False,True,False,False,0
3,146454,0,Sales,1,5556,0,1,United-States,65+,5556,1,0,1,train,1,False,False,False,False,True,0
3,183735,0,Sales,1,0,0,1,United-States,56-65,0,0,0,1,train,1,False,False,False,False,True,0
3,716416,0,Sales,1,0,0,1,United-States,56-65,0,0,0,1,train,1,False,False,False,False,True,0
3,81534,0,Sales,1,0,0,1,United-States,56-65,0,0,0,1,train,1,False,True,False,False,False,0
3,171635,0,Sales,1,0,0,1,United-States,56-65,0,0,0,0,train,1,False,False,False,False,True,0
3,253866,0,Sales,1,0,0,1,United-States,65+,0,0,0,0,train,1,False,False,False,False,True,0
3,208452,0,Sales,1,0,0,1,United-States,56-65,0,0,0,1,train,1,False,False,False,False,True,0
3,270092,0,Prof-specialty,1,0,0,1,United-States,56-65,0,0,0,1,train,1,False,False,False,False,True,1
3,401531,0,Prof-specialty,1,0,0,1,United-States,56-65,0,0,0,0,train,1,False,False,False,False,True,1
3,231559,0,Prof-specialty,1,20051,0,1,United-States,65+,20051,1,0,1,train,1,False,False,False,False,True,1
3,208426,0,Prof-specialty,1,0,0,1,United-States,65+,0,0,0,0,train,1,False,False,False,False,True,1
3,134768,0,Prof-specialty,1,7688,0,1,United-States,56-65,7688,1,0,1,train,1,False,False,False,False,True,1
3,163174,0,Prof-specialty,1,0,0,1,United-States,56-65,0,0,0,1,train,1,False,False,False,False,True,1
3,209280,0,Prof-specialty,1,6514,0,1,United-States,56-65,6514,1,0,1,train,1,False,False,False,False,True,1
3,231777,0,Prof-specialty,1,0,0,1,United-States,56-65,0,0,0,0,train,1,False,False,False,False,True,1
3,45537,0,Prof-specialty,1,0,0,1,United-States,65+,0,0,0,1,train,1,False,False,True,False,False,1
3,160143,0,Prof-specialty,1,0,0,1,United-States,56-65,0,0,0,1,train,1,False,False,False,False,True,1
3,124971,0,Prof-specialty,1,0,0,1,United-States,56-65,0,0,0,1,train,1,False,False,False,False,True,1
3,66614,0,Craft-repair,1,0,0,1,United-States,56-65,0,0,0,0,train,1,False,False,False,False,True,2
3,181232,0,Craft-repair,1,0,2179,1,United-States,56-65,-2179,0,1,0,train,1,False,False,False,False,True,2
3,118779,0,Craft-repair,1,0,0,1,United-States,56-65,0,0,0,0,train,1,False,False,False,False,True,2
3,134768,0,Craft-repair,1,0,0,1,United-States,56-65,0,0,0,1,train,1,False,False,False,False,True,2
3,197286,0,Craft-repair,1,0,0,1,United-States,56-65,0,0,0,0,train,1,False,False,False,False,True,2
3,244903,0,Craft-repair,1,0,0,1,United-States,56-65,0,0,0,1,train,1,False,False,True,False,False,2
3,194638,0,Craft-repair,1,0,0,1,United-States,56-65,0,0,0,0,train,1,False,False,False,False,True,2
3,106023,0,Craft-repair,1,0,0,1,United-States,56-65,0,0,0,1,train,1,False,False,False,False,True,2
3,166124,0,Craft-repair,1,0,0,1,United-States,56-65,0,0,0,1,train,1,False,False,False,False,True,2
3,82388,0,Craft-repair,1,10566,0,1,United-States,56-65,10566,1,0,0,train,1,False,False,False,False,True,2
3,102470,0,Craft-repair,1,0,0,1,United-States,56-65,0,0,0,0,train,1,False,False,False,False,True,2
3,21174,0,Exec-managerial,1,0,0,1,United-States,56-65,0,0,0,1,train,1,False,False,False,False,True,2
3,69867,0,Exec-managerial,1,0,0,1,United-States,56-65,0,0,0,1,train,1,False,False,False,False,True,2
3,222289,0,Exec-managerial,1,0,0,1,United-States,56-65,0,0,0,1,train,1,False,False,False,False,True,2
3,177387,0,Exec-managerial,1,0,0,1,United-States,65+,0,0,0,0,train,1,False,False,False,False,True,2
3,76860,0,Exec-managerial,1,0,0,1,United-States,65+,0,0,0,1,train,1,False,True,False,False,False,2
3,84409,0,Exec-managerial,1,0,0,1,United-States,56-65,0,0,0,1,train,1,False,False,False,False,True,2
3,215833,0,Exec-managerial,1,0,0,1,United-States,56-65,0,0,0,1,train,1,False,False,False,False,True,2
3,149653,0,Exec-managerial,1,0,0,1,United-States,56-65,0,0,0,0,train,1,False,False,False,False,True,2
3,183608,0,Exec-managerial,1,0,0,1,United-States,56-65,0,0,0,0,train,1,False,False,False,False,True,2
3,184335,0,Exec-managerial,1,0,0,1,United-States,65+,0,0,0,0,train,1,False,False,False,False,True,2
3,35494,0,Exec-managerial,1,0,0,1,United-States,65+,0,0,0,0,train,1,False,False,False,False,True,2
3,550848,0,Exec-managerial,1,0,0,1,United-States,56-65,0,0,0,1,train,1,False,False,False,False,True,2
3,141797,0,Exec-managerial,1,0,0,1,United-States,65+,0,0,0,0,train,1,False,False,False,False,True,2
3,195453,0,Exec-managerial,1,0,0,1,United-States,56-65,0,0,0,1,train,1,False,False,False,False,True,2
3,167687,0,Farming-fishing,1,1409,0,1,United-States,65+,1409,1,0,0,train,1,False,False,False,False,True,2
3,78383,0,Farming-fishing,1,0,0,1,United-States,56-65,0,0,0,0,train,1,False,False,False,False,True,2
3,36671,0,Farming-fishing,1,0,2352,1,United-States,56-65,-2352,0,1,0,train,1,False,False,False,False,True,2
3,30713,0,Farming-fishing,1,0,0,1,United-States,65+,0,0,0,0,train,1,False,False,False,False,True,2
3,197015,0,Farming-fishing,1,0,0,1,United-States,65+,0,0,0,0,train,1,False,False,False,False,True,2
3,293114,0,Farming-fishing,1,1409,0,1,United-States,65+,1409,1,0,0,train,1,False,False,False,False,True,2
3,128831,0,Machine-op-inspct,1,0,0,1,United-States,56-65,0,0,0,0,train,1,False,False,False,False,True,2
3,125155,0,Machine-op-inspct,1,0,0,1,United-States,56-65,0,0,0,0,train,1,False,False,False,False,True,2
3,128848,0,Machine-op-inspct,1,3471,0,1,United-States,56-65,3471,1,0,0,train,1,False,False,False,False,True,2
3,92178,0,Machine-op-inspct,1,0,0,1,United-States,56-65,0,0,0,0,train,1,False,False,False,False,True,2
3,83045,0,Machine-op-inspct,1,0,0,1,United-States,56-65,0,0,0,0,train,1,False,False,False,False,True,2
3,174056,0,Machine-op-inspct,1,0,0,1,United-States,56-65,0,0,0,0,train,1,False,False,False,False,True,2
3,232308,0,Machine-op-inspct,1,0,0,1,United-States,56-65,0,0,0,0,train,1,False,False,False,False,True,2
3,159715,0,Machine-op-inspct,1,0,0,1,United-States,56-65,0,0,0,0,train,1,False,False,False,False,True,2
3,212759,0,Prof-specialty,1,0,0,0,United-States,65+,0,0,0,0,train,1,False,False,False,False,True,2
3,36135,0,Prof-specialty,1,0,0,0,United-States,65+,0,0,0,0,train,1,False,False,False,False,True,2
3,303588,0,Prof-specialty,1,0,0,0,United-States,65+,0,0,0,0,train,1,False,False,False,False,True,2
3,29825,0,Prof-specialty,1,0,0,0,United-States,56-65,0,0,0,0,train,1,False,False,False,False,True,2
3,140282,0,Prof-specialty,1,0,0,0,United-States,65+,0,0,0,0,train,1,False,False,False,False,True,2
3,190997,0,Prof-specialty,1,0,0,0,United-States,56-65,0,0,0,0,train,1,False,False,False,False,True,2
3,347089,0,Prof-specialty,1,0,0,0,United-States,56-65,0,0,0,0,train,1,False,False,False,False,True,2
3,184506,0,Prof-specialty,1,0,419,0,United-States,65+,-419,0,1,0,train,1,False,False,False,False,True,2
3,183958,0,Prof-specialty,1,0,0,0,United-States,65+,0,0,0,0,train,1,False,False,False,False,True,2
3,164849,0,Prof-specialty,1,1409,0,0,United-States,65+,1409,1,0,0,train,1,False,False,True,False,False,2
3,177226,0,Prof-specialty,1,0,0,0,United-States,65+,0,0,0,0,train,1,False,False,False,False,True,2
3,29866,0,Prof-specialty,1,0,0,0,United-States,65+,0,0,0,0,train,1,False,False,False,False,True,2
3,190324,0,Prof-specialty,1,0,0,0,United-States,65+,0,0,0,0,train,1,False,False,True,False,False,2
3,36039,0,Prof-specialty,1,0,0,1,United-States,56-65,0,0,0,1,train,1,False,False,False,False,True,2
3,225652,0,Prof-specialty,1,3411,0,1,United-States,56-65,3411,1,0,0,train,1,False,False,False,False,True,2
3,168340,0,Prof-specialty,1,0,0,1,United-States,56-65,0,0,0,1,train,1,False,False,False,False,True,2
3,266081,0,Prof-specialty,1,0,0,1,United-States,56-65,0,0,0,0,train,1,False,False,False,False,True,2
3,54851,0,Prof-specialty,1,0,0,1,United-States,56-65,0,0,0,0,train,1,False,False,False,False,True,2
3,117778,0,Prof-specialty,1,0,0,1,United-States,65+,0,0,0,0,train,1,False,False,False,False,True,2
3,340939,0,Prof-specialty,1,3471,0,1,United-States,65+,3471,1,0,0,train,1,False,False,False,False,True,2
3,196782,0,Prof-specialty,1,0,0,1,United-States,65+,0,0,0,0,train,1,False,False,False,False,True,2
3,203821,0,Prof-specialty,1,0,0,1,United-States,56-65,0,0,0,0,train,1,False,False,False,False,True,2
3,114060,0,Transport-moving,1,0,0,1,United-States,56-65,0,0,0,0,train,1,False,False,False,False,True,2
3,169871,0,Transport-moving,1,0,0,1,United-States,56-65,0,0,0,0,train,1,False,False,False,False,True,2
3,146788,0,Transport-moving,1,0,0,1,United-States,56-65,0,0,0,0,train,1,False,False,False,False,True,2
3,230823,0,Transport-moving,1,0,0,1,Cuba,56-65,0,0,0,0,train,1,False,False,False,False,True,2
3,159046,0,Transport-moving,1,0,0,1,United-States,56-65,0,0,0,0,train,1,False,False,False,False,True,2
3,147845,0,Transport-moving,1,0,0,1,United-States,56-65,0,0,0,0,train,1,False,False,False,False,True,2
3,180401,0,Transport-moving,1,0,0,1,United-States,56-65,0,0,0,1,train,1,False,False,False,False,True,2
3,232308,0,Transport-moving,1,0,0,1,United-States,56-65,0,0,0,1,train,1,False,False,False,False,True,2
