age,fnlwgt,marital_status,occupation,sex,capital_gain,capital_loss,hours_per_week,native_country,age_group,capital_net,has_capital_gain,has_capital_loss,income_binary,source,relationship_binary,race_Amer-Indian-Eskimo,race_Asian-Pac-Islander,race_Black,race_Other,race_White,education_level_encoded
0,122272,1,Adm-clerical,0,0,0,1,United-States,18-25,0,0,0,0,train,1,False,False,False,False,True,0
0,111697,1,Adm-clerical,0,0,1719,1,United-States,18-25,-1719,0,1,0,train,1,False,False,False,False,True,0
0,117789,1,Adm-clerical,0,0,0,1,United-States,18-25,0,0,0,0,train,1,False,False,False,False,True,0
0,71592,1,Adm-clerical,0,0,0,1,Philippines,26-35,0,0,0,0,train,0,False,True,False,False,False,0
0,284317,1,Adm-clerical,0,0,0,1,United-States,18-25,0,0,0,0,train,0,False,False,False,False,True,0
0,93106,1,Adm-clerical,0,0,0,1,United-States,26-35,0,0,0,0,train,0,False,False,False,False,True,0
0,117606,1,Adm-clerical,0,0,0,1,United-States,18-25,0,0,0,0,train,1,False,False,False,False,True,0
0,188544,1,Adm-clerical,0,0,0,1,United-States,18-25,0,0,0,0,train,1,False,False,False,False,True,0
0,175034,1,Adm-clerical,0,0,0,1,United-States,26-35,0,0,0,0,train,0,False,False,False,False,True,0
0,183077,1,Adm-clerical,0,0,0,1,United-States,26-35,0,0,0,0,train,1,False,False,False,False,True,0
0,213977,1,Adm-clerical,0,0,0,1,United-States,18-25,0,0,0,0,train,0,False,False,False,False,True,0
0,121471,1,Adm-clerical,0,0,0,1,United-States,18-25,0,0,0,0,train,0,False,False,False,False,True,0
0,355686,1,Adm-clerical,0,0,0,1,United-States,18-25,0,0,0,0,train,0,False,False,False,False,True,0
0,192149,1,Adm-clerical,0,0,0,1,United-States,18-25,0,0,0,0,train,1,False,False,False,False,True,0
0,175183,1,Adm-clerical,0,0,0,1,United-States,18-25,0,0,0,0,train,0,False,False,False,False,True,0
0,151726,1,Adm-clerical,0,0,0,1,United-States,26-35,0,0,0,0,train,1,True,False,False,False,False,0
0,127139,1,Adm-clerical,0,0,0,1,United-States,18-25,0,0,0,0,train,1,False,False,False,False,True,0
0,253814,1,Adm-clerical,0,0,0,1,United-States,26-35,0,0,0,0,train,0,False,False,False,False,True,0
0,183224,1,Adm-clerical,0,0,0,1,United-States,26-35,0,0,0,0,train,1,False,True,False,False,False,0
0,243871,1,Adm-clerical,0,0,0,1,United-States,26-35,0,0,0,0,train,1,False,False,False,False,True,0
0,147638,1,Adm-clerical,0,0,0,1,Hong,26-35,0,0,0,0,train,1,False,True,False,False,False,0
0,409815,1,Adm-clerical,0,0,0,1,United-States,26-35,0,0,0,0,train,0,False,False,True,False,False,0
0,272451,1,Adm-clerical,0,0,0,1,United-States,26-35,0,0,0,0,train,0,False,False,False,False,True,0
0,161478,1,Adm-clerical,0,0,0,1,Japan,26-35,0,0,0,0,train,0,False,True,False,False,False,0
0,298696,1,Adm-clerical,0,0,0,1,United-States,26-35,0,0,0,0,train,1,False,False,False,False,True,0
0,37933,1,Adm-clerical,0,0,0,1,United-States,26-35,0,0,0,0,train,0,False,False,True,False,False,0
0,117589,1,Adm-clerical,0,0,0,1,United-States,18-25,0,0,0,0,train,0,False,False,False,False,True,0
0,194723,1,Adm-clerical,0,0,0,1,Mexico,18-25,0,0,0,0,train,1,False,False,False,False,True,0
0,173652,1,Adm-clerical,0,0,0,1,United-States,26-35,0,0,0,0,train,1,False,False,False,False,True,0
0,181546,1,Adm-clerical,0,0,0,1,United-States,18-25,0,0,0,0,train,1,False,False,False,False,True,0
0,334693,1,Adm-clerical,0,0,0,1,United-States,18-25,0,0,0,0,train,1,False,False,False,False,True,0
0,222130,1,Adm-clerical,0,0,0,1,United-States,26-35,0,0,0,0,train,0,False,False,False,False,True,0
0,129856,1,Adm-clerical,0,0,0,1,United-States,26-35,0,0,0,0,train,1,False,False,False,False,True,0
0,152035,1,Adm-clerical,0,0,0,1,United-States,18-25,0,0,0,0,train,1,False,False,False,False,True,0
0,117109,1,Adm-clerical,0,0,0,1,United-States,18-25,0,0,0,0,train,1,False,False,True,False,False,0
0,197728,1,Adm-clerical,0,0,0,1,United-States,18-25,0,0,0,0,train,1,False,False,False,False,True,0
0,114158,1,Adm-clerical,0,0,0,1,United-States,26-35,0,0,0,0,train,1,False,False,False,False,True,0
0,109419,1,Adm-clerical,0,0,0,1,United-States,26-35,0,0,0,0,train,0,False,False,False,False,True,0
0,162593,1,Adm-clerical,0,0,0,1,United-States,18-25,0,0,0,0,train,0,False,True,False,False,False,0
0,200973,1,Adm-clerical,0,0,0,1,United-States,18-25,0,0,0,0,train,0,False,False,False,False,True,0
0,125298,1,Adm-clerical,0,0,0,1,United-States,26-35,0,0,0,0,train,0,False,False,False,False,True,0
0,400966,1,Adm-clerical,0,0,0,1,United-States,18-25,0,0,0,0,train,1,False,False,False,False,True,0
0,258849,1,Adm-clerical,0,0,0,1,United-States,26-35,0,0,0,0,train,0,False,False,True,False,False,0
0,19395,1,Adm-clerical,0,0,0,1,United-States,26-35,0,0,0,0,train,0,False,False,False,False,True,0
0,54152,1,Adm-clerical,0,0,0,1,United-States,18-25,0,0,0,0,train,1,False,False,False,False,True,0
0,133352,1,Adm-clerical,0,0,0,1,Vietnam,18-25,0,0,0,0,train,1,False,True,False,False,False,0
0,86745,1,Adm-clerical,0,0,0,1,United-States,18-25,0,0,0,0,train,1,False,True,False,False,False,0
0,225291,1,Adm-clerical,0,0,0,1,United-States,26-35,0,0,0,0,train,0,False,False,False,False,True,0
0,36235,1,Adm-clerical,0,0,0,1,United-States,18-25,0,0,0,0,train,0,False,False,False,False,True,0
0,232914,1,Adm-clerical,0,0,0,1,United-States,26-35,0,0,0,0,train,1,False,False,True,False,False,0
0,147171,1,Adm-clerical,0,0,0,1,Vietnam,18-25,0,0,0,0,train,0,False,True,False,False,False,0
0,107578,1,Adm-clerical,0,2174,0,1,United-States,18-25,2174,1,0,0,train,1,False,False,False,False,True,0
0,34918,1,Prof-specialty,0,0,0,0,Germany,18-25,0,0,0,0,train,0,False,False,False,False,True,0
0,860348,1,Prof-specialty,0,0,0,0,United-States,18-25,0,0,0,0,train,1,False,False,True,False,False,0
0,211601,1,Prof-specialty,0,0,0,0,United-States,18-25,0,0,0,0,train,1,False,False,True,False,False,0
0,99399,1,Prof-specialty,0,0,0,0,United-States,18-25,0,0,0,0,train,0,True,False,False,False,False,0
0,52114,1,Prof-specialty,0,0,0,0,United-States,18-25,0,0,0,0,train,1,False,False,False,False,True,0
0,34029,1,Prof-specialty,0,0,0,0,United-States,18-25,0,0,0,0,train,1,False,False,False,False,True,0
0,131573,1,Prof-specialty,0,0,0,0,United-States,18-25,0,0,0,0,train,1,False,False,False,False,True,0
0,244689,1,Prof-specialty,0,0,0,0,United-States,18-25,0,0,0,0,train,0,False,False,False,False,True,0
0,169882,1,Prof-specialty,0,594,0,0,United-States,18-25,594,1,0,0,train,1,False,False,False,False,True,0
0,178818,1,Prof-specialty,0,0,0,0,United-States,18-25,0,0,0,0,train,1,False,False,False,False,True,0
0,81853,1,Prof-specialty,0,0,0,0,United-States,18-25,0,0,0,0,train,1,False,True,False,False,False,0
0,96862,1,Prof-specialty,0,0,0,0,United-States,18-25,0,0,0,0,train,1,False,False,False,False,True,0
0,258490,1,Prof-specialty,0,0,0,0,United-States,18-25,0,0,0,0,train,0,False,False,False,False,True,0
0,356717,1,Prof-specialty,0,0,0,0,United-States,18-25,0,0,0,0,train,1,False,False,False,False,True,0
0,123727,1,Prof-specialty,0,0,0,0,United-States,18-25,0,0,0,0,train,0,False,False,False,False,True,0
0,243986,1,Prof-specialty,0,0,0,0,United-States,18-25,0,0,0,0,train,1,False,False,False,False,True,0
0,230397,1,Prof-specialty,0,0,0,0,United-States,18-25,0,0,0,0,train,1,False,False,False,False,True,0
0,96851,1,Prof-specialty,0,0,1719,0,United-States,26-35,-1719,0,1,0,train,0,False,False,False,False,True,0
0,113175,1,Prof-specialty,0,0,0,0,United-States,18-25,0,0,0,0,train,1,False,False,False,False,True,0
0,151158,1,Prof-specialty,0,0,0,0,United-States,18-25,0,0,0,0,train,1,False,False,False,False,True,0
0,188618,1,Prof-specialty,0,0,0,0,United-States,18-25,0,0,0,0,train,1,False,False,False,False,True,0
0,118736,1,Prof-specialty,0,0,0,0,United-States,26-35,0,0,0,0,train,0,False,False,False,False,True,0
0,24395,1,Prof-specialty,0,0,0,0,United-States,18-25,0,0,0,0,train,0,False,False,False,False,True,0
0,250051,1,Prof-specialty,0,0,0,0,United-States,18-25,0,0,0,0,train,1,False,False,False,False,True,0
0,202994,1,Prof-specialty,0,0,0,0,United-States,18-25,0,0,0,0,train,1,False,False,False,False,True,0
0,252752,1,Prof-specialty,0,0,0,0,United-States,18-25,0,0,0,0,train,0,False,False,False,False,True,0
0,64293,1,Prof-specialty,0,0,0,1,United-States,26-35,0,0,0,0,train,0,False,False,False,False,True,0
0,204226,1,Prof-specialty,0,0,0,1,United-States,18-25,0,0,0,0,train,0,False,False,False,False,True,0
0,189620,1,Prof-specialty,0,0,0,1,Poland,26-35,0,0,0,0,train,1,False,False,False,False,True,0
0,96467,1,Prof-specialty,0,0,0,1,United-States,26-35,0,0,0,0,train,0,False,False,False,False,True,0
0,192932,1,Prof-specialty,0,0,0,1,United-States,26-35,0,0,0,0,train,0,False,False,False,False,True,0
0,216481,1,Prof-specialty,0,0,0,1,United-States,26-35,0,0,0,0,train,0,False,False,False,False,True,0
0,197058,1,Prof-specialty,0,0,0,1,United-States,26-35,0,0,0,0,train,0,False,False,False,False,True,0
0,62534,1,Prof-specialty,0,0,0,1,Jamaica,18-25,0,0,0,0,train,1,False,False,True,False,False,0
0,163665,1,Prof-specialty,0,0,0,1,United-States,18-25,0,0,0,0,train,1,False,False,False,False,True,0
0,190057,1,Prof-specialty,0,0,0,1,United-States,18-25,0,0,0,0,train,1,False,False,False,False,True,0
0,124242,1,Prof-specialty,0,0,0,1,United-States,18-25,0,0,0,0,train,1,False,False,False,False,True,0
0,214303,1,Prof-specialty,0,0,0,1,United-States,26-35,0,0,0,0,train,0,False,False,False,False,True,0
0,113545,1,Prof-specialty,0,0,0,1,United-States,26-35,0,0,0,0,train,0,False,False,False,False,True,0
0,154373,1,Prof-specialty,0,0,0,1,United-States,18-25,0,0,0,0,train,0,False,False,False,False,True,0
0,33487,1,Prof-specialty,0,0,0,1,United-States,18-25,0,0,0,0,train,1,True,False,False,False,False,0
0,62507,1,Prof-specialty,0,0,0,1,United-States,18-25,0,0,0,0,train,1,False,False,False,False,True,0
0,29174,1,Prof-specialty,0,0,0,1,United-States,26-35,0,0,0,0,train,0,False,False,False,False,True,0
0,217421,1,Prof-specialty,0,0,0,1,United-States,18-25,0,0,0,0,train,1,False,False,False,False,True,0
0,148751,1,Prof-specialty,0,0,0,1,United-States,18-25,0,0,0,0,train,0,False,False,False,False,True,0
0,79728,1,Prof-specialty,0,0,0,1,United-States,18-25,0,0,0,0,train,1,False,False,False,False,True,0
0,311376,1,Prof-specialty,0,0,0,1,United-States,18-25,0,0,0,0,train,0,False,False,False,False,True,0
0,192773,1,Prof-specialty,0,0,0,1,United-States,18-25,0,0,0,0,train,1,False,False,False,False,True,0
0,148509,1,Prof-specialty,0,0,0,1,United-States,18-25,0,0,0,0,train,0,False,False,False,False,True,0
0,322658,1,Prof-specialty,0,0,0,1,United-States,18-25,0,0,0,0,train,0,False,False,False,False,True,0
0,139992,1,Prof-specialty,0,0,0,1,United-States,26-35,0,0,0,0,train,0,False,False,False,False,True,0
0,110998,1,Prof-specialty,0,0,0,1,Philippines,18-25,0,0,0,0,train,1,False,True,False,False,False,0
0,227594,1,Prof-specialty,0,0,0,1,United-States,18-25,0,0,0,0,train,1,False,False,False,False,True,0
0,210443,1,Prof-specialty,0,0,0,1,United-States,18-25,0,0,0,0,train,1,False,False,False,False,True,0
0,283268,1,Prof-specialty,0,0,0,1,United-States,26-35,0,0,0,0,train,0,False,False,False,False,True,0
0,134181,1,Prof-specialty,0,0,0,1,United-States,18-25,0,0,0,0,train,1,False,False,False,False,True,0
0,100999,1,Prof-specialty,0,0,0,1,United-States,18-25,0,0,0,0,train,1,False,False,False,False,True,0
0,29810,1,Prof-specialty,0,0,0,1,United-States,18-25,0,0,0,0,train,1,False,False,False,False,True,0
0,423863,1,Prof-specialty,0,0,0,1,United-States,18-25,0,0,0,0,train,1,False,False,False,False,True,0
0,209970,1,Prof-specialty,0,0,0,1,United-States,18-25,0,0,0,0,train,0,False,False,False,False,True,0
0,375680,1,Prof-specialty,0,0,0,1,United-States,26-35,0,0,0,0,train,0,False,False,True,False,False,0
0,35507,1,Prof-specialty,0,0,0,1,United-States,18-25,0,0,0,0,train,1,False,False,False,False,True,0
0,202344,1,Prof-specialty,0,0,0,1,United-States,18-25,0,0,0,0,train,1,False,False,False,False,True,0
0,307149,1,Prof-specialty,0,0,0,1,United-States,18-25,0,0,0,0,train,1,False,False,False,False,True,0
0,124242,1,Prof-specialty,0,0,0,1,United-States,18-25,0,0,0,0,train,1,False,False,False,False,True,0
0,195532,1,Prof-specialty,0,8614,0,1,United-States,18-25,8614,1,0,1,train,0,False,False,False,False,True,0
0,211968,1,Prof-specialty,0,0,0,1,Iran,18-25,0,0,0,0,train,1,False,False,False,False,True,0
0,193416,1,Prof-specialty,0,0,0,1,United-States,18-25,0,0,0,0,train,1,False,False,False,False,True,0
0,34541,1,Prof-specialty,0,0,0,1,Canada,18-25,0,0,0,0,train,0,False,False,False,False,True,0
0,36601,1,Prof-specialty,0,0,0,1,United-States,26-35,0,0,0,0,train,0,False,False,False,False,True,0
0,364310,1,Prof-specialty,0,0,0,1,Germany,26-35,0,0,0,0,train,0,False,False,True,False,False,0
0,249087,1,Prof-specialty,0,0,0,1,United-States,18-25,0,0,0,0,train,1,False,False,False,False,True,0
0,64292,1,Prof-specialty,0,0,0,1,United-States,18-25,0,0,0,0,train,1,False,False,False,False,True,0
0,150361,1,Prof-specialty,0,0,0,1,United-States,26-35,0,0,0,0,train,0,False,False,False,False,True,0
0,176077,1,Prof-specialty,0,0,0,1,United-States,26-35,0,0,0,0,train,0,False,False,False,False,True,0
0,293136,1,Prof-specialty,0,0,0,1,United-States,18-25,0,0,0,0,train,1,False,False,False,False,True,0
0,189265,1,Adm-clerical,0,0,0,1,United-States,26-35,0,0,0,0,train,0,False,False,False,False,True,2
0,376540,1,Adm-clerical,0,0,0,1,United-States,18-25,0,0,0,0,train,0,False,False,False,False,True,2
0,236436,1,Adm-clerical,0,0,0,1,United-States,26-35,0,0,0,0,train,0,False,False,False,False,True,2
0,234151,1,Adm-clerical,0,0,0,1,United-States,18-25,0,0,0,0,train,0,False,False,True,False,False,2
0,200973,1,Adm-clerical,0,0,0,1,United-States,18-25,0,0,0,0,train,1,False,False,False,False,True,2
0,154781,1,Adm-clerical,0,0,0,1,United-States,18-25,0,0,0,0,train,0,False,False,False,False,True,2
0,64292,1,Adm-clerical,0,0,0,1,United-States,18-25,0,0,0,0,train,0,False,False,False,False,True,2
0,270276,1,Adm-clerical,0,0,0,1,United-States,26-35,0,0,0,0,train,0,False,False,False,False,True,2
0,103148,1,Adm-clerical,0,0,0,1,United-States,26-35,0,0,0,0,train,0,False,False,False,False,True,2
0,291374,1,Adm-clerical,0,0,0,1,United-States,26-35,0,0,0,0,train,0,False,False,True,False,False,2
0,176321,1,Adm-clerical,0,0,0,1,Mexico,18-25,0,0,0,0,train,1,False,False,False,False,True,2
0,106437,1,Adm-clerical,0,0,0,1,United-States,26-35,0,0,0,0,train,0,False,False,False,False,True,2
0,93021,1,Adm-clerical,0,0,0,1,United-States,26-35,0,0,0,0,train,0,False,False,False,True,False,2
0,241185,1,Adm-clerical,0,0,0,1,United-States,18-25,0,0,0,0,train,0,False,False,False,False,True,2
0,334357,1,Adm-clerical,0,0,0,1,United-States,18-25,0,0,0,0,train,1,False,False,True,False,False,2
0,26248,1,Adm-clerical,0,0,0,1,United-States,18-25,0,0,0,0,train,1,False,False,False,False,True,2
0,306515,1,Adm-clerical,0,0,0,1,United-States,18-25,0,0,0,0,train,0,False,False,False,False,True,2
0,152035,1,Adm-clerical,0,0,0,1,United-States,26-35,0,0,0,0,train,1,False,False,False,False,True,2
0,200973,1,Adm-clerical,0,0,0,1,United-States,18-25,0,0,0,0,train,0,False,False,False,False,True,2
0,73203,1,Adm-clerical,0,0,0,1,United-States,18-25,0,0,0,0,train,1,False,False,False,False,True,2
0,193219,1,Adm-clerical,0,0,0,1,Jamaica,18-25,0,0,0,0,train,1,False,False,True,False,False,2
0,186294,1,Adm-clerical,0,0,0,1,United-States,18-25,0,0,0,0,train,0,False,False,False,False,True,2
0,195411,1,Adm-clerical,0,0,0,1,United-States,18-25,0,0,0,0,train,0,False,False,True,False,False,2
0,171114,1,Adm-clerical,0,0,0,1,United-States,18-25,0,0,0,0,train,0,False,False,False,False,True,2
0,269060,1,Adm-clerical,0,0,0,1,United-States,26-35,0,0,0,0,train,0,False,False,False,False,True,2
0,174503,1,Adm-clerical,0,0,0,1,United-States,18-25,0,0,0,0,train,0,False,False,False,False,True,2
0,184759,1,Adm-clerical,0,0,0,1,United-States,18-25,0,0,0,0,train,0,False,False,False,False,True,2
0,688355,1,Adm-clerical,0,0,0,1,United-States,18-25,0,0,0,0,train,0,False,False,True,False,False,2
0,152540,1,Adm-clerical,0,0,0,1,United-States,18-25,0,0,0,0,train,0,False,False,False,False,True,2
0,205204,1,Adm-clerical,0,0,0,1,United-States,26-35,0,0,0,0,train,1,False,False,False,False,True,2
0,275190,1,Adm-clerical,0,0,0,1,United-States,18-25,0,0,0,0,train,1,False,False,False,False,True,2
0,366416,1,Adm-clerical,0,0,0,1,United-States,18-25,0,0,0,0,train,1,False,False,False,False,True,2
0,226956,1,Other-service,0,0,0,1,United-States,18-25,0,0,0,0,train,1,False,False,False,False,True,2
0,43323,1,Other-service,0,0,1762,1,United-States,18-25,-1762,0,1,0,train,0,False,False,False,False,True,2
0,252752,1,Other-service,0,0,0,1,United-States,18-25,0,0,0,0,train,0,False,False,False,False,True,2
0,117789,1,Other-service,0,0,0,1,United-States,18-25,0,0,0,0,train,1,False,False,False,False,True,2
0,232392,1,Other-service,0,0,0,1,United-States,18-25,0,0,0,0,train,1,False,False,False,False,True,2
0,197904,1,Other-service,0,0,0,1,United-States,18-25,0,0,0,0,train,0,False,False,False,False,True,2
0,293227,1,Other-service,0,0,0,1,United-States,18-25,0,0,0,0,train,0,False,False,False,False,True,2
0,316672,1,Other-service,0,0,0,1,Mexico,26-35,0,0,0,0,train,0,False,False,False,False,True,2
0,185732,1,Other-service,0,0,0,1,United-States,26-35,0,0,0,0,train,1,False,False,False,False,True,2
0,419721,1,Other-service,0,0,0,1,Japan,26-35,0,0,0,0,train,0,False,False,True,False,False,2
0,285290,1,Other-service,0,0,0,1,United-States,26-35,0,0,0,0,train,0,False,False,True,False,False,2
0,175548,1,Other-service,0,0,0,1,United-States,26-35,0,0,0,0,train,0,False,False,False,True,False,2
0,28520,1,Other-service,0,0,0,1,United-States,18-25,0,0,0,0,train,0,False,False,False,False,True,2
0,57711,1,Other-service,0,0,0,1,United-States,18-25,0,0,0,0,train,0,False,False,False,False,True,2
0,219371,1,Other-service,0,0,0,1,United-States,26-35,0,0,0,0,train,0,False,False,False,False,True,2
0,235733,1,Other-service,0,0,0,1,United-States,18-25,0,0,0,0,train,0,False,False,False,False,True,2
0,158156,1,Other-service,0,0,0,1,United-States,26-35,0,0,0,0,train,0,False,False,False,False,True,2
0,191460,1,Other-service,0,0,0,1,United-States,18-25,0,0,0,0,train,0,False,False,True,False,False,2
0,173649,1,Other-service,0,0,0,1,United-States,26-35,0,0,0,0,train,1,False,False,True,False,False,2
0,196857,1,Other-service,0,0,0,1,United-States,18-25,0,0,0,0,train,0,False,False,False,False,True,2
0,116562,1,Other-service,0,0,0,1,United-States,18-25,0,0,0,0,train,1,False,False,False,False,True,2
0,169240,1,Other-service,0,0,0,1,United-States,26-35,0,0,0,0,train,0,False,False,False,False,True,2
0,136277,1,Other-service,0,0,0,1,United-States,26-35,0,0,0,0,train,1,False,False,True,False,False,2
0,97963,1,Other-service,0,0,0,1,United-States,18-25,0,0,0,0,train,1,False,False,False,False,True,2
0,187392,1,Other-service,0,0,0,1,United-States,26-35,0,0,0,0,train,0,False,False,False,False,True,2
0,358975,1,Other-service,0,0,0,1,United-States,18-25,0,0,0,0,train,0,False,False,False,False,True,2
0,51025,1,Other-service,0,0,0,1,United-States,26-35,0,0,0,0,train,0,False,False,False,False,True,2
0,370494,1,Other-service,0,0,0,1,Mexico,26-35,0,0,0,0,train,0,False,False,False,False,True,2
0,27433,1,Other-service,0,0,0,1,United-States,18-25,0,0,0,0,train,1,False,False,False,False,True,2
0,159732,1,Adm-clerical,1,0,0,1,United-States,18-25,0,0,0,0,train,0,False,False,False,False,True,0
0,27382,1,Adm-clerical,1,0,0,1,United-States,18-25,0,0,0,0,train,1,False,False,False,False,True,0
0,224563,1,Adm-clerical,1,0,0,1,United-States,26-35,0,0,0,0,train,0,False,False,False,False,True,0
0,217039,1,Adm-clerical,1,0,0,1,United-States,18-25,0,0,0,0,train,1,False,False,False,False,True,0
0,137510,1,Adm-clerical,1,0,0,1,United-States,18-25,0,0,0,0,train,1,False,False,False,False,True,0
0,163870,1,Adm-clerical,1,0,0,1,United-States,18-25,0,0,0,0,train,1,False,False,False,False,True,0
0,114874,1,Adm-clerical,1,0,0,1,United-States,18-25,0,0,0,0,train,1,False,False,False,False,True,0
0,225775,1,Adm-clerical,1,0,0,1,United-States,18-25,0,0,0,0,train,0,False,False,False,False,True,0
0,315877,1,Adm-clerical,1,0,0,1,United-States,18-25,0,0,0,0,train,0,False,False,False,False,True,0
0,161007,1,Adm-clerical,1,0,0,1,United-States,26-35,0,0,0,0,train,1,False,False,False,False,True,0
0,19302,1,Adm-clerical,1,2202,0,1,United-States,26-35,2202,1,0,0,train,0,False,False,False,False,True,0
0,19302,1,Adm-clerical,1,0,0,1,United-States,26-35,0,0,0,0,train,0,False,False,False,False,True,0
0,115248,1,Adm-clerical,1,0,0,1,Vietnam,18-25,0,0,0,0,train,0,False,True,False,False,False,0
0,34402,1,Adm-clerical,1,0,0,1,United-States,26-35,0,0,0,0,train,0,False,False,False,False,True,0
0,83704,1,Adm-clerical,1,0,0,1,United-States,18-25,0,0,0,0,train,1,False,False,False,False,True,0
0,190625,1,Adm-clerical,1,0,0,1,United-States,18-25,0,0,0,0,train,1,False,False,False,False,True,0
0,195770,1,Adm-clerical,1,0,0,1,United-States,18-25,0,0,0,0,train,1,False,False,False,False,True,0
0,367706,1,Adm-clerical,1,0,0,1,United-States,26-35,0,0,0,0,train,1,False,False,True,False,False,0
0,596776,1,Adm-clerical,1,0,0,1,Guatemala,18-25,0,0,0,0,train,1,False,False,False,False,True,0
0,23438,1,Adm-clerical,1,0,0,1,United-States,18-25,0,0,0,1,train,0,False,False,False,False,True,0
0,198148,1,Adm-clerical,1,0,0,1,United-States,18-25,0,0,0,0,train,1,False,False,False,False,True,0
0,129934,1,Adm-clerical,1,0,0,1,United-States,18-25,0,0,0,0,train,0,False,True,False,False,False,0
0,228649,1,Adm-clerical,1,0,0,1,United-States,18-25,0,0,0,0,train,1,False,False,False,False,True,0
0,449432,1,Adm-clerical,1,0,0,1,United-States,18-25,0,0,0,0,train,1,False,False,False,False,True,0
0,247328,1,Adm-clerical,1,0,0,1,United-States,26-35,0,0,0,0,train,0,False,False,False,False,True,0
0,271466,1,Prof-specialty,1,0,0,1,United-States,26-35,0,0,0,0,train,0,False,False,False,False,True,0
0,200681,1,Prof-specialty,1,0,0,1,United-States,18-25,0,0,0,0,train,1,False,False,False,False,True,0
0,101509,1,Prof-specialty,1,0,0,1,United-States,18-25,0,0,0,0,train,1,False,False,False,False,True,0
0,363425,1,Prof-specialty,1,0,0,1,United-States,26-35,0,0,0,0,train,0,False,False,False,False,True,0
0,139883,1,Prof-specialty,1,0,0,1,United-States,18-25,0,0,0,0,train,1,False,False,False,False,True,0
0,208122,1,Prof-specialty,1,1055,0,1,United-States,26-35,1055,1,0,0,train,1,False,False,False,False,True,0
0,111900,1,Prof-specialty,1,0,0,1,United-States,26-35,0,0,0,0,train,0,False,False,False,False,True,0
0,202480,1,Prof-specialty,1,0,0,1,United-States,18-25,0,0,0,0,train,1,False,False,False,False,True,0
0,271328,1,Prof-specialty,1,4650,0,1,United-States,26-35,4650,1,0,0,train,0,False,False,False,False,True,0
0,196061,1,Prof-specialty,1,0,0,1,United-States,18-25,0,0,0,0,train,1,False,False,False,False,True,0
0,219941,1,Prof-specialty,1,0,0,1,United-States,18-25,0,0,0,0,train,1,False,False,True,False,False,0
0,201624,1,Prof-specialty,1,0,0,1,United-States,26-35,0,0,0,0,train,0,False,False,True,False,False,0
0,51259,1,Prof-specialty,1,0,0,1,United-States,26-35,0,0,0,0,train,0,False,False,False,False,True,0
0,35633,1,Prof-specialty,1,0,0,1,United-States,18-25,0,0,0,0,train,0,False,False,False,False,True,0
0,247507,1,Prof-specialty,1,0,0,1,United-States,26-35,0,0,0,0,train,1,False,False,False,False,True,0
0,42004,1,Prof-specialty,1,0,0,1,United-States,18-25,0,0,0,0,train,1,False,False,False,False,True,0
0,163101,1,Prof-specialty,1,0,0,1,United-States,18-25,0,0,0,0,train,0,False,False,False,False,True,0
0,194095,1,Prof-specialty,1,0,0,1,United-States,18-25,0,0,0,0,train,1,False,False,False,False,True,0
0,172582,1,Prof-specialty,1,0,0,1,United-States,18-25,0,0,0,0,train,1,False,False,False,False,True,0
0,98283,1,Prof-specialty,1,0,0,1,United-States,18-25,0,0,0,0,train,1,False,True,False,False,False,0
0,206671,1,Prof-specialty,1,1055,0,1,United-States,18-25,1055,1,0,0,train,1,False,False,False,False,True,0
0,263338,1,Prof-specialty,1,0,0,1,United-States,18-25,0,0,0,0,train,1,False,False,False,False,True,0
0,22966,1,Prof-specialty,1,0,0,1,United-States,18-25,0,0,0,0,train,1,False,False,False,False,True,0
0,119838,1,Prof-specialty,1,0,0,1,United-States,18-25,0,0,0,0,train,1,False,False,False,False,True,0
0,125863,1,Prof-specialty,1,0,0,1,United-States,18-25,0,0,0,0,train,1,False,False,False,False,True,0
0,226013,1,Prof-specialty,1,0,0,1,United-States,26-35,0,0,0,0,train,0,False,False,True,False,False,0
0,376474,1,Prof-specialty,1,0,0,1,United-States,18-25,0,0,0,0,train,1,False,False,False,False,True,0
0,410351,1,Prof-specialty,1,0,0,1,United-States,26-35,0,0,0,0,train,0,False,False,False,False,True,0
0,27937,1,Prof-specialty,1,0,0,1,United-States,18-25,0,0,0,0,train,1,False,False,False,False,True,0
0,300812,1,Prof-specialty,1,0,0,1,United-States,18-25,0,0,0,0,train,1,False,False,False,False,True,0
0,287681,1,Prof-specialty,1,0,0,1,United-States,18-25,0,0,0,0,train,1,False,False,False,False,True,0
0,219835,1,Prof-specialty,1,0,0,1,United-States,18-25,0,0,0,0,train,0,False,False,False,False,True,0
0,143867,1,Prof-specialty,1,0,0,1,United-States,18-25,0,0,0,0,train,1,False,False,False,False,True,0
0,34443,1,Prof-specialty,1,0,0,1,United-States,18-25,0,0,0,0,train,1,False,False,False,False,True,0
0,68330,1,Prof-specialty,1,0,0,1,United-States,26-35,0,0,0,1,train,0,False,False,False,False,True,0
0,225279,1,Prof-specialty,1,0,1602,1,United-States,26-35,-1602,0,1,0,train,0,False,False,False,False,True,0
0,217200,1,Prof-specialty,1,0,0,1,United-States,26-35,0,0,0,0,train,0,False,False,False,False,True,0
0,210278,1,Prof-specialty,1,0,0,1,United-States,18-25,0,0,0,0,train,1,False,False,False,False,True,0
0,268525,1,Prof-specialty,1,0,0,1,United-States,18-25,0,0,0,0,train,0,False,False,False,False,True,0
0,145234,1,Prof-specialty,1,0,0,1,United-States,18-25,0,0,0,0,train,1,False,False,False,False,True,0
0,182117,1,Prof-specialty,1,0,0,1,United-States,18-25,0,0,0,0,train,1,False,False,False,False,True,0
0,44075,1,Prof-specialty,1,0,0,1,United-States,18-25,0,0,0,0,train,0,False,True,False,False,False,0
0,237865,1,Prof-specialty,1,0,0,1,United-States,18-25,0,0,0,0,train,1,False,False,True,False,False,0
0,123983,1,Prof-specialty,1,0,0,1,United-States,18-25,0,0,0,0,train,1,False,False,False,True,False,0
0,423770,1,Prof-specialty,1,0,0,1,Mexico,26-35,0,0,0,0,train,1,False,False,False,False,True,0
0,403433,1,Prof-specialty,1,0,0,1,United-States,26-35,0,0,0,1,train,0,False,False,True,False,False,0
0,159732,1,Prof-specialty,1,0,0,1,United-States,18-25,0,0,0,0,train,0,False,False,False,False,True,0
0,235442,1,Prof-specialty,1,0,0,1,United-States,18-25,0,0,0,0,train,1,False,False,False,False,True,0
0,214542,1,Prof-specialty,1,0,0,1,United-States,18-25,0,0,0,0,train,0,False,False,False,False,True,0
0,222800,1,Prof-specialty,1,0,0,1,United-States,18-25,0,0,0,0,train,0,False,False,False,False,True,0
0,278130,1,Prof-specialty,1,0,0,1,United-States,18-25,0,0,0,0,train,0,False,False,False,False,True,0
0,298133,1,Prof-specialty,1,0,0,1,United-States,18-25,0,0,0,0,train,1,False,False,False,False,True,0
0,306031,1,Prof-specialty,1,0,0,1,United-States,18-25,0,0,0,0,train,1,False,False,False,False,True,0
0,437851,1,Prof-specialty,1,0,0,1,United-States,18-25,0,0,0,0,train,1,False,False,False,False,True,0
0,131230,1,Prof-specialty,1,0,0,1,United-States,18-25,0,0,0,0,train,1,False,False,False,False,True,0
0,130856,1,Prof-specialty,1,0,0,1,United-States,26-35,0,0,0,0,train,0,False,False,False,False,True,0
0,37215,1,Prof-specialty,1,0,0,1,United-States,26-35,0,0,0,0,train,1,False,False,False,False,True,0
0,314525,1,Prof-specialty,1,0,1741,1,United-States,18-25,-1741,0,1,0,train,0,False,False,False,False,True,0
0,114357,1,Prof-specialty,1,0,0,1,United-States,18-25,0,0,0,0,train,0,False,False,False,False,True,0
0,227890,1,Prof-specialty,1,0,0,1,United-States,26-35,0,0,0,0,train,0,False,False,True,False,False,0
0,208874,1,Prof-specialty,1,0,0,1,United-States,18-25,0,0,0,0,train,1,False,False,False,False,True,0
0,244366,1,Prof-specialty,1,0,0,1,United-States,18-25,0,0,0,0,train,1,False,False,False,False,True,0
0,28366,1,Prof-specialty,1,0,0,1,United-States,26-35,0,0,0,0,train,0,False,False,False,False,True,0
0,201179,1,Prof-specialty,1,0,0,1,United-States,18-25,0,0,0,0,train,1,False,False,False,False,True,0
0,30039,1,Prof-specialty,1,0,0,1,United-States,18-25,0,0,0,0,train,1,False,False,False,False,True,0
0,63574,1,Prof-specialty,1,0,0,1,United-States,18-25,0,0,0,0,train,1,False,False,False,False,True,0
0,168403,1,Prof-specialty,1,0,1741,1,United-States,18-25,-1741,0,1,0,train,0,False,False,False,False,True,0
0,301853,1,Prof-specialty,1,0,0,1,United-States,18-25,0,0,0,0,train,1,False,False,False,False,True,0
0,153131,1,Prof-specialty,1,0,0,1,United-States,18-25,0,0,0,0,train,1,False,False,False,False,True,0
0,176683,1,Prof-specialty,1,0,0,1,France,26-35,0,0,0,0,train,1,False,False,False,False,True,0
0,125159,1,Prof-specialty,1,14084,0,1,United-States,26-35,14084,1,0,1,train,0,False,False,True,False,False,0
0,179059,1,Prof-specialty,1,0,0,1,United-States,18-25,0,0,0,0,train,1,False,False,False,False,True,0
0,266015,1,Sales,1,0,0,1,United-States,18-25,0,0,0,0,train,1,False,False,True,False,False,0
0,432376,1,Sales,1,0,0,1,United-States,18-25,0,0,0,0,train,1,False,False,False,False,True,0
0,231931,1,Sales,1,0,0,1,United-States,18-25,0,0,0,0,train,1,False,False,False,False,True,0
0,59306,1,Sales,1,0,0,1,United-States,26-35,0,0,0,0,train,0,False,False,False,False,True,0
0,94936,1,Sales,1,0,0,1,United-States,26-35,0,0,0,0,train,0,False,False,False,False,True,0
0,35633,1,Sales,1,0,0,1,United-States,18-25,0,0,0,0,train,0,False,False,False,False,True,0
0,298227,1,Sales,1,0,0,1,United-States,18-25,0,0,0,0,train,0,False,False,False,False,True,0
0,165474,1,Sales,1,0,0,1,United-States,18-25,0,0,0,0,train,1,False,False,False,False,True,0
0,111567,1,Sales,1,0,0,1,United-States,26-35,0,0,0,1,train,0,False,False,False,False,True,0
0,389713,1,Sales,1,0,0,1,United-States,26-35,0,0,0,0,train,0,False,False,False,False,True,0
0,191342,1,Sales,1,0,0,1,Taiwan,18-25,0,0,0,0,train,1,False,True,False,False,False,0
0,230891,1,Sales,1,0,0,1,United-States,18-25,0,0,0,0,train,0,False,False,False,False,True,0
0,37072,1,Sales,1,0,0,1,United-States,18-25,0,0,0,0,train,0,False,False,False,False,True,0
0,169104,1,Sales,1,0,0,1,United-States,26-35,0,0,0,0,train,1,False,True,False,False,False,0
0,216129,1,Sales,1,0,0,1,United-States,18-25,0,0,0,0,train,0,False,False,False,False,True,0
0,377680,1,Sales,1,0,0,1,United-States,26-35,0,0,0,0,train,0,False,False,False,False,True,0
0,418324,1,Sales,1,0,0,1,United-States,18-25,0,0,0,0,train,1,False,False,False,False,True,0
0,204374,1,Sales,1,0,1741,1,United-States,26-35,-1741,0,1,0,train,0,False,False,False,False,True,0
0,260847,1,Sales,1,0,0,1,United-States,18-25,0,0,0,0,train,1,False,False,False,False,True,0
0,233777,1,Sales,1,0,0,1,Mexico,18-25,0,0,0,0,train,0,False,False,False,False,True,0
0,54131,1,Sales,1,0,0,1,United-States,26-35,0,0,0,0,train,0,False,False,False,False,True,0
0,267396,1,Sales,1,0,0,1,United-States,18-25,0,0,0,0,train,0,False,False,False,False,True,0
0,466224,1,Sales,1,0,0,1,United-States,26-35,0,0,0,0,train,0,False,False,True,False,False,0
0,129059,1,Sales,1,0,0,1,United-States,18-25,0,0,0,0,train,1,False,False,True,False,False,0
0,188767,1,Sales,1,0,0,1,United-States,26-35,0,0,0,0,train,1,False,False,False,False,True,0
0,214858,1,Sales,1,0,0,1,United-States,26-35,0,0,0,0,train,1,False,False,False,False,True,0
0,265706,1,Sales,1,0,0,1,United-States,26-35,0,0,0,0,train,0,False,False,False,False,True,0
0,337639,1,Sales,1,0,0,1,United-States,18-25,0,0,0,0,train,1,False,False,False,False,True,0
0,249315,1,Sales,1,0,0,1,United-States,26-35,0,0,0,0,train,0,False,False,False,False,True,0
0,69045,1,Sales,1,0,0,1,Jamaica,18-25,0,0,0,0,train,0,False,False,True,False,False,0
0,181485,1,Sales,1,0,0,1,United-States,26-35,0,0,0,1,train,0,False,False,True,False,False,0
0,285004,1,Sales,1,0,0,1,Taiwan,18-25,0,0,0,0,train,0,False,True,False,False,False,0
0,190539,1,Sales,1,6849,0,1,United-States,26-35,6849,1,0,0,train,0,False,False,False,False,True,0
0,511331,1,Sales,1,0,0,1,United-States,18-25,0,0,0,0,train,0,False,False,False,False,True,0
0,370990,1,Sales,1,0,0,1,United-States,18-25,0,0,0,0,train,1,False,False,False,False,True,0
0,208598,1,Sales,1,0,0,1,United-States,18-25,0,0,0,0,train,0,False,False,False,False,True,0
0,137591,1,Sales,1,0,1762,1,United-States,18-25,-1762,0,1,0,train,1,False,False,False,False,True,0
0,242651,1,Sales,1,0,0,1,United-States,26-35,0,0,0,0,train,0,False,False,False,False,True,0
0,107458,1,Sales,1,0,0,1,United-States,26-35,0,0,0,0,train,0,False,False,False,False,True,0
0,267012,1,Sales,1,0,0,1,United-States,18-25,0,0,0,0,train,0,False,False,False,False,True,0
0,324637,1,Sales,1,0,0,1,United-States,18-25,0,0,0,0,train,0,False,False,False,False,True,0
0,78870,1,Sales,1,8614,0,1,United-States,26-35,8614,1,0,1,train,0,False,False,False,False,True,0
0,282304,1,Sales,1,0,0,1,United-States,26-35,0,0,0,0,train,0,False,False,False,False,True,0
0,378322,0,Craft-repair,1,0,0,1,United-States,26-35,0,0,0,0,train,1,False,False,False,False,True,2
0,117125,0,Craft-repair,1,0,0,1,Portugal,26-35,0,0,0,0,train,1,False,False,False,False,True,2
0,92262,0,Craft-repair,1,0,0,1,United-States,26-35,0,0,0,0,train,1,False,False,False,False,True,2
0,128604,0,Craft-repair,1,0,0,1,United-States,26-35,0,0,0,0,train,1,False,True,False,False,False,2
0,236770,0,Craft-repair,1,0,0,1,United-States,26-35,0,0,0,0,train,1,False,False,False,False,True,2
0,58222,0,Craft-repair,1,0,0,1,United-States,18-25,0,0,0,0,train,1,False,False,False,False,True,2
0,66815,0,Craft-repair,1,0,0,1,United-States,26-35,0,0,0,0,train,1,False,False,False,False,True,2
0,210295,0,Craft-repair,1,0,0,1,United-States,26-35,0,0,0,1,train,1,False,False,False,False,True,2
0,27207,0,Craft-repair,1,0,0,1,United-States,26-35,0,0,0,0,train,1,False,False,False,False,True,2
0,296045,0,Craft-repair,1,2635,0,1,United-States,18-25,2635,1,0,0,train,1,False,False,False,False,True,2
0,303954,0,Craft-repair,1,0,1848,1,United-States,26-35,-1848,0,1,1,train,1,False,False,False,False,True,2
0,282631,0,Craft-repair,1,0,0,1,United-States,18-25,0,0,0,0,train,1,False,False,False,False,True,2
0,125190,0,Craft-repair,1,0,0,1,United-States,26-35,0,0,0,0,train,1,False,False,False,False,True,2
0,297296,0,Craft-repair,1,0,0,1,United-States,26-35,0,0,0,0,train,1,False,False,False,False,True,2
0,203776,0,Craft-repair,1,0,0,1,United-States,26-35,0,0,0,0,train,1,False,False,False,False,True,2
0,229125,0,Craft-repair,1,0,0,1,United-States,26-35,0,0,0,0,train,1,False,False,False,False,True,2
0,454941,0,Craft-repair,1,0,0,1,United-States,18-25,0,0,0,0,train,1,False,False,False,False,True,2
0,203776,0,Craft-repair,1,0,0,1,United-States,26-35,0,0,0,0,train,1,False,False,False,False,True,2
0,116508,0,Craft-repair,1,0,0,1,Germany,26-35,0,0,0,0,train,1,False,False,False,False,True,2
0,221043,0,Craft-repair,1,0,0,1,United-States,26-35,0,0,0,0,train,1,False,False,False,False,True,2
0,151868,0,Craft-repair,1,0,0,1,United-States,26-35,0,0,0,0,train,1,False,False,False,False,True,2
0,588905,0,Craft-repair,1,0,0,1,United-States,26-35,0,0,0,0,train,1,False,False,False,False,True,2
0,132870,0,Craft-repair,1,0,0,1,United-States,26-35,0,0,0,0,train,1,False,False,False,False,True,2
0,250679,0,Craft-repair,1,0,0,1,United-States,26-35,0,0,0,0,train,1,False,False,False,False,True,2
0,109009,0,Craft-repair,1,0,0,1,United-States,18-25,0,0,0,0,train,1,False,False,False,False,True,2
0,124905,0,Craft-repair,1,0,0,1,United-States,26-35,0,0,0,0,train,1,False,False,False,False,True,2
0,259688,0,Craft-repair,1,0,0,1,United-States,18-25,0,0,0,0,train,1,False,False,False,False,True,2
0,350979,0,Craft-repair,1,0,0,1,Laos,26-35,0,0,0,0,train,1,False,True,False,False,False,2
0,142675,0,Craft-repair,1,0,0,1,United-States,26-35,0,0,0,0,train,1,False,False,False,False,True,2
0,155343,0,Craft-repair,1,5013,0,1,United-States,26-35,5013,1,0,0,train,1,False,False,False,False,True,2
0,131298,0,Craft-repair,1,0,0,1,United-States,26-35,0,0,0,0,train,1,False,False,False,False,True,2
0,206351,0,Craft-repair,1,5013,0,1,United-States,26-35,5013,1,0,0,train,1,False,False,False,False,True,2
0,196564,0,Craft-repair,1,0,0,1,United-States,26-35,0,0,0,0,train,1,False,False,False,False,True,2
0,259425,0,Craft-repair,1,0,0,1,United-States,26-35,0,0,0,1,train,1,False,False,False,False,True,2
0,168294,1,Craft-repair,1,0,0,1,United-States,18-25,0,0,0,0,train,1,False,False,False,False,True,2
0,103432,1,Craft-repair,1,0,0,1,United-States,26-35,0,0,0,0,train,0,False,False,False,False,True,2
0,102632,1,Craft-repair,1,0,0,1,United-States,18-25,0,0,0,0,train,0,False,False,False,False,True,2
0,296158,1,Craft-repair,1,0,0,1,United-States,18-25,0,0,0,0,train,1,False,False,False,False,True,2
0,312956,1,Craft-repair,1,0,0,1,United-States,18-25,0,0,0,0,train,1,False,False,True,False,False,2
0,255004,1,Craft-repair,1,0,0,1,United-States,18-25,0,0,0,0,train,0,False,False,False,False,True,2
0,278130,1,Craft-repair,1,0,0,1,United-States,18-25,0,0,0,0,train,1,False,False,False,False,True,2
0,94235,1,Craft-repair,1,0,0,1,United-States,26-35,0,0,0,0,train,1,False,False,False,False,True,2
0,405855,1,Craft-repair,1,0,0,1,Mexico,26-35,0,0,0,0,train,1,False,False,False,False,True,2
0,354351,1,Craft-repair,1,0,0,1,United-States,18-25,0,0,0,0,train,1,False,False,False,False,True,2
0,182521,1,Craft-repair,1,0,0,1,United-States,26-35,0,0,0,0,train,0,True,False,False,False,False,2
0,247564,1,Craft-repair,1,0,0,1,United-States,18-25,0,0,0,0,train,0,False,False,False,False,True,2
0,125457,1,Craft-repair,1,0,0,1,United-States,26-35,0,0,0,0,train,0,False,False,False,False,True,2
0,267034,1,Craft-repair,1,0,0,1,Haiti,26-35,0,0,0,0,train,1,False,False,True,False,False,2
0,332379,1,Craft-repair,1,0,0,1,United-States,26-35,0,0,0,0,train,0,False,False,False,False,True,2
0,176520,1,Craft-repair,1,0,0,1,United-States,18-25,0,0,0,0,train,1,False,False,False,False,True,2
0,164922,1,Craft-repair,1,0,0,1,United-States,18-25,0,0,0,0,train,1,False,False,False,False,True,2
0,193089,1,Craft-repair,1,0,0,1,United-States,18-25,0,0,0,0,train,1,False,False,False,False,True,2
0,228452,1,Craft-repair,1,0,0,1,United-States,18-25,0,0,0,0,train,0,False,False,False,False,True,2
0,336360,1,Craft-repair,1,0,0,1,United-States,18-25,0,0,0,0,train,1,False,False,True,False,False,2
0,122999,1,Craft-repair,1,0,0,1,United-States,18-25,0,0,0,0,train,1,False,False,False,False,True,2
0,265567,1,Craft-repair,1,0,0,1,United-States,18-25,0,0,0,0,train,1,False,False,False,False,True,2
0,199011,1,Craft-repair,1,0,0,1,United-States,18-25,0,0,0,0,train,1,False,False,False,False,True,2
0,238917,1,Craft-repair,1,0,0,1,United-States,18-25,0,0,0,0,train,1,False,False,False,False,True,2
0,176360,1,Craft-repair,1,0,0,1,United-States,26-35,0,0,0,0,train,1,False,False,True,False,False,2
0,186787,1,Craft-repair,1,0,0,1,United-States,26-35,0,0,0,0,train,1,False,False,False,False,True,2
0,163942,1,Craft-repair,1,0,0,1,Ireland,26-35,0,0,0,0,train,0,False,False,False,False,True,2
0,96130,1,Craft-repair,1,0,0,1,United-States,26-35,0,0,0,0,train,1,False,False,False,False,True,2
0,229803,1,Craft-repair,1,0,0,1,United-States,26-35,0,0,0,0,train,1,False,False,True,False,False,2
0,169069,1,Craft-repair,1,0,0,1,United-States,26-35,0,0,0,0,train,1,False,False,False,False,True,2
0,275726,1,Craft-repair,1,0,0,1,United-States,18-25,0,0,0,0,train,1,False,False,True,False,False,2
0,57211,1,Craft-repair,1,0,0,1,United-States,18-25,0,0,0,0,train,1,False,False,False,False,True,2
0,169269,1,Craft-repair,1,0,0,1,United-States,26-35,0,0,0,0,train,0,False,False,False,False,True,2
0,108658,1,Craft-repair,1,0,0,1,United-States,26-35,0,0,0,0,train,0,False,False,False,False,True,2
0,123178,1,Craft-repair,1,0,0,1,United-States,26-35,0,0,0,0,train,0,False,False,False,False,True,2
0,361487,1,Craft-repair,1,0,0,1,United-States,18-25,0,0,0,0,train,0,False,False,False,False,True,2
0,290286,1,Craft-repair,1,0,0,1,United-States,26-35,0,0,0,0,train,0,False,False,True,False,False,2
0,221095,1,Craft-repair,1,0,0,1,United-States,18-25,0,0,0,0,train,1,False,False,True,False,False,2
0,182342,1,Craft-repair,1,0,0,1,United-States,18-25,0,0,0,0,train,0,False,False,False,False,True,2
0,327202,1,Craft-repair,1,0,0,1,United-States,26-35,0,0,0,0,train,0,False,False,True,False,False,2
0,452640,1,Craft-repair,1,0,0,1,United-States,18-25,0,0,0,0,train,0,False,False,False,False,True,2
0,263498,1,Craft-repair,1,0,0,1,United-States,18-25,0,0,0,0,train,0,False,False,False,False,True,2
0,469705,1,Craft-repair,1,0,1980,1,United-States,26-35,-1980,0,1,0,train,0,False,False,True,False,False,2
0,141698,1,Craft-repair,1,0,0,1,United-States,18-25,0,0,0,0,train,1,False,False,False,False,True,2
0,51985,1,Craft-repair,1,0,0,1,United-States,18-25,0,0,0,0,train,0,False,False,False,False,True,2
0,186452,1,Craft-repair,1,0,0,1,United-States,18-25,0,0,0,0,train,0,False,False,False,False,True,2
0,250679,1,Craft-repair,1,0,0,1,United-States,26-35,0,0,0,0,train,0,False,False,False,False,True,2
0,138152,1,Craft-repair,1,0,0,1,Guatemala,26-35,0,0,0,0,train,1,False,False,False,True,False,2
0,126550,1,Craft-repair,1,0,0,1,United-States,18-25,0,0,0,0,train,1,False,False,False,False,True,2
0,340917,1,Craft-repair,1,14344,0,1,United-States,26-35,14344,1,0,1,train,0,False,False,False,False,True,2
0,194652,1,Craft-repair,1,0,0,1,United-States,26-35,0,0,0,0,train,1,False,False,True,False,False,2
0,289980,1,Handlers-cleaners,1,0,0,1,United-States,18-25,0,0,0,0,train,0,False,False,False,False,True,2
0,194901,1,Handlers-cleaners,1,0,0,1,United-States,26-35,0,0,0,0,train,1,False,False,False,False,True,2
0,205759,1,Handlers-cleaners,1,0,0,1,United-States,18-25,0,0,0,0,train,1,False,False,False,False,True,2
0,259510,1,Handlers-cleaners,1,0,0,1,United-States,18-25,0,0,0,0,train,1,False,False,False,False,True,2
0,27337,1,Handlers-cleaners,1,0,0,1,United-States,18-25,0,0,0,0,train,1,True,False,False,False,False,2
0,62339,1,Handlers-cleaners,1,0,0,1,United-States,18-25,0,0,0,0,train,0,False,False,False,False,True,2
0,275691,1,Handlers-cleaners,1,0,0,1,United-States,18-25,0,0,0,0,train,1,False,False,False,False,True,2
0,444554,1,Handlers-cleaners,1,0,0,1,United-States,18-25,0,0,0,0,train,1,False,False,False,False,True,2
0,23940,1,Handlers-cleaners,1,0,0,1,United-States,26-35,0,0,0,0,train,1,True,False,False,False,False,2
0,228424,1,Handlers-cleaners,1,0,0,1,United-States,18-25,0,0,0,0,train,1,False,False,True,False,False,2
0,267174,1,Handlers-cleaners,1,0,0,1,United-States,18-25,0,0,0,0,train,1,False,False,True,False,False,2
0,156807,1,Handlers-cleaners,1,0,0,1,United-States,18-25,0,0,0,0,train,1,False,False,True,False,False,2
0,236564,1,Handlers-cleaners,1,0,0,1,United-States,26-35,0,0,0,0,train,0,False,False,False,False,True,2
0,354104,1,Handlers-cleaners,1,0,0,1,United-States,18-25,0,0,0,0,train,1,False,False,False,False,True,2
0,675421,1,Handlers-cleaners,1,594,0,1,United-States,18-25,594,1,0,0,train,1,False,False,False,False,True,2
0,42734,1,Handlers-cleaners,1,0,0,1,United-States,26-35,0,0,0,0,train,1,False,False,False,False,True,2
0,241951,1,Handlers-cleaners,1,0,0,1,United-States,18-25,0,0,0,0,train,0,False,False,False,False,True,2
0,211570,1,Handlers-cleaners,1,0,0,1,United-States,26-35,0,0,0,0,train,1,False,False,True,False,False,2
0,80616,1,Handlers-cleaners,1,0,0,1,United-States,18-25,0,0,0,0,train,1,False,False,False,False,True,2
0,118462,1,Handlers-cleaners,1,0,0,1,United-States,18-25,0,0,0,0,train,1,False,False,False,False,True,2
0,275889,1,Handlers-cleaners,1,0,0,1,Mexico,18-25,0,0,0,0,train,1,False,False,False,False,True,2
0,222993,1,Handlers-cleaners,1,0,0,1,United-States,18-25,0,0,0,0,train,1,False,False,False,False,True,2
0,98281,1,Handlers-cleaners,1,0,0,1,United-States,18-25,0,0,0,0,train,0,False,False,False,False,True,2
0,335357,1,Handlers-cleaners,1,0,0,1,United-States,26-35,0,0,0,0,train,1,False,False,True,False,False,2
0,159322,1,Handlers-cleaners,1,0,0,1,United-States,26-35,0,0,0,0,train,1,False,False,False,False,True,2
0,159001,1,Handlers-cleaners,1,0,0,1,United-States,26-35,0,0,0,0,train,1,False,False,False,False,True,2
0,201729,1,Handlers-cleaners,1,0,0,1,United-States,18-25,0,0,0,0,train,1,False,False,False,False,True,2
0,195118,1,Handlers-cleaners,1,0,0,1,United-States,18-25,0,0,0,0,train,1,False,False,False,False,True,2
0,227943,1,Handlers-cleaners,1,0,0,1,United-States,18-25,0,0,0,0,train,1,False,False,False,False,True,2
0,406662,1,Handlers-cleaners,1,0,0,1,United-States,26-35,0,0,0,0,train,0,False,False,False,False,True,2
0,417657,1,Handlers-cleaners,1,0,0,1,United-States,18-25,0,0,0,0,train,1,False,False,False,False,True,2
0,209942,1,Handlers-cleaners,1,0,0,1,United-States,26-35,0,0,0,0,train,1,False,False,True,False,False,2
0,161922,1,Handlers-cleaners,1,0,0,1,United-States,18-25,0,0,0,0,train,0,False,False,False,False,True,2
0,308205,1,Handlers-cleaners,1,0,0,1,Mexico,18-25,0,0,0,0,train,1,False,False,False,False,True,2
0,430471,1,Handlers-cleaners,1,0,0,1,United-States,18-25,0,0,0,0,train,1,False,False,False,False,True,2
0,138768,1,Handlers-cleaners,1,0,0,1,United-States,18-25,0,0,0,0,train,1,False,False,False,False,True,2
0,195750,1,Handlers-cleaners,1,0,0,1,United-States,26-35,0,0,0,0,train,1,False,False,False,False,True,2
0,100345,1,Handlers-cleaners,1,0,0,1,United-States,18-25,0,0,0,0,train,1,False,False,False,False,True,2
0,185061,1,Handlers-cleaners,1,0,0,1,United-States,26-35,0,0,0,0,train,1,False,False,False,False,True,2
0,236396,1,Handlers-cleaners,1,0,0,1,United-States,18-25,0,0,0,0,train,0,False,False,False,False,True,2
0,183970,1,Handlers-cleaners,1,0,0,1,United-States,18-25,0,0,0,0,train,1,False,False,True,False,False,2
0,179462,1,Handlers-cleaners,1,0,0,1,United-States,18-25,0,0,0,0,train,0,False,False,False,False,True,2
0,168288,1,Handlers-cleaners,1,0,0,1,United-States,18-25,0,0,0,0,train,1,False,False,False,False,True,2
0,213921,1,Other-service,1,0,0,1,Mexico,26-35,0,0,0,0,train,1,False,False,False,False,True,2
0,124953,1,Other-service,1,0,1980,1,United-States,26-35,-1980,0,1,0,train,0,False,False,False,False,True,2
0,161155,1,Other-service,1,0,0,1,United-States,26-35,0,0,0,0,train,0,False,False,False,False,True,2
0,156764,1,Other-service,1,0,0,1,United-States,18-25,0,0,0,0,train,1,False,False,False,False,True,2
0,167350,1,Other-service,1,0,0,1,United-States,26-35,0,0,0,0,train,1,False,False,False,False,True,2
0,106085,1,Other-service,1,0,1721,1,United-States,18-25,-1721,0,1,0,train,1,False,False,True,False,False,2
0,241626,1,Other-service,1,0,0,1,United-States,18-25,0,0,0,0,train,1,False,False,False,False,True,2
0,289886,1,Other-service,1,0,0,1,United-States,18-25,0,0,0,0,train,0,False,True,False,False,False,2
0,183523,1,Other-service,1,0,0,1,United-States,26-35,0,0,0,0,train,1,False,False,False,False,True,2
0,282202,1,Other-service,1,0,0,1,El-Salvador,18-25,0,0,0,0,train,0,False,False,False,False,True,2
0,143062,1,Other-service,1,0,0,1,Greece,18-25,0,0,0,0,train,1,False,False,False,False,True,2
0,224059,1,Other-service,1,0,0,1,United-States,18-25,0,0,0,0,train,0,False,False,False,False,True,2
0,286853,1,Other-service,1,0,0,1,United-States,18-25,0,0,0,0,train,1,False,False,False,False,True,2
0,300687,1,Other-service,1,0,0,1,United-States,26-35,0,0,0,0,train,0,False,False,True,False,False,2
0,148187,1,Other-service,1,0,0,1,United-States,18-25,0,0,0,0,train,1,False,False,False,False,True,2
0,89397,1,Other-service,1,0,0,1,United-States,18-25,0,0,0,0,train,1,False,False,False,False,True,2
0,259351,1,Other-service,1,0,0,1,Mexico,26-35,0,0,0,0,train,1,True,False,False,False,False,2
0,174732,1,Other-service,1,0,0,1,United-States,18-25,0,0,0,0,train,1,False,False,True,False,False,2
0,209384,1,Other-service,1,0,0,1,United-States,18-25,0,0,0,0,train,1,False,False,False,False,True,2
0,354201,1,Other-service,1,0,0,1,United-States,18-25,0,0,0,0,train,1,False,False,False,False,True,2
0,193741,1,Other-service,1,0,0,1,United-States,18-25,0,0,0,0,train,1,False,False,True,False,False,2
0,220098,1,Other-service,1,0,0,1,United-States,18-25,0,0,0,0,train,1,False,False,False,False,True,2
0,189888,1,Other-service,1,0,0,1,United-States,18-25,0,0,0,0,train,0,False,False,False,False,True,2
0,495888,1,Other-service,1,0,0,1,El-Salvador,18-25,0,0,0,0,train,0,False,False,False,False,True,2
0,205903,1,Other-service,1,0,0,1,United-States,26-35,0,0,0,0,train,1,False,False,False,False,True,2
0,39026,1,Other-service,1,0,0,1,United-States,18-25,0,0,0,0,train,0,False,False,False,False,True,2
0,237498,1,Other-service,1,0,0,1,United-States,18-25,0,0,0,0,train,1,False,False,False,False,True,2
0,315065,1,Other-service,1,0,0,1,Mexico,18-25,0,0,0,0,train,1,False,False,False,False,True,2
0,587310,1,Other-service,1,0,0,1,Guatemala,26-35,0,0,0,0,train,1,False,False,False,False,True,2
0,315877,1,Other-service,1,0,2001,1,United-States,18-25,-2001,0,1,0,train,0,False,False,False,False,True,2
0,57324,1,Other-service,1,0,0,1,United-States,18-25,0,0,0,0,train,1,False,False,False,False,True,2
0,446839,1,Sales,1,0,0,1,United-States,18-25,0,0,0,0,train,0,False,False,False,False,True,2
0,54334,1,Sales,1,0,0,1,United-States,26-35,0,0,0,0,train,0,False,False,False,False,True,2
0,32921,1,Sales,1,0,0,1,United-States,18-25,0,0,0,0,train,0,False,False,False,False,True,2
0,104112,1,Sales,1,0,0,1,Haiti,18-25,0,0,0,0,train,0,False,False,True,False,False,2
0,267147,1,Sales,1,0,0,1,United-States,26-35,0,0,0,0,train,1,False,False,False,False,True,2
0,368700,1,Sales,1,0,0,1,United-States,18-25,0,0,0,0,train,1,False,False,False,False,True,2
0,93235,1,Sales,1,0,0,1,United-States,26-35,0,0,0,0,train,0,False,False,False,False,True,2
0,543028,1,Sales,1,0,0,1,United-States,18-25,0,0,0,0,train,1,False,False,True,False,False,2
0,190525,1,Sales,1,0,0,1,United-States,26-35,0,0,0,1,train,0,False,False,False,False,True,2
0,195105,1,Sales,1,0,0,1,United-States,26-35,0,0,0,0,train,0,False,False,False,True,False,2
0,163494,1,Sales,1,0,0,1,United-States,18-25,0,0,0,0,train,1,False,False,False,False,True,2
0,163189,1,Sales,1,0,0,1,United-States,26-35,0,0,0,0,train,1,False,False,False,False,True,2
0,375077,1,Sales,1,0,0,1,United-States,18-25,0,0,0,0,train,1,False,False,False,False,True,2
0,314177,1,Sales,1,0,0,1,United-States,26-35,0,0,0,0,train,0,False,False,True,False,False,2
0,109307,1,Sales,1,0,0,1,United-States,18-25,0,0,0,0,train,1,False,False,False,False,True,2
0,171398,1,Sales,1,0,0,1,United-States,18-25,0,0,0,0,train,0,False,False,False,True,False,2
0,128604,1,Sales,1,0,0,1,South,18-25,0,0,0,0,train,1,False,True,False,False,False,2
0,304169,1,Sales,1,0,0,1,United-States,18-25,0,0,0,0,train,1,False,False,False,False,True,2
0,291979,1,Sales,1,0,0,1,United-States,18-25,0,0,0,0,train,1,False,False,False,False,True,2
0,280134,1,Sales,1,0,0,1,El-Salvador,18-25,0,0,0,0,train,0,False,False,False,False,True,2
0,124971,1,Sales,1,0,0,1,United-States,18-25,0,0,0,0,train,0,False,False,False,False,True,2
0,460835,1,Sales,1,0,0,1,United-States,18-25,0,0,0,0,train,1,False,False,False,False,True,2
0,314823,1,Sales,1,0,0,1,Dominican-Republic,18-25,0,0,0,0,train,1,False,False,False,False,True,2
0,83891,1,Sales,1,0,0,1,United-States,18-25,0,0,0,0,train,1,False,True,False,False,False,2
0,194630,1,Sales,1,0,0,1,United-States,18-25,0,0,0,0,train,0,False,False,False,False,True,2
1,114580,2,Adm-clerical,0,0,0,1,United-States,36-45,0,0,0,0,train,0,False,False,False,False,True,0
1,70282,2,Adm-clerical,0,0,0,1,United-States,36-45,0,0,0,0,train,0,False,False,True,False,False,0
1,382635,2,Adm-clerical,0,0,0,1,Honduras,36-45,0,0,0,0,train,0,False,False,False,False,True,0
1,51838,2,Adm-clerical,0,0,0,1,United-States,36-45,0,0,0,0,train,0,False,False,False,False,True,0
1,169628,2,Adm-clerical,0,0,0,1,United-States,36-45,0,0,0,0,train,0,False,False,True,False,False,0
1,411797,2,Adm-clerical,0,0,0,1,United-States,36-45,0,0,0,0,train,0,False,False,False,False,True,0
1,184682,2,Adm-clerical,0,0,0,1,United-States,36-45,0,0,0,0,train,0,False,False,False,False,True,0
1,341204,2,Adm-clerical,0,0,0,1,United-States,36-45,0,0,0,0,train,0,False,False,False,False,True,0
1,520586,2,Adm-clerical,0,0,0,1,United-States,36-45,0,0,0,0,train,0,False,False,False,False,True,0
1,256723,2,Adm-clerical,0,0,0,1,United-States,36-45,0,0,0,0,train,0,False,False,True,False,False,0
1,19914,2,Adm-clerical,0,0,0,1,United-States,36-45,0,0,0,0,train,0,True,False,False,False,False,0
1,190767,2,Adm-clerical,0,0,0,1,United-States,36-45,0,0,0,0,train,0,False,False,False,False,True,0
1,165309,2,Adm-clerical,0,0,0,1,United-States,36-45,0,0,0,0,train,0,False,False,False,False,True,0
1,135056,2,Adm-clerical,0,0,0,1,United-States,36-45,0,0,0,0,train,0,False,False,False,False,True,0
1,204640,2,Adm-clerical,0,0,0,1,United-States,36-45,0,0,0,0,train,0,False,False,True,False,False,0
1,309895,2,Adm-clerical,0,0,0,1,United-States,46-55,0,0,0,0,train,0,False,False,False,False,True,0
1,153143,2,Adm-clerical,0,0,0,1,Puerto-Rico,36-45,0,0,0,0,train,1,False,False,False,False,True,0
1,169180,2,Adm-clerical,0,0,0,1,United-States,46-55,0,0,0,0,train,0,False,False,False,False,True,0
1,264627,2,Adm-clerical,0,0,0,1,United-States,36-45,0,0,0,0,train,0,False,False,False,False,True,0
1,171159,2,Adm-clerical,0,0,0,1,United-States,26-35,0,0,0,0,train,0,False,False,False,False,True,0
1,566117,2,Adm-clerical,0,0,0,1,United-States,26-35,0,0,0,0,train,0,False,False,False,False,True,0
1,348854,2,Adm-clerical,0,0,0,1,United-States,36-45,0,0,0,0,train,0,False,False,False,False,True,0
1,141583,2,Adm-clerical,0,0,0,1,United-States,36-45,0,0,0,0,train,0,False,False,True,False,False,0
1,51111,2,Adm-clerical,0,0,0,1,United-States,36-45,0,0,0,0,train,0,False,False,False,False,True,0
1,190122,2,Adm-clerical,0,0,0,1,United-States,36-45,0,0,0,0,train,0,False,False,False,False,True,0
1,54102,2,Adm-clerical,0,0,0,1,United-States,36-45,0,0,0,0,train,0,False,False,False,False,True,0
1,57424,2,Adm-clerical,0,0,0,1,United-States,36-45,0,0,0,0,train,0,False,False,False,False,True,0
1,180296,2,Adm-clerical,0,0,0,1,United-States,26-35,0,0,0,0,train,0,False,False,False,False,True,0
1,77332,2,Adm-clerical,0,0,0,1,United-States,36-45,0,0,0,0,train,0,False,False,False,False,True,0
1,295791,2,Adm-clerical,0,0,0,1,United-States,46-55,0,0,0,0,train,0,False,False,False,False,True,0
1,86399,2,Adm-clerical,0,0,0,1,United-States,36-45,0,0,0,0,train,0,False,False,False,False,True,0
1,52037,2,Adm-clerical,0,0,0,1,United-States,36-45,0,0,0,0,train,0,False,False,False,False,True,0
1,96330,2,Adm-clerical,0,0,0,1,United-States,36-45,0,0,0,0,train,0,False,False,True,False,False,0
1,191856,2,Adm-clerical,0,0,0,1,United-States,26-35,0,0,0,0,train,0,False,False,False,False,True,0
1,130926,2,Adm-clerical,0,3674,0,1,United-States,36-45,3674,1,0,0,train,0,False,False,False,False,True,0
1,174662,2,Prof-specialty,0,0,0,1,United-States,36-45,0,0,0,0,train,0,False,False,False,False,True,0
1,150042,2,Prof-specialty,0,0,0,1,United-States,36-45,0,0,0,0,train,1,False,False,False,False,True,0
1,205607,2,Prof-specialty,0,0,0,1,United-States,36-45,0,0,0,1,train,0,False,False,True,False,False,0
1,204116,2,Prof-specialty,0,2174,0,1,United-States,36-45,2174,1,0,0,train,0,False,False,False,False,True,0
1,164427,2,Prof-specialty,0,0,0,1,United-States,36-45,0,0,0,0,train,0,False,False,False,False,True,0
1,341204,2,Prof-specialty,0,8614,0,1,United-States,36-45,8614,1,0,1,train,0,False,False,False,False,True,0
1,180572,2,Prof-specialty,0,0,0,1,United-States,36-45,0,0,0,1,train,0,False,False,False,False,True,0
1,173728,2,Prof-specialty,0,0,0,1,United-States,36-45,0,0,0,0,train,0,False,False,False,False,True,0
1,182254,2,Prof-specialty,0,0,0,1,United-States,36-45,0,0,0,0,train,0,False,False,False,False,True,0
1,158926,2,Prof-specialty,0,0,0,1,Philippines,36-45,0,0,0,1,train,0,False,True,False,False,False,0
1,339671,2,Prof-specialty,0,8614,0,1,United-States,36-45,8614,1,0,1,train,0,False,False,False,False,True,0
1,179352,2,Prof-specialty,0,0,0,1,United-States,36-45,0,0,0,0,train,0,False,False,False,False,True,0
1,222900,2,Prof-specialty,0,0,0,1,United-States,26-35,0,0,0,1,train,0,False,False,False,False,True,0
1,160815,2,Prof-specialty,0,0,0,1,United-States,36-45,0,0,0,0,train,0,False,False,False,False,True,0
1,269329,2,Prof-specialty,0,8614,0,1,United-States,36-45,8614,1,0,1,train,0,False,False,False,False,True,0
1,142756,2,Prof-specialty,0,0,0,1,United-States,36-45,0,0,0,0,train,0,False,False,False,False,True,0
1,224474,2,Prof-specialty,0,4934,0,1,United-States,36-45,4934,1,0,1,train,0,False,False,False,False,True,0
1,255098,2,Prof-specialty,0,0,0,1,United-States,26-35,0,0,0,0,train,0,False,False,False,False,True,0
1,245529,2,Prof-specialty,0,0,0,1,United-States,36-45,0,0,0,0,train,0,False,False,False,False,True,0
1,263982,2,Prof-specialty,0,0,0,1,United-States,36-45,0,0,0,0,train,0,False,False,False,False,True,0
1,189890,2,Prof-specialty,0,5455,0,1,United-States,36-45,5455,1,0,0,train,0,False,False,False,False,True,0
1,162108,2,Prof-specialty,0,0,0,1,United-States,36-45,0,0,0,0,train,0,False,False,False,False,True,0
1,108945,2,Prof-specialty,0,0,0,1,United-States,36-45,0,0,0,0,train,0,False,False,False,False,True,0
1,640383,2,Prof-specialty,0,0,0,1,United-States,26-35,0,0,0,0,train,0,False,False,False,False,True,0
1,191841,2,Prof-specialty,0,0,0,1,United-States,36-45,0,0,0,0,train,0,False,False,False,False,True,0
1,131776,2,Prof-specialty,0,914,0,1,Germany,26-35,914,1,0,0,train,0,False,False,False,False,True,0
1,106705,2,Prof-specialty,0,1506,0,1,United-States,46-55,1506,1,0,0,train,0,False,False,False,False,True,0
1,191524,2,Prof-specialty,0,0,0,1,United-States,36-45,0,0,0,0,train,1,False,False,False,False,True,0
1,341539,2,Prof-specialty,0,0,0,1,United-States,36-45,0,0,0,0,train,0,False,False,False,False,True,0
1,118600,2,Prof-specialty,0,0,625,1,United-States,36-45,-625,0,1,0,train,0,False,False,False,False,True,0
1,108945,2,Prof-specialty,0,0,0,1,United-States,36-45,0,0,0,0,train,0,False,False,False,False,True,0
1,88904,2,Prof-specialty,0,0,0,1,United-States,36-45,0,0,0,0,train,0,False,False,True,False,False,0
1,154430,2,Prof-specialty,0,10520,0,1,United-States,36-45,10520,1,0,1,train,0,False,False,False,False,True,0
1,48211,2,Adm-clerical,0,0,0,1,United-States,36-45,0,0,0,0,train,0,False,False,False,False,True,2
1,173321,2,Adm-clerical,0,0,0,1,United-States,36-45,0,0,0,0,train,0,False,False,False,False,True,2
1,45857,2,Adm-clerical,0,0,0,1,United-States,36-45,0,0,0,0,train,0,False,False,False,False,True,2
1,343121,2,Adm-clerical,0,0,0,1,United-States,36-45,0,0,0,0,train,0,False,False,False,False,True,2
1,167999,2,Adm-clerical,0,0,0,1,United-States,26-35,0,0,0,0,train,0,False,False,False,False,True,2
1,178506,2,Adm-clerical,0,0,0,1,United-States,26-35,0,0,0,0,train,0,False,False,True,False,False,2
1,99179,2,Adm-clerical,0,0,0,1,United-States,36-45,0,0,0,0,train,0,False,False,False,False,True,2
1,349689,2,Adm-clerical,0,0,0,1,United-States,36-45,0,0,0,0,train,0,False,False,False,False,True,2
1,118909,2,Adm-clerical,0,0,0,1,United-States,36-45,0,0,0,0,train,0,False,False,True,False,False,2
1,128884,2,Adm-clerical,0,0,0,1,United-States,36-45,0,0,0,0,train,0,False,False,False,False,True,2
1,120426,2,Adm-clerical,0,0,0,1,United-States,26-35,0,0,0,0,train,0,False,False,False,False,True,2
1,26987,2,Adm-clerical,0,0,0,1,United-States,26-35,0,0,0,0,train,0,False,False,False,False,True,2
1,262042,2,Adm-clerical,0,0,1138,1,United-States,26-35,-1138,0,1,0,train,1,False,False,False,False,True,2
1,96055,2,Adm-clerical,0,0,0,1,United-States,36-45,0,0,0,0,train,0,False,False,False,False,True,2
1,307638,2,Adm-clerical,0,0,0,1,United-States,36-45,0,0,0,0,train,1,False,False,False,False,True,2
1,334314,2,Adm-clerical,0,0,0,1,United-States,36-45,0,0,0,0,train,0,False,False,False,False,True,2
1,175130,2,Adm-clerical,0,0,0,1,United-States,36-45,0,0,0,0,train,0,False,False,False,False,True,2
1,172718,2,Adm-clerical,0,0,0,1,United-States,36-45,0,0,0,0,train,0,False,False,False,False,True,2
1,19847,2,Adm-clerical,0,0,0,1,United-States,26-35,0,0,0,0,train,0,False,False,False,False,True,2
1,89559,2,Adm-clerical,0,0,0,1,United-States,36-45,0,0,0,0,train,0,False,False,False,False,True,2
1,404599,2,Adm-clerical,0,0,0,1,United-States,36-45,0,0,0,0,train,0,False,False,True,False,False,2
1,278253,2,Adm-clerical,0,0,0,1,United-States,36-45,0,0,0,0,train,0,False,False,False,False,True,2
1,103218,2,Adm-clerical,0,0,0,1,United-States,36-45,0,0,0,0,train,0,False,False,True,False,False,2
1,264936,2,Adm-clerical,0,0,0,1,United-States,26-35,0,0,0,0,train,1,False,False,False,False,True,2
1,274809,2,Adm-clerical,0,0,0,1,United-States,36-45,0,0,0,0,train,0,False,False,False,False,True,2
1,421449,2,Adm-clerical,0,0,0,1,United-States,36-45,0,0,0,0,train,0,False,False,False,False,True,2
1,340718,2,Adm-clerical,0,0,0,1,United-States,46-55,0,0,0,0,train,0,False,False,False,False,True,2
1,121772,0,Craft-repair,1,0,0,1,United-States,36-45,0,0,0,1,train,1,False,True,False,False,False,0
1,101603,0,Craft-repair,1,0,0,1,United-States,36-45,0,0,0,0,train,1,False,False,False,False,True,0
1,523910,0,Craft-repair,1,0,0,1,United-States,36-45,0,0,0,0,train,1,False,False,True,False,False,0
1,170924,0,Craft-repair,1,7298,0,1,United-States,36-45,7298,1,0,1,train,1,False,False,False,False,True,0
1,97688,0,Craft-repair,1,5178,0,1,United-States,36-45,5178,1,0,1,train,1,False,False,False,False,True,0
1,50356,0,Craft-repair,1,0,1485,1,United-States,36-45,-1485,0,1,0,train,1,False,False,False,False,True,0
1,296478,0,Craft-repair,1,7298,0,1,United-States,36-45,7298,1,0,1,train,1,False,False,False,False,True,0
1,111746,0,Craft-repair,1,0,0,1,Portugal,26-35,0,0,0,0,train,1,False,False,False,False,True,0
1,22463,0,Craft-repair,1,0,1977,1,United-States,36-45,-1977,0,1,1,train,1,False,False,False,False,True,0
1,161141,0,Craft-repair,1,0,0,1,Portugal,36-45,0,0,0,1,train,1,False,False,False,False,True,0
1,234901,0,Craft-repair,1,2407,0,1,United-States,26-35,2407,1,0,0,train,1,False,False,False,False,True,0
1,146908,0,Craft-repair,1,0,0,1,United-States,36-45,0,0,0,0,train,1,False,False,False,False,True,0
1,135162,0,Craft-repair,1,0,0,1,United-States,26-35,0,0,0,0,train,1,False,False,False,False,True,0
1,138192,0,Craft-repair,1,0,0,1,United-States,36-45,0,0,0,0,train,1,False,False,False,False,True,0
1,118212,0,Craft-repair,1,3103,0,1,United-States,36-45,3103,1,0,1,train,1,False,False,False,False,True,0
1,51100,0,Craft-repair,1,0,0,1,United-States,36-45,0,0,0,0,train,1,False,False,False,False,True,0
1,193459,0,Craft-repair,1,3411,0,1,United-States,36-45,3411,1,0,0,train,1,False,False,False,False,True,0
1,221196,0,Craft-repair,1,0,0,1,United-States,26-35,0,0,0,0,train,1,False,False,True,False,False,0
1,199765,0,Craft-repair,1,7688,0,1,United-States,26-35,7688,1,0,1,train,1,False,False,False,False,True,0
1,191161,0,Craft-repair,1,0,0,1,United-States,36-45,0,0,0,0,train,1,False,False,False,False,True,0
1,67728,0,Craft-repair,1,0,2051,1,United-States,26-35,-2051,0,1,0,train,1,False,False,False,False,True,0
1,123253,0,Craft-repair,1,0,0,1,United-States,26-35,0,0,0,0,train,1,False,False,False,False,True,0
1,122381,0,Craft-repair,1,0,1887,1,United-States,36-45,-1887,0,1,1,train,1,False,False,False,False,True,0
1,149640,0,Craft-repair,1,0,0,1,United-States,36-45,0,0,0,0,train,1,False,False,False,False,True,0
1,160574,0,Craft-repair,1,0,0,1,United-States,36-45,0,0,0,0,train,1,False,False,False,False,True,0
1,216907,0,Craft-repair,1,0,1848,1,United-States,36-45,-1848,0,1,1,train,1,False,False,False,False,True,0
1,103395,0,Craft-repair,1,0,0,1,United-States,36-45,0,0,0,1,train,1,False,False,False,False,True,0
1,179271,0,Craft-repair,1,0,0,1,United-States,36-45,0,0,0,1,train,1,False,False,False,False,True,0
1,229732,0,Craft-repair,1,0,0,1,United-States,26-35,0,0,0,0,train,1,False,False,False,False,True,0
1,241350,0,Craft-repair,1,0,0,1,United-States,36-45,0,0,0,1,train,1,False,False,False,False,True,0
1,37869,0,Craft-repair,1,0,0,1,United-States,36-45,0,0,0,0,train,1,False,False,False,False,True,0
1,107787,0,Craft-repair,1,0,0,1,Canada,36-45,0,0,0,0,train,1,False,False,False,False,True,0
1,183892,0,Craft-repair,1,7298,0,1,United-States,36-45,7298,1,0,1,train,1,False,False,False,False,True,0
1,111746,0,Craft-repair,1,0,0,1,United-States,26-35,0,0,0,0,train,1,False,False,False,False,True,0
1,31069,0,Craft-repair,1,4386,0,1,United-States,36-45,4386,1,0,1,train,1,False,False,False,False,True,0
1,174597,0,Craft-repair,1,0,0,1,United-States,26-35,0,0,0,0,train,1,False,False,False,False,True,0
1,133169,0,Craft-repair,1,0,0,1,United-States,46-55,0,0,0,0,train,1,False,False,False,False,True,0
1,238162,0,Craft-repair,1,0,0,1,United-States,46-55,0,0,0,1,train,1,False,False,False,False,True,0
1,235786,0,Craft-repair,1,0,0,1,United-States,36-45,0,0,0,1,train,1,False,False,False,False,True,0
1,138626,0,Craft-repair,1,0,0,1,United-States,46-55,0,0,0,0,train,1,False,False,False,False,True,0
1,113434,0,Craft-repair,1,0,0,1,United-States,46-55,0,0,0,0,train,1,False,False,False,False,True,0
1,55294,0,Craft-repair,1,0,0,1,United-States,36-45,0,0,0,0,train,1,False,False,False,False,True,0
1,159537,0,Craft-repair,1,0,0,1,United-States,26-35,0,0,0,0,train,1,False,False,False,False,True,0
1,409189,0,Craft-repair,1,0,0,1,United-States,36-45,0,0,0,0,train,1,False,False,False,False,True,0
1,57452,0,Craft-repair,1,0,0,1,United-States,46-55,0,0,0,1,train,1,False,False,False,False,True,0
1,327573,0,Craft-repair,1,0,0,1,United-States,36-45,0,0,0,0,train,1,False,False,False,False,True,0
1,174330,0,Craft-repair,1,0,0,1,United-States,36-45,0,0,0,0,train,1,False,False,False,False,True,0
1,207940,0,Craft-repair,1,0,0,1,United-States,46-55,0,0,0,1,train,1,False,False,True,False,False,0
1,113555,0,Craft-repair,1,7298,0,1,United-States,36-45,7298,1,0,1,train,1,True,False,False,False,False,0
1,203070,0,Craft-repair,1,0,0,1,United-States,36-45,0,0,0,0,train,1,False,False,False,False,True,0
1,334291,0,Craft-repair,1,0,0,1,United-States,26-35,0,0,0,0,train,1,False,False,False,False,True,0
1,310632,0,Craft-repair,1,0,0,1,United-States,36-45,0,0,0,1,train,1,False,False,True,False,False,0
1,184105,0,Craft-repair,1,0,0,1,United-States,36-45,0,0,0,1,train,1,False,False,False,False,True,0
1,190115,0,Craft-repair,1,0,0,1,United-States,46-55,0,0,0,1,train,1,False,False,False,False,True,0
1,120131,0,Craft-repair,1,0,1887,1,United-States,36-45,-1887,0,1,1,train,1,False,False,False,False,True,0
1,34377,0,Craft-repair,1,0,0,1,United-States,46-55,0,0,0,1,train,1,False,False,False,False,True,0
1,198003,0,Craft-repair,1,7298,0,1,United-States,26-35,7298,1,0,1,train,1,False,False,False,False,True,0
1,155659,0,Craft-repair,1,15024,0,1,United-States,46-55,15024,1,0,1,train,1,False,False,False,False,True,0
1,39369,0,Craft-repair,1,0,0,1,United-States,26-35,0,0,0,0,train,1,False,False,False,False,True,0
1,289653,0,Craft-repair,1,0,0,1,United-States,36-45,0,0,0,0,train,1,False,False,False,False,True,0
1,77764,0,Craft-repair,1,0,0,1,United-States,36-45,0,0,0,0,train,1,False,False,False,False,True,0
1,188808,0,Craft-repair,1,0,0,1,United-States,36-45,0,0,0,1,train,1,False,False,False,False,True,0
1,159449,0,Exec-managerial,1,5178,0,1,United-States,36-45,5178,1,0,1,train,1,False,False,False,False,True,0
1,181344,0,Exec-managerial,1,0,0,1,United-States,36-45,0,0,0,1,train,1,False,False,True,False,False,0
1,180138,0,Exec-managerial,1,0,0,1,Iran,36-45,0,0,0,1,train,1,False,False,False,False,True,0
1,117963,0,Exec-managerial,1,0,0,1,United-States,26-35,0,0,0,1,train,1,False,False,False,False,True,0
1,111363,0,Exec-managerial,1,0,0,1,United-States,26-35,0,0,0,1,train,1,False,False,False,False,True,0
1,98101,0,Exec-managerial,1,7688,0,1,United-States,26-35,7688,1,0,1,train,1,False,False,False,False,True,0
1,364657,0,Exec-managerial,1,0,0,1,United-States,26-35,0,0,0,0,train,1,False,False,False,False,True,0
1,197583,0,Exec-managerial,1,0,0,1,United-States,36-45,0,0,0,1,train,1,False,False,True,False,False,0
1,112131,0,Exec-managerial,1,0,0,1,United-States,36-45,0,0,0,0,train,1,False,False,False,False,True,0
1,221172,0,Exec-managerial,1,0,0,1,United-States,36-45,0,0,0,1,train,1,False,False,False,False,True,0
1,205469,0,Exec-managerial,1,0,0,1,United-States,26-35,0,0,0,1,train,1,False,False,False,False,True,0
1,182556,0,Exec-managerial,1,0,0,1,United-States,26-35,0,0,0,1,train,1,False,False,False,False,True,0
1,217460,0,Exec-managerial,1,0,0,1,United-States,26-35,0,0,0,1,train,1,False,False,False,False,True,0
1,162140,0,Exec-managerial,1,7298,0,1,United-States,36-45,7298,1,0,1,train,1,False,False,False,False,True,0
1,130760,0,Exec-managerial,1,0,0,1,United-States,36-45,0,0,0,1,train,1,False,False,False,False,True,0
1,274363,0,Exec-managerial,1,0,1902,1,England,36-45,-1902,0,1,1,train,1,False,False,False,False,True,0
1,86551,0,Exec-managerial,1,0,0,1,United-States,36-45,0,0,0,1,train,1,False,False,False,False,True,0
1,48087,0,Exec-managerial,1,0,0,1,United-States,36-45,0,0,0,1,train,1,False,False,False,False,True,0
1,202027,0,Exec-managerial,1,15024,0,1,United-States,36-45,15024,1,0,1,train,1,False,False,False,False,True,0
1,123424,0,Exec-managerial,1,0,0,1,United-States,26-35,0,0,0,1,train,1,False,False,False,False,True,0
1,176286,0,Exec-managerial,1,0,0,1,United-States,36-45,0,0,0,1,train,1,False,False,False,False,True,0
1,329980,0,Exec-managerial,1,15024,0,1,United-States,36-45,15024,1,0,1,train,1,False,False,False,False,True,0
1,118619,0,Exec-managerial,1,0,0,1,United-States,36-45,0,0,0,0,train,1,False,False,True,False,False,0
1,50178,0,Exec-managerial,1,0,0,1,United-States,26-35,0,0,0,0,train,1,False,False,False,False,True,0
1,283037,0,Exec-managerial,1,0,0,1,United-States,36-45,0,0,0,0,train,1,False,False,False,False,True,0
1,34180,0,Exec-managerial,1,0,0,1,United-States,36-45,0,0,0,0,train,1,False,False,False,False,True,0
1,229466,0,Exec-managerial,1,0,0,1,United-States,36-45,0,0,0,1,train,1,False,False,False,False,True,0
1,122116,0,Exec-managerial,1,0,0,1,United-States,26-35,0,0,0,0,train,1,False,False,False,False,True,0
1,147206,0,Exec-managerial,1,0,0,1,United-States,36-45,0,0,0,0,train,1,False,False,False,False,True,0
1,110355,0,Exec-managerial,1,0,0,1,United-States,36-45,0,0,0,1,train,1,False,False,False,False,True,0
1,218995,0,Exec-managerial,1,0,0,1,United-States,36-45,0,0,0,1,train,1,False,False,False,False,True,0
1,238415,0,Exec-managerial,1,0,0,1,United-States,36-45,0,0,0,1,train,1,False,False,False,False,True,0
1,183898,0,Exec-managerial,1,7298,0,1,United-States,26-35,7298,1,0,1,train,1,False,False,False,False,True,0
1,483201,0,Exec-managerial,1,0,0,1,United-States,36-45,0,0,0,0,train,1,False,False,False,False,True,0
1,190511,0,Exec-managerial,1,0,0,1,United-States,26-35,0,0,0,1,train,1,False,False,False,False,True,0
1,35309,0,Exec-managerial,1,0,0,1,United-States,36-45,0,0,0,0,train,1,False,False,False,False,True,0
1,83893,0,Exec-managerial,1,0,0,1,United-States,36-45,0,0,0,1,train,1,False,False,False,False,True,0
1,157747,0,Exec-managerial,1,0,0,1,United-States,26-35,0,0,0,1,train,1,False,False,False,False,True,0
1,105444,0,Exec-managerial,1,0,0,1,United-States,46-55,0,0,0,1,train,1,False,False,False,False,True,0
1,242391,0,Exec-managerial,1,0,0,1,United-States,36-45,0,0,0,1,train,1,False,False,False,False,True,0
1,110562,0,Exec-managerial,1,0,0,1,United-States,36-45,0,0,0,0,train,1,False,False,False,False,True,0
1,77146,0,Exec-managerial,1,0,1887,1,United-States,36-45,-1887,0,1,1,train,1,False,False,False,False,True,0
1,82521,0,Exec-managerial,1,15024,0,1,United-States,36-45,15024,1,0,1,train,1,False,False,False,False,True,0
1,293791,0,Exec-managerial,1,0,0,1,United-States,36-45,0,0,0,1,train,1,False,False,False,False,True,0
1,168071,0,Exec-managerial,1,7298,0,1,United-States,36-45,7298,1,0,1,train,1,False,False,False,False,True,0
1,326104,0,Exec-managerial,1,0,0,1,United-States,26-35,0,0,0,1,train,1,False,False,False,False,True,0
1,102308,0,Exec-managerial,1,0,0,1,United-States,36-45,0,0,0,0,train,1,False,False,False,False,True,0
1,304906,0,Exec-managerial,1,0,0,1,United-States,36-45,0,0,0,1,train,1,False,False,False,False,True,0
1,236391,0,Exec-managerial,1,7688,0,1,United-States,36-45,7688,1,0,1,train,1,False,False,False,False,True,0
1,454508,0,Exec-managerial,1,0,0,1,United-States,26-35,0,0,0,0,train,1,False,False,False,False,True,0
1,401832,0,Exec-managerial,1,0,0,1,United-States,36-45,0,0,0,0,train,1,False,False,False,False,True,0
1,144064,0,Exec-managerial,1,0,0,1,United-States,26-35,0,0,0,0,train,1,False,False,False,False,True,0
1,183279,0,Exec-managerial,1,0,0,1,United-States,36-45,0,0,0,1,train,1,False,False,False,False,True,0
1,175485,0,Exec-managerial,1,0,0,1,United-States,36-45,0,0,0,0,train,1,False,False,False,False,True,0
1,245307,0,Exec-managerial,1,0,1977,1,United-States,36-45,-1977,0,1,1,train,1,False,False,False,False,True,0
1,198316,0,Exec-managerial,1,15024,0,1,United-States,36-45,15024,1,0,1,train,1,False,False,False,False,True,0
1,174373,0,Exec-managerial,1,0,0,1,United-States,36-45,0,0,0,1,train,1,False,False,False,False,True,0
1,242586,0,Exec-managerial,1,0,0,1,United-States,36-45,0,0,0,0,train,1,False,False,False,False,True,0
1,160472,0,Exec-managerial,1,0,1977,1,United-States,36-45,-1977,0,1,1,train,1,False,False,False,False,True,0
1,211759,0,Exec-managerial,1,0,0,1,Puerto-Rico,36-45,0,0,0,0,train,1,False,False,False,True,False,0
1,278924,0,Exec-managerial,1,0,1887,1,United-States,36-45,-1887,0,1,1,train,1,False,False,False,False,True,0
1,283037,0,Exec-managerial,1,0,0,1,United-States,46-55,0,0,0,1,train,1,False,False,False,False,True,0
1,284616,0,Exec-managerial,1,0,0,1,United-States,36-45,0,0,0,0,train,1,False,False,False,False,True,0
1,84306,0,Exec-managerial,1,5013,0,1,United-States,36-45,5013,1,0,0,train,1,False,False,False,False,True,0
1,40142,0,Exec-managerial,1,0,0,1,United-States,26-35,0,0,0,1,train,1,False,False,False,False,True,0
1,173730,0,Exec-managerial,1,0,0,1,United-States,26-35,0,0,0,1,train,1,False,False,False,False,True,0
1,192779,0,Exec-managerial,1,7688,0,1,United-States,46-55,7688,1,0,1,train,1,False,False,False,False,True,0
1,116391,0,Exec-managerial,1,0,0,1,United-States,36-45,0,0,0,1,train,1,False,False,False,False,True,0
1,114691,0,Exec-managerial,1,0,0,1,United-States,26-35,0,0,0,1,train,1,False,False,False,False,True,0
1,213008,0,Exec-managerial,1,0,0,1,United-States,36-45,0,0,0,1,train,1,False,False,False,False,True,0
1,187127,0,Exec-managerial,1,0,0,1,United-States,36-45,0,0,0,0,train,1,False,False,False,False,True,0
1,336513,0,Exec-managerial,1,0,1902,1,United-States,36-45,-1902,0,1,1,train,1,False,False,False,False,True,0
1,270985,0,Exec-managerial,1,0,0,1,United-States,36-45,0,0,0,0,train,1,False,False,True,False,False,0
1,158555,0,Exec-managerial,1,0,0,1,United-States,36-45,0,0,0,1,train,1,False,False,False,False,True,0
1,286750,0,Exec-managerial,1,0,0,1,United-States,36-45,0,0,0,1,train,1,False,False,True,False,False,0
1,171216,0,Exec-managerial,1,0,0,1,United-States,26-35,0,0,0,1,train,1,False,False,False,False,True,0
1,239093,0,Exec-managerial,1,3137,0,1,United-States,36-45,3137,1,0,0,train,1,True,False,False,False,False,0
1,29702,0,Exec-managerial,1,0,0,1,United-States,36-45,0,0,0,1,train,1,False,False,False,False,True,0
1,245378,0,Exec-managerial,1,0,0,1,United-States,26-35,0,0,0,0,train,1,False,False,False,False,True,0
1,152909,0,Exec-managerial,1,0,1887,1,United-States,26-35,-1887,0,1,1,train,1,False,False,False,False,True,0
1,347491,0,Exec-managerial,1,0,0,1,United-States,36-45,0,0,0,1,train,1,False,False,False,False,True,0
1,221947,0,Exec-managerial,1,0,1887,1,United-States,36-45,-1887,0,1,1,train,1,False,False,False,False,True,0
1,76196,0,Exec-managerial,1,0,0,1,United-States,36-45,0,0,0,0,train,1,False,False,False,False,True,0
1,449354,0,Exec-managerial,1,0,0,1,United-States,36-45,0,0,0,0,train,1,False,False,False,False,True,0
1,205100,0,Exec-managerial,1,0,0,1,United-States,46-55,0,0,0,1,train,1,False,False,False,False,True,0
1,102096,0,Exec-managerial,1,0,0,1,United-States,36-45,0,0,0,1,train,1,False,False,False,False,True,0
1,173175,0,Exec-managerial,1,15024,0,1,United-States,36-45,15024,1,0,1,train,1,False,False,False,False,True,0
1,120301,0,Exec-managerial,1,0,0,1,United-States,26-35,0,0,0,0,train,1,False,False,False,False,True,0
1,164190,0,Exec-managerial,1,0,0,1,United-States,26-35,0,0,0,0,train,1,False,False,False,False,True,0
1,363591,0,Exec-managerial,1,0,0,1,United-States,36-45,0,0,0,0,train,1,False,False,False,False,True,0
1,142719,0,Exec-managerial,1,0,0,1,United-States,36-45,0,0,0,1,train,1,False,False,False,False,True,0
1,91209,0,Exec-managerial,1,0,0,1,United-States,36-45,0,0,0,1,train,1,False,False,False,False,True,0
1,160785,0,Exec-managerial,1,0,0,1,United-States,36-45,0,0,0,1,train,1,False,False,False,False,True,0
1,204205,0,Exec-managerial,1,0,0,1,United-States,36-45,0,0,0,1,train,1,False,False,False,False,True,0
1,135342,0,Exec-managerial,1,0,0,1,United-States,36-45,0,0,0,1,train,1,False,False,False,False,True,0
1,198282,0,Exec-managerial,1,15024,0,2,United-States,36-45,15024,1,0,1,train,1,False,False,False,False,True,0
1,118853,0,Exec-managerial,1,0,0,2,United-States,36-45,0,0,0,0,train,1,False,False,False,False,True,0
1,175697,0,Exec-managerial,1,15024,0,2,United-States,26-35,15024,1,0,1,train,1,False,False,False,False,True,0
1,49572,0,Exec-managerial,1,0,0,2,United-States,36-45,0,0,0,0,train,1,False,False,False,False,True,0
1,194636,0,Exec-managerial,1,0,0,2,United-States,36-45,0,0,0,1,train,1,False,False,False,False,True,0
1,167005,0,Exec-managerial,1,7688,0,2,United-States,36-45,7688,1,0,1,train,1,False,False,False,False,True,0
1,150533,0,Exec-managerial,1,7298,0,2,United-States,36-45,7298,1,0,1,train,1,False,False,False,False,True,0
1,153078,0,Exec-managerial,1,0,0,2,United-States,36-45,0,0,0,1,train,1,False,True,False,False,False,0
1,105021,0,Exec-managerial,1,0,0,2,United-States,36-45,0,0,0,1,train,1,False,False,False,False,True,0
1,119272,0,Exec-managerial,1,0,0,2,United-States,26-35,0,0,0,1,train,1,False,False,False,False,True,0
1,176270,0,Exec-managerial,1,99999,0,2,United-States,36-45,99999,1,0,1,train,1,False,False,False,False,True,0
1,158420,0,Exec-managerial,1,0,0,2,United-States,26-35,0,0,0,0,train,1,False,False,False,False,True,0
1,153132,0,Exec-managerial,1,7688,0,2,United-States,36-45,7688,1,0,1,train,1,False,False,False,False,True,0
1,158438,0,Exec-managerial,1,0,0,2,United-States,26-35,0,0,0,1,train,1,False,False,False,False,True,0
1,192835,0,Exec-managerial,1,0,1977,2,United-States,36-45,-1977,0,1,1,train,1,False,False,False,False,True,0
1,185061,0,Exec-managerial,1,0,0,2,United-States,36-45,0,0,0,0,train,1,False,True,False,False,False,0
1,246449,0,Exec-managerial,1,0,0,2,United-States,36-45,0,0,0,1,train,1,False,False,False,False,True,0
1,27821,0,Exec-managerial,1,0,0,2,United-States,36-45,0,0,0,0,train,1,False,False,False,False,True,0
1,122742,0,Exec-managerial,1,15024,0,2,United-States,36-45,15024,1,0,1,train,1,False,False,False,False,True,0
1,376455,0,Exec-managerial,1,15024,0,2,United-States,26-35,15024,1,0,1,train,1,False,False,False,False,True,0
1,236910,0,Exec-managerial,1,0,0,2,United-States,26-35,0,0,0,0,train,1,False,False,False,False,True,0
1,30497,0,Exec-managerial,1,15024,0,2,United-States,26-35,15024,1,0,1,train,1,False,False,False,False,True,0
1,112561,0,Exec-managerial,1,0,0,2,United-States,36-45,0,0,0,1,train,1,False,False,False,False,True,0
1,117963,0,Exec-managerial,1,0,1887,2,United-States,26-35,-1887,0,1,1,train,1,False,False,False,False,True,0
1,84610,0,Exec-managerial,1,0,1902,2,United-States,36-45,-1902,0,1,1,train,1,False,False,False,False,True,0
1,340110,0,Exec-managerial,1,0,1848,2,United-States,26-35,-1848,0,1,1,train,1,False,False,False,False,True,0
1,253438,0,Exec-managerial,1,0,0,2,United-States,26-35,0,0,0,1,train,1,False,False,False,False,True,0
1,214816,0,Exec-managerial,1,0,0,2,United-States,36-45,0,0,0,0,train,1,False,False,False,False,True,0
1,347890,0,Prof-specialty,1,0,0,1,United-States,36-45,0,0,0,1,train,1,False,False,False,False,True,0
1,200352,0,Prof-specialty,1,0,0,1,United-States,36-45,0,0,0,0,train,1,False,False,False,False,True,0
1,116632,0,Prof-specialty,1,0,0,1,United-States,36-45,0,0,0,1,train,1,False,False,False,False,True,0
1,115745,0,Prof-specialty,1,0,0,1,United-States,26-35,0,0,0,0,train,1,False,False,False,False,True,0
1,132601,0,Prof-specialty,1,0,0,1,United-States,26-35,0,0,0,0,train,1,False,False,False,False,True,0
1,337587,0,Prof-specialty,1,0,0,1,United-States,26-35,0,0,0,1,train,1,False,False,False,False,True,0
1,108116,0,Prof-specialty,1,0,0,1,United-States,26-35,0,0,0,1,train,1,False,False,False,False,True,0
1,262425,0,Prof-specialty,1,0,0,1,United-States,36-45,0,0,0,0,train,1,False,False,False,False,True,0
1,260960,0,Prof-specialty,1,0,0,1,United-States,36-45,0,0,0,0,train,1,False,False,False,False,True,0
1,193047,0,Prof-specialty,1,0,0,1,United-States,46-55,0,0,0,0,train,1,False,False,False,False,True,0
1,169879,0,Prof-specialty,1,3103,0,1,United-States,26-35,3103,1,0,1,train,1,False,False,False,False,True,0
1,183800,0,Prof-specialty,1,7688,0,1,United-States,36-45,7688,1,0,1,train,1,False,False,False,False,True,0
1,118494,0,Prof-specialty,1,0,0,1,United-States,36-45,0,0,0,1,train,1,False,False,False,False,True,0
1,156667,0,Prof-specialty,1,0,1902,1,United-States,36-45,-1902,0,1,1,train,1,False,False,False,False,True,0
1,133060,0,Prof-specialty,1,0,0,1,United-States,36-45,0,0,0,1,train,1,False,False,False,False,True,0
1,416745,0,Prof-specialty,1,0,0,1,United-States,36-45,0,0,0,0,train,1,False,False,False,False,True,0
1,265266,0,Prof-specialty,1,0,1902,1,United-States,46-55,-1902,0,1,1,train,1,False,False,False,False,True,0
1,369468,0,Prof-specialty,1,0,0,1,United-States,36-45,0,0,0,1,train,1,False,False,False,False,True,0
1,189623,0,Prof-specialty,1,0,1887,1,United-States,36-45,-1887,0,1,1,train,1,False,False,False,False,True,0
1,144928,0,Prof-specialty,1,0,0,1,United-States,36-45,0,0,0,1,train,1,False,False,False,False,True,0
1,24342,0,Prof-specialty,1,0,0,1,United-States,36-45,0,0,0,1,train,1,False,False,False,False,True,0
1,228535,0,Prof-specialty,1,7298,0,1,United-States,36-45,7298,1,0,1,train,1,False,False,False,False,True,0
1,293535,0,Prof-specialty,1,0,0,1,United-States,36-45,0,0,0,1,train,1,False,False,True,False,False,0
1,217054,0,Prof-specialty,1,0,0,1,United-States,36-45,0,0,0,1,train,1,False,False,False,False,True,0
1,285066,0,Prof-specialty,1,0,0,1,United-States,36-45,0,0,0,1,train,1,False,False,False,False,True,0
1,120277,0,Prof-specialty,1,15024,0,1,Italy,36-45,15024,1,0,1,train,1,False,False,False,False,True,0
1,298332,0,Prof-specialty,1,0,0,1,United-States,26-35,0,0,0,1,train,1,False,False,False,False,True,0
1,244147,0,Prof-specialty,1,0,0,1,United-States,26-35,0,0,0,1,train,1,False,False,False,False,True,0
1,216214,0,Prof-specialty,1,0,0,1,United-States,46-55,0,0,0,1,train,1,False,False,False,False,True,0
1,203408,0,Prof-specialty,1,7688,0,1,United-States,26-35,7688,1,0,1,train,1,False,False,False,False,True,0
1,153205,0,Prof-specialty,1,0,0,1,United-States,36-45,0,0,0,0,train,1,False,True,False,False,False,0
1,213226,0,Prof-specialty,1,0,0,1,Iran,26-35,0,0,0,1,train,1,False,False,False,False,True,0
1,209609,0,Prof-specialty,1,0,0,1,United-States,36-45,0,0,0,0,train,1,False,False,False,False,True,0
1,548510,0,Prof-specialty,1,0,0,1,United-States,36-45,0,0,0,0,train,1,False,False,True,False,False,0
1,121264,0,Prof-specialty,1,0,0,1,United-States,36-45,0,0,0,1,train,1,False,False,False,False,True,0
1,131239,0,Prof-specialty,1,3103,0,1,United-States,36-45,3103,1,0,1,train,1,False,False,False,False,True,0
1,194636,0,Prof-specialty,1,0,0,1,United-States,36-45,0,0,0,1,train,1,False,False,False,False,True,0
1,180985,0,Prof-specialty,1,0,0,1,United-States,36-45,0,0,0,1,train,1,False,False,False,False,True,0
1,223212,0,Prof-specialty,1,0,1848,1,Peru,26-35,-1848,0,1,1,train,1,False,False,False,False,True,0
1,353396,0,Prof-specialty,1,0,0,1,United-States,36-45,0,0,0,0,train,1,False,False,False,False,True,0
1,193494,0,Prof-specialty,1,0,0,1,United-States,36-45,0,0,0,0,train,1,False,False,False,False,True,0
1,275438,0,Prof-specialty,1,5178,0,1,United-States,26-35,5178,1,0,1,train,1,False,False,False,False,True,0
1,63509,0,Prof-specialty,1,0,0,1,United-States,36-45,0,0,0,1,train,1,False,False,False,False,True,0
1,312667,0,Prof-specialty,1,15024,0,1,United-States,26-35,15024,1,0,1,train,1,False,False,False,False,True,0
1,162187,0,Prof-specialty,1,0,0,1,United-States,46-55,0,0,0,1,train,1,False,False,False,False,True,0
1,242082,0,Prof-specialty,1,0,0,1,United-States,36-45,0,0,0,1,train,1,False,False,False,False,True,0
1,91711,0,Prof-specialty,1,0,0,1,United-States,36-45,0,0,0,1,train,1,False,False,False,False,True,0
1,179668,0,Prof-specialty,1,0,0,1,United-States,36-45,0,0,0,1,train,1,False,False,False,False,True,0
1,127651,0,Prof-specialty,1,0,0,1,United-States,26-35,0,0,0,1,train,1,False,False,False,False,True,0
1,398931,0,Prof-specialty,1,0,1485,1,United-States,36-45,-1485,0,1,1,train,1,False,False,False,False,True,0
1,225605,0,Prof-specialty,1,0,0,1,United-States,36-45,0,0,0,0,train,1,False,False,False,False,True,0
1,202683,0,Sales,1,0,0,1,United-States,36-45,0,0,0,1,train,1,False,False,False,False,True,0
1,254202,0,Sales,1,0,0,1,United-States,36-45,0,0,0,0,train,1,False,False,False,False,True,0
1,182609,0,Sales,1,0,0,1,Poland,36-45,0,0,0,0,train,1,False,False,False,False,True,0
1,188563,0,Sales,1,5178,0,1,United-States,36-45,5178,1,0,1,train,1,False,False,False,False,True,0
1,226902,0,Sales,1,0,0,1,United-States,36-45,0,0,0,1,train,1,False,False,False,False,True,0
1,95336,0,Sales,1,0,0,1,United-States,36-45,0,0,0,1,train,1,False,False,False,False,True,0
1,87643,0,Sales,1,0,0,1,United-States,26-35,0,0,0,0,train,1,False,False,False,False,True,0
1,79619,0,Sales,1,0,0,1,United-States,36-45,0,0,0,1,train,1,False,False,False,False,True,0
1,129007,0,Sales,1,0,1977,1,United-States,46-55,-1977,0,1,1,train,1,False,False,False,False,True,0
1,256866,0,Sales,1,5013,0,1,United-States,36-45,5013,1,0,0,train,1,False,False,False,False,True,0
1,402812,0,Sales,1,0,0,1,United-States,26-35,0,0,0,0,train,1,False,False,False,False,True,0
1,43711,0,Sales,1,7688,0,1,United-States,36-45,7688,1,0,1,train,1,False,False,False,False,True,0
1,151504,0,Sales,1,0,0,1,United-States,36-45,0,0,0,0,train,1,False,False,False,False,True,0
1,156728,0,Sales,1,0,0,1,United-States,36-45,0,0,0,1,train,1,False,False,False,False,True,0
1,30381,0,Sales,1,0,0,1,United-States,26-35,0,0,0,1,train,1,False,False,False,False,True,0
1,193882,0,Sales,1,7688,0,1,United-States,36-45,7688,1,0,1,train,1,False,False,False,False,True,0
1,31033,0,Sales,1,7298,0,1,United-States,36-45,7298,1,0,1,train,1,False,False,False,False,True,0
1,33521,0,Sales,1,0,0,1,United-States,36-45,0,0,0,1,train,1,False,False,False,False,True,0
1,201763,0,Sales,1,0,0,1,United-States,26-35,0,0,0,1,train,1,False,False,False,False,True,0
1,157287,0,Sales,1,0,0,1,United-States,26-35,0,0,0,0,train,1,False,False,False,False,True,0
1,127215,0,Sales,1,0,0,1,United-States,26-35,0,0,0,1,train,1,False,False,False,False,True,0
1,178322,0,Sales,1,0,0,1,Germany,26-35,0,0,0,1,train,1,False,False,False,False,True,0
1,159549,0,Sales,1,0,0,1,United-States,36-45,0,0,0,1,train,1,False,False,False,False,True,0
1,209040,0,Sales,1,0,0,1,United-States,36-45,0,0,0,0,train,1,False,False,False,False,True,0
1,118853,0,Sales,1,0,0,1,United-States,36-45,0,0,0,0,train,1,False,False,False,False,True,0
1,246891,0,Sales,1,0,1902,1,United-States,36-45,-1902,0,1,1,train,1,False,False,False,False,True,0
1,312055,0,Sales,1,0,0,1,United-States,26-35,0,0,0,1,train,1,False,False,False,False,True,0
1,195897,0,Sales,1,0,0,1,United-States,36-45,0,0,0,0,train,1,False,False,False,False,True,0
1,128170,0,Sales,1,7688,0,1,United-States,36-45,7688,1,0,1,train,1,False,False,False,False,True,0
1,200574,0,Sales,1,0,0,1,United-States,36-45,0,0,0,0,train,1,False,False,False,False,True,0
1,296282,0,Sales,1,0,0,1,United-States,26-35,0,0,0,0,train,1,False,False,False,False,True,0
1,261382,0,Sales,1,0,0,1,United-States,26-35,0,0,0,0,train,1,False,False,False,False,True,0
1,224531,0,Sales,1,0,0,1,United-States,36-45,0,0,0,1,train,1,False,False,False,False,True,0
1,129597,0,Sales,1,3464,0,1,United-States,36-45,3464,1,0,0,train,1,False,False,False,False,True,0
1,278322,0,Sales,1,0,0,1,United-States,46-55,0,0,0,0,train,1,False,False,False,False,True,0
1,89508,0,Sales,1,0,0,1,United-States,36-45,0,0,0,0,train,1,False,False,False,False,True,0
1,465326,0,Sales,1,0,0,1,United-States,26-35,0,0,0,0,train,1,False,False,False,False,True,0
1,189680,0,Sales,1,0,0,1,United-States,46-55,0,0,0,1,train,1,False,False,False,False,True,0
1,218490,0,Sales,1,0,1848,1,United-States,36-45,-1848,0,1,1,train,1,False,False,False,False,True,0
1,236852,0,Sales,1,0,0,1,United-States,46-55,0,0,0,1,train,1,False,False,False,False,True,0
1,33300,0,Sales,1,0,1977,1,United-States,36-45,-1977,0,1,1,train,1,False,False,False,False,True,0
1,293305,0,Sales,1,0,1887,1,United-States,36-45,-1887,0,1,1,train,1,False,False,False,False,True,0
1,145697,0,Sales,1,0,0,1,United-States,36-45,0,0,0,0,train,1,False,False,False,False,True,0
1,183765,0,Sales,1,0,0,1,United-States,36-45,0,0,0,0,train,1,False,False,False,False,True,0
1,137142,0,Sales,1,0,0,1,United-States,36-45,0,0,0,0,train,1,False,False,False,False,True,0
1,180603,0,Sales,1,0,0,1,United-States,26-35,0,0,0,1,train,1,False,False,False,False,True,0
1,123557,0,Sales,1,0,0,1,United-States,36-45,0,0,0,0,train,1,False,False,False,False,True,0
1,120121,0,Sales,1,0,0,1,United-States,46-55,0,0,0,1,train,1,False,False,False,False,True,0
1,193026,0,Sales,1,0,0,1,United-States,26-35,0,0,0,1,train,1,False,False,False,False,True,0
1,201732,0,Sales,1,0,0,1,United-States,36-45,0,0,0,1,train,1,False,False,False,False,True,0
1,117849,0,Sales,1,15024,0,1,United-States,46-55,15024,1,0,1,train,1,False,False,False,False,True,0
1,116632,0,Prof-specialty,1,0,0,1,United-States,36-45,0,0,0,1,train,1,False,False,False,False,True,1
1,202051,0,Prof-specialty,1,0,0,1,United-States,26-35,0,0,0,0,train,1,False,False,False,False,True,1
1,65324,0,Prof-specialty,1,0,0,1,United-States,36-45,0,0,0,1,train,1,False,False,False,False,True,1
1,125933,0,Prof-specialty,1,0,0,1,Iran,36-45,0,0,0,1,train,1,False,False,False,False,True,1
1,138992,0,Prof-specialty,1,7298,0,1,United-States,26-35,7298,1,0,1,train,1,False,False,False,False,True,1
1,208405,0,Prof-specialty,1,0,0,1,United-States,26-35,0,0,0,1,train,1,False,False,False,False,True,1
1,202692,0,Prof-specialty,1,0,0,1,United-States,36-45,0,0,0,0,train,1,False,False,False,False,True,1
1,214242,0,Prof-specialty,1,0,1902,1,United-States,36-45,-1902,0,1,1,train,1,False,False,False,False,True,1
1,102388,0,Prof-specialty,1,15024,0,1,United-States,46-55,15024,1,0,1,train,1,False,False,False,False,True,1
1,292472,0,Prof-specialty,1,0,0,1,Taiwan,26-35,0,0,0,1,train,1,False,True,False,False,False,1
1,73585,0,Prof-specialty,1,0,0,1,United-States,26-35,0,0,0,0,train,1,False,False,False,False,True,1
1,170108,0,Prof-specialty,1,0,0,1,United-States,36-45,0,0,0,0,train,1,False,False,False,False,True,1
1,132222,0,Prof-specialty,1,0,2415,1,United-States,36-45,-2415,0,1,1,train,1,False,False,False,False,True,1
1,188693,0,Prof-specialty,1,0,0,1,United-States,36-45,0,0,0,1,train,1,False,False,False,False,True,1
1,354573,0,Prof-specialty,1,15024,0,1,United-States,26-35,15024,1,0,1,train,1,False,False,False,False,True,1
1,200818,0,Prof-specialty,1,0,0,1,United-States,36-45,0,0,0,1,train,1,False,False,False,False,True,1
1,279661,0,Prof-specialty,1,0,0,1,United-States,46-55,0,0,0,0,train,1,False,False,True,False,False,1
1,180686,0,Prof-specialty,1,0,0,1,United-States,36-45,0,0,0,0,train,1,False,False,False,False,True,1
1,119098,0,Prof-specialty,1,7298,0,1,United-States,26-35,7298,1,0,1,train,1,False,False,False,False,True,1
1,46406,0,Prof-specialty,1,0,0,1,England,36-45,0,0,0,1,train,1,False,False,False,False,True,1
1,145160,0,Prof-specialty,1,0,0,1,United-States,36-45,0,0,0,1,train,1,False,False,False,False,True,1
1,233955,0,Prof-specialty,1,0,0,1,China,36-45,0,0,0,1,train,1,False,True,False,False,False,1
1,112847,0,Prof-specialty,1,0,0,1,United-States,36-45,0,0,0,1,train,1,False,True,False,False,False,1
1,253354,0,Prof-specialty,1,0,0,1,United-States,26-35,0,0,0,0,train,1,False,False,False,False,True,1
1,146659,0,Prof-specialty,1,0,1887,1,United-States,36-45,-1887,0,1,1,train,1,False,False,False,False,True,1
1,338320,0,Prof-specialty,1,0,1977,1,United-States,36-45,-1977,0,1,1,train,1,False,False,False,False,True,1
1,153976,0,Prof-specialty,1,0,0,1,United-States,36-45,0,0,0,1,train,1,False,False,False,False,True,1
1,185145,0,Prof-specialty,1,0,0,1,United-States,36-45,0,0,0,1,train,1,False,False,False,False,True,1
1,40024,0,Prof-specialty,1,0,0,1,United-States,36-45,0,0,0,1,train,1,False,False,False,False,True,1
1,176814,0,Prof-specialty,1,99999,0,1,United-States,46-55,99999,1,0,1,train,1,False,False,False,False,True,1
1,242720,0,Prof-specialty,1,0,0,1,United-States,36-45,0,0,0,1,train,1,False,False,False,False,True,1
1,113823,0,Prof-specialty,1,0,0,1,England,36-45,0,0,0,0,train,1,False,False,False,False,True,1
1,120760,0,Prof-specialty,1,0,0,1,China,36-45,0,0,0,0,train,1,False,True,False,False,False,1
1,174325,0,Prof-specialty,1,7688,0,1,United-States,36-45,7688,1,0,1,train,1,False,False,True,False,False,1
1,102025,0,Prof-specialty,1,0,0,1,United-States,36-45,0,0,0,0,train,1,False,False,False,True,False,1
1,111567,0,Prof-specialty,1,0,0,1,United-States,26-35,0,0,0,1,train,1,False,False,False,False,True,1
1,244522,0,Prof-specialty,1,0,1902,1,United-States,36-45,-1902,0,1,1,train,1,False,False,False,False,True,1
1,356838,0,Prof-specialty,1,0,0,1,Canada,36-45,0,0,0,0,train,1,False,False,False,False,True,1
1,186824,0,Prof-specialty,1,15024,0,1,United-States,26-35,15024,1,0,1,train,1,False,False,False,False,True,1
1,43959,0,Prof-specialty,1,7688,0,1,United-States,26-35,7688,1,0,1,train,1,False,False,False,False,True,1
1,304175,0,Prof-specialty,1,0,0,1,United-States,36-45,0,0,0,1,train,1,False,False,False,False,True,1
1,344060,0,Prof-specialty,1,0,0,1,United-States,36-45,0,0,0,1,train,1,False,False,False,False,True,1
1,168387,0,Prof-specialty,1,0,0,1,United-States,26-35,0,0,0,0,train,1,False,False,False,False,True,1
1,107762,0,Prof-specialty,1,0,0,1,United-States,36-45,0,0,0,1,train,1,False,False,False,False,True,1
1,117381,0,Prof-specialty,1,0,0,1,United-States,36-45,0,0,0,0,train,1,False,False,False,False,True,1
1,174216,0,Prof-specialty,1,0,0,1,United-States,36-45,0,0,0,1,train,1,False,False,False,False,True,1
1,362062,0,Prof-specialty,1,99999,0,1,United-States,36-45,99999,1,0,1,train,1,False,False,False,False,True,1
1,117963,0,Prof-specialty,1,0,0,1,United-States,26-35,0,0,0,1,train,1,False,False,False,False,True,1
1,155537,0,Craft-repair,1,0,0,1,United-States,36-45,0,0,0,0,train,1,False,False,False,False,True,2
1,317660,0,Craft-repair,1,7688,0,1,United-States,26-35,7688,1,0,1,train,1,False,False,False,False,True,2
1,120985,0,Craft-repair,1,4386,0,1,United-States,36-45,4386,1,0,0,train,1,False,False,False,False,True,2
1,208358,0,Craft-repair,1,0,0,1,United-States,36-45,0,0,0,1,train,1,False,False,False,False,True,2
1,190387,0,Craft-repair,1,0,0,1,United-States,36-45,0,0,0,0,train,1,False,False,False,False,True,2
1,106742,0,Craft-repair,1,0,0,1,United-States,26-35,0,0,0,0,train,1,False,False,False,False,True,2
1,219288,0,Craft-repair,1,0,0,1,United-States,36-45,0,0,0,0,train,1,False,False,False,False,True,2
1,247019,0,Craft-repair,1,0,0,1,United-States,36-45,0,0,0,1,train,1,False,False,True,False,False,2
1,190290,0,Craft-repair,1,0,0,1,United-States,26-35,0,0,0,1,train,1,False,False,False,False,True,2
1,231043,0,Craft-repair,1,5178,0,1,United-States,26-35,5178,1,0,1,train,1,False,False,False,False,True,2
1,143653,0,Craft-repair,1,0,0,1,United-States,26-35,0,0,0,0,train,1,False,False,False,False,True,2
1,239683,0,Craft-repair,1,0,0,1,United-States,36-45,0,0,0,0,train,1,False,False,False,False,True,2
1,202046,0,Craft-repair,1,0,0,1,United-States,26-35,0,0,0,1,train,1,False,False,False,False,True,2
1,200153,0,Craft-repair,1,0,0,1,United-States,36-45,0,0,0,0,train,1,False,False,False,False,True,2
1,185385,0,Craft-repair,1,0,0,1,United-States,36-45,0,0,0,1,train,1,False,False,False,False,True,2
1,132879,0,Craft-repair,1,0,1902,1,United-States,36-45,-1902,0,1,1,train,1,False,False,False,False,True,2
1,215310,0,Craft-repair,1,0,0,1,United-States,36-45,0,0,0,1,train,1,False,False,False,False,True,2
1,167725,0,Craft-repair,1,0,0,1,United-States,36-45,0,0,0,0,train,1,False,False,False,False,True,2
1,247379,0,Craft-repair,1,0,0,1,United-States,36-45,0,0,0,1,train,1,False,False,False,False,True,2
1,413297,0,Craft-repair,1,0,0,1,United-States,36-45,0,0,0,0,train,1,False,False,False,False,True,2
1,289403,0,Craft-repair,1,0,1887,1,United-States,36-45,-1887,0,1,1,train,1,False,False,True,False,False,2
1,379350,0,Craft-repair,1,0,0,1,United-States,36-45,0,0,0,0,train,1,False,False,False,False,True,2
1,136028,0,Craft-repair,1,0,0,1,United-States,36-45,0,0,0,0,train,1,False,False,False,False,True,2
1,421871,0,Craft-repair,1,0,0,1,United-States,36-45,0,0,0,1,train,1,False,False,True,False,False,2
1,36228,0,Craft-repair,1,0,1902,1,United-States,46-55,-1902,0,1,0,train,1,False,False,False,False,True,2
1,244665,0,Craft-repair,1,5178,0,1,United-States,26-35,5178,1,0,1,train,1,False,False,False,False,True,2
1,187046,0,Craft-repair,1,0,0,1,United-States,36-45,0,0,0,0,train,1,False,False,False,False,True,2
1,24106,0,Craft-repair,1,3103,0,1,United-States,36-45,3103,1,0,1,train,1,False,False,False,False,True,2
1,379412,0,Craft-repair,1,0,0,1,United-States,26-35,0,0,0,0,train,1,False,False,False,False,True,2
1,213821,0,Craft-repair,1,0,1887,1,United-States,36-45,-1887,0,1,1,train,1,False,False,False,False,True,2
1,277347,0,Craft-repair,1,0,0,1,United-States,36-45,0,0,0,0,train,1,False,False,False,False,True,2
1,167955,0,Craft-repair,1,0,0,1,Poland,36-45,0,0,0,0,train,1,False,False,False,False,True,2
1,225193,0,Craft-repair,1,0,0,1,United-States,36-45,0,0,0,0,train,1,False,False,False,False,True,2
1,350624,0,Craft-repair,1,0,0,1,United-States,26-35,0,0,0,0,train,1,False,False,False,False,True,2
1,105813,0,Craft-repair,1,0,0,1,United-States,36-45,0,0,0,0,train,1,False,False,False,False,True,2
1,111985,0,Craft-repair,1,0,0,1,United-States,26-35,0,0,0,0,train,1,False,False,False,False,True,2
1,288551,0,Craft-repair,1,0,0,1,United-States,36-45,0,0,0,0,train,1,False,False,True,False,False,2
1,509364,0,Craft-repair,1,0,0,1,United-States,26-35,0,0,0,0,train,1,False,False,False,False,True,2
1,94235,0,Craft-repair,1,0,0,1,United-States,26-35,0,0,0,1,train,1,False,False,False,False,True,2
1,158592,0,Craft-repair,1,0,0,1,United-States,36-45,0,0,0,0,train,1,False,False,False,False,True,2
1,140752,0,Craft-repair,1,0,0,1,United-States,26-35,0,0,0,0,train,1,False,False,False,False,True,2
1,103751,0,Craft-repair,1,0,0,1,United-States,36-45,0,0,0,0,train,1,False,False,False,False,True,2
1,272165,0,Craft-repair,1,0,0,1,United-States,36-45,0,0,0,0,train,1,False,False,False,False,True,2
1,188391,0,Craft-repair,1,7298,0,1,United-States,36-45,7298,1,0,1,train,1,False,False,False,False,True,2
1,181382,0,Craft-repair,1,0,0,1,United-States,26-35,0,0,0,0,train,1,False,False,False,False,True,2
1,94962,0,Craft-repair,1,0,0,1,England,36-45,0,0,0,0,train,1,False,False,False,False,True,2
1,367020,0,Craft-repair,1,0,0,1,United-States,36-45,0,0,0,0,train,1,False,False,False,False,True,2
1,231043,0,Craft-repair,1,0,0,1,United-States,26-35,0,0,0,1,train,1,False,False,False,False,True,2
1,180342,0,Craft-repair,1,0,0,1,United-States,26-35,0,0,0,0,train,1,False,False,False,False,True,2
1,231689,0,Craft-repair,1,0,0,1,United-States,36-45,0,0,0,1,train,1,False,False,False,False,True,2
1,192208,0,Craft-repair,1,0,0,1,United-States,46-55,0,0,0,0,train,1,False,False,False,False,True,2
1,220585,0,Craft-repair,1,0,0,1,United-States,36-45,0,0,0,0,train,1,False,False,False,False,True,2
1,364782,0,Craft-repair,1,0,0,1,United-States,36-45,0,0,0,1,train,1,False,False,False,False,True,2
1,80933,0,Craft-repair,1,0,1672,1,United-States,26-35,-1672,0,1,0,train,1,False,False,False,False,True,2
1,271828,0,Craft-repair,1,0,0,1,United-States,46-55,0,0,0,1,train,1,False,False,False,False,True,2
1,76487,0,Craft-repair,1,0,0,1,United-States,36-45,0,0,0,0,train,1,False,False,False,False,True,2
1,408328,0,Craft-repair,1,0,0,1,United-States,26-35,0,0,0,0,train,1,False,False,False,False,True,2
1,328216,0,Craft-repair,1,0,0,1,United-States,46-55,0,0,0,1,train,1,False,False,False,False,True,2
1,127651,0,Craft-repair,1,0,0,1,United-States,26-35,0,0,0,1,train,1,False,False,False,False,True,2
1,295949,0,Craft-repair,1,0,1628,1,United-States,36-45,-1628,0,1,0,train,1,False,False,False,False,True,2
1,222434,0,Craft-repair,1,0,0,1,United-States,36-45,0,0,0,0,train,1,False,False,False,False,True,2
1,177305,0,Craft-repair,1,0,0,1,United-States,36-45,0,0,0,0,train,1,False,False,False,False,True,2
1,195148,0,Craft-repair,1,3137,0,1,United-States,36-45,3137,1,0,0,train,1,False,False,False,False,True,2
1,143058,0,Craft-repair,1,0,0,1,United-States,36-45,0,0,0,0,train,1,False,False,False,False,True,2
1,46807,0,Craft-repair,1,99999,0,1,United-States,26-35,99999,1,0,1,train,1,False,False,False,False,True,2
1,111979,0,Craft-repair,1,0,0,1,United-States,46-55,0,0,0,0,train,1,False,False,False,False,True,2
1,155343,0,Craft-repair,1,0,1848,1,United-States,26-35,-1848,0,1,1,train,1,False,False,False,False,True,2
1,424988,0,Craft-repair,1,0,0,1,United-States,26-35,0,0,0,0,train,1,False,False,False,False,True,2
1,196266,0,Craft-repair,1,0,0,1,United-States,26-35,0,0,0,1,train,1,False,False,False,False,True,2
1,360799,0,Craft-repair,1,7298,0,1,United-States,26-35,7298,1,0,1,train,1,False,False,False,False,True,2
1,132601,0,Craft-repair,1,0,0,1,United-States,26-35,0,0,0,1,train,1,False,False,False,False,True,2
1,286370,0,Machine-op-inspct,1,0,0,1,Mexico,36-45,0,0,0,1,train,1,False,False,False,False,True,2
1,256649,0,Machine-op-inspct,1,0,0,1,United-States,36-45,0,0,0,0,train,1,False,False,True,False,False,2
1,54576,0,Machine-op-inspct,1,0,0,1,United-States,26-35,0,0,0,0,train,1,False,False,False,False,True,2
1,174524,0,Machine-op-inspct,1,0,0,1,United-States,36-45,0,0,0,1,train,1,False,False,False,False,True,2
1,194141,0,Machine-op-inspct,1,0,0,1,United-States,26-35,0,0,0,0,train,1,False,False,False,False,True,2
1,80945,0,Machine-op-inspct,1,0,0,1,United-States,26-35,0,0,0,0,train,1,False,False,False,False,True,2
1,262153,0,Machine-op-inspct,1,0,0,1,United-States,26-35,0,0,0,0,train,1,False,False,False,False,True,2
1,214738,0,Machine-op-inspct,1,0,0,1,United-States,36-45,0,0,0,0,train,1,False,False,False,False,True,2
1,186934,0,Machine-op-inspct,1,3103,0,1,United-States,36-45,3103,1,0,1,train,1,False,False,False,False,True,2
1,465507,0,Machine-op-inspct,1,0,0,1,United-States,26-35,0,0,0,0,train,1,False,False,True,False,False,2
1,185041,0,Machine-op-inspct,1,0,0,1,United-States,46-55,0,0,0,0,train,1,False,False,False,False,True,2
1,135289,0,Machine-op-inspct,1,0,0,1,United-States,36-45,0,0,0,0,train,1,False,False,False,False,True,2
1,85995,0,Machine-op-inspct,1,0,0,1,United-States,36-45,0,0,0,1,train,1,False,False,False,False,True,2
1,75742,0,Machine-op-inspct,1,0,0,1,United-States,36-45,0,0,0,0,train,1,False,False,False,False,True,2
1,195576,0,Machine-op-inspct,1,0,0,1,United-States,26-35,0,0,0,0,train,1,False,False,False,False,True,2
1,161819,0,Machine-op-inspct,1,0,0,1,United-States,36-45,0,0,0,1,train,1,False,False,False,False,True,2
1,222142,0,Machine-op-inspct,1,0,0,1,United-States,36-45,0,0,0,0,train,1,False,False,False,False,True,2
1,184659,0,Machine-op-inspct,1,0,0,1,United-States,36-45,0,0,0,0,train,1,False,False,False,False,True,2
1,189843,0,Machine-op-inspct,1,0,0,1,United-States,26-35,0,0,0,0,train,1,False,False,False,False,True,2
1,160449,0,Machine-op-inspct,1,0,0,1,United-States,26-35,0,0,0,1,train,1,False,False,False,False,True,2
1,231238,0,Machine-op-inspct,1,0,0,1,United-States,26-35,0,0,0,0,train,1,False,False,True,False,False,2
1,166003,0,Machine-op-inspct,1,0,0,1,United-States,46-55,0,0,0,0,train,1,False,False,False,False,True,2
1,271828,0,Machine-op-inspct,1,0,0,1,United-States,46-55,0,0,0,1,train,1,False,False,False,False,True,2
1,96245,0,Machine-op-inspct,1,0,0,1,United-States,26-35,0,0,0,0,train,1,False,False,False,False,True,2
1,278187,0,Machine-op-inspct,1,0,0,1,United-States,36-45,0,0,0,0,train,1,False,False,False,False,True,2
1,33487,0,Machine-op-inspct,1,0,0,1,United-States,36-45,0,0,0,0,train,1,False,False,False,False,True,2
1,187821,0,Machine-op-inspct,1,2885,0,1,United-States,36-45,2885,1,0,0,train,1,False,False,False,False,True,2
1,203482,0,Machine-op-inspct,1,0,0,1,United-States,36-45,0,0,0,0,train,1,False,False,False,False,True,2
1,503923,0,Machine-op-inspct,1,4386,0,1,United-States,46-55,4386,1,0,1,train,1,False,False,True,False,False,2
1,283122,0,Machine-op-inspct,1,0,0,1,United-States,36-45,0,0,0,1,train,1,False,False,False,False,True,2
1,230054,0,Machine-op-inspct,1,0,0,1,Mexico,26-35,0,0,0,0,train,1,False,False,False,False,True,2
1,304570,0,Machine-op-inspct,1,0,0,1,United-States,36-45,0,0,0,0,train,1,False,True,False,False,False,2
1,245842,0,Machine-op-inspct,1,0,0,1,Mexico,36-45,0,0,0,0,train,1,False,False,False,False,True,2
1,344129,0,Machine-op-inspct,1,0,0,1,United-States,26-35,0,0,0,1,train,1,False,False,False,False,True,2
1,100584,0,Machine-op-inspct,1,0,0,1,United-States,36-45,0,0,0,0,train,1,True,False,False,False,False,2
1,107843,0,Machine-op-inspct,1,5178,0,1,United-States,26-35,5178,1,0,1,train,1,False,False,False,False,True,2
1,170020,0,Machine-op-inspct,1,3137,0,1,United-States,36-45,3137,1,0,0,train,1,False,False,False,False,True,2
1,260560,0,Machine-op-inspct,1,0,0,1,United-States,26-35,0,0,0,0,train,1,False,False,False,False,True,2
1,256609,0,Machine-op-inspct,1,0,0,1,Mexico,26-35,0,0,0,0,train,1,False,False,False,False,True,2
1,184901,0,Machine-op-inspct,1,0,0,1,United-States,26-35,0,0,0,1,train,1,False,False,False,False,True,2
1,256211,0,Machine-op-inspct,1,0,0,1,South,26-35,0,0,0,0,train,1,False,True,False,False,False,2
1,263568,0,Machine-op-inspct,1,0,0,1,United-States,46-55,0,0,0,0,train,1,False,False,False,False,True,2
1,238944,0,Machine-op-inspct,1,0,0,1,United-States,26-35,0,0,0,0,train,1,False,False,False,False,True,2
1,187322,0,Machine-op-inspct,1,0,0,1,United-States,36-45,0,0,0,0,train,1,False,False,False,False,True,2
1,207202,0,Machine-op-inspct,1,0,0,1,United-States,36-45,0,0,0,1,train,1,False,False,False,False,True,2
1,28887,0,Sales,1,0,0,1,United-States,36-45,0,0,0,0,train,1,False,False,False,False,True,2
1,172927,0,Sales,1,0,0,1,United-States,36-45,0,0,0,0,train,1,False,False,False,False,True,2
1,153614,0,Sales,1,0,0,1,United-States,26-35,0,0,0,1,train,1,False,False,False,False,True,2
1,177407,0,Sales,1,0,0,1,United-States,46-55,0,0,0,0,train,1,False,False,False,False,True,2
1,342865,0,Sales,1,0,0,1,United-States,36-45,0,0,0,0,train,1,False,False,False,False,True,2
1,85995,0,Sales,1,0,0,1,United-States,36-45,0,0,0,0,train,1,False,False,False,False,True,2
1,245317,0,Sales,1,0,0,1,United-States,36-45,0,0,0,0,train,1,False,False,False,False,True,2
1,155343,0,Sales,1,3103,0,1,United-States,26-35,3103,1,0,1,train,1,False,False,False,False,True,2
1,205390,0,Sales,1,0,0,1,United-States,26-35,0,0,0,0,train,1,False,False,False,False,True,2
1,133969,0,Sales,1,0,0,1,South,36-45,0,0,0,1,train,1,False,True,False,False,False,2
1,169995,0,Sales,1,0,0,1,United-States,36-45,0,0,0,0,train,1,False,False,False,False,True,2
1,171091,0,Sales,1,0,0,1,United-States,26-35,0,0,0,0,train,1,False,False,False,False,True,2
1,127772,0,Sales,1,3103,0,1,United-States,36-45,3103,1,0,1,train,1,False,False,False,False,True,2
1,144169,0,Sales,1,0,0,1,United-States,36-45,0,0,0,1,train,1,False,False,False,False,True,2
1,187046,0,Sales,1,0,0,1,United-States,36-45,0,0,0,1,train,1,False,False,False,False,True,2
1,247752,0,Sales,1,0,0,1,United-States,36-45,0,0,0,0,train,1,False,False,False,False,True,2
1,119079,0,Sales,1,0,0,1,United-States,36-45,0,0,0,1,train,1,False,False,False,False,True,2
1,220939,0,Sales,1,7298,0,1,United-States,26-35,7298,1,0,1,train,1,False,False,False,False,True,2
1,203836,0,Sales,1,3464,0,1,Columbia,36-45,3464,1,0,0,train,1,False,False,False,False,True,2
1,112554,0,Sales,1,0,0,1,United-States,36-45,0,0,0,0,train,1,False,False,False,False,True,2
1,138634,0,Sales,1,0,0,1,United-States,36-45,0,0,0,0,train,1,False,False,False,False,True,2
1,191807,0,Sales,1,15024,0,1,United-States,36-45,15024,1,0,1,train,1,False,False,False,False,True,2
1,187046,0,Sales,1,4064,0,1,United-States,36-45,4064,1,0,0,train,1,False,False,False,False,True,2
1,123681,0,Sales,1,0,0,1,United-States,36-45,0,0,0,1,train,1,False,False,False,False,True,2
1,220049,0,Sales,1,0,0,1,United-States,36-45,0,0,0,1,train,1,False,False,True,False,False,2
1,147314,0,Sales,1,0,0,1,United-States,36-45,0,0,0,0,train,1,True,False,False,False,False,2
1,179048,0,Sales,1,0,0,1,United-States,46-55,0,0,0,0,train,1,False,False,False,False,True,2
1,245487,0,Transport-moving,1,0,0,1,Mexico,26-35,0,0,0,0,train,1,True,False,False,False,False,2
1,117037,0,Transport-moving,1,0,2042,1,United-States,36-45,-2042,0,1,0,train,1,False,False,False,False,True,2
1,160943,0,Transport-moving,1,0,0,1,United-States,36-45,0,0,0,0,train,1,False,False,True,False,False,2
1,329752,0,Transport-moving,1,0,0,1,United-States,46-55,0,0,0,0,train,1,False,False,False,False,True,2
1,117683,0,Transport-moving,1,0,0,1,United-States,36-45,0,0,0,1,train,1,False,False,False,False,True,2
1,29984,0,Transport-moving,1,0,0,1,United-States,36-45,0,0,0,0,train,1,False,False,False,False,True,2
1,227644,0,Transport-moving,1,0,0,1,United-States,36-45,0,0,0,0,train,1,False,False,False,False,True,2
1,89508,0,Transport-moving,1,0,0,1,United-States,26-35,0,0,0,1,train,1,False,False,False,False,True,2
1,130021,0,Transport-moving,1,0,0,1,United-States,26-35,0,0,0,0,train,1,False,False,False,False,True,2
1,51100,0,Transport-moving,1,0,0,1,United-States,36-45,0,0,0,1,train,1,False,False,False,False,True,2
1,107513,0,Transport-moving,1,0,0,1,United-States,36-45,0,0,0,0,train,1,False,False,False,False,True,2
1,420895,0,Transport-moving,1,0,0,1,United-States,26-35,0,0,0,0,train,1,False,False,False,False,True,2
1,187069,0,Transport-moving,1,0,0,1,United-States,36-45,0,0,0,0,train,1,False,False,False,False,True,2
1,173607,0,Transport-moving,1,0,0,1,United-States,36-45,0,0,0,0,train,1,False,False,False,False,True,2
1,188834,0,Transport-moving,1,0,0,1,United-States,36-45,0,0,0,0,train,1,False,False,False,False,True,2
1,126838,0,Transport-moving,1,0,0,1,United-States,26-35,0,0,0,0,train,1,False,False,False,False,True,2
1,209317,0,Transport-moving,1,0,0,1,Puerto-Rico,26-35,0,0,0,0,train,1,False,False,False,False,True,2
1,373050,0,Transport-moving,1,0,0,1,United-States,36-45,0,0,0,0,train,1,False,False,False,False,True,2
1,358886,0,Transport-moving,1,0,0,1,United-States,36-45,0,0,0,1,train,1,False,False,False,False,True,2
1,183203,0,Transport-moving,1,0,0,1,United-States,36-45,0,0,0,1,train,1,False,False,False,False,True,2
1,263339,0,Transport-moving,1,0,0,1,United-States,36-45,0,0,0,1,train,1,False,False,False,False,True,2
1,167864,0,Transport-moving,1,0,0,1,United-States,36-45,0,0,0,0,train,1,False,False,False,False,True,2
1,164663,0,Transport-moving,1,0,0,1,United-States,36-45,0,0,0,0,train,1,False,False,False,False,True,2
1,179533,0,Transport-moving,1,0,0,1,United-States,36-45,0,0,0,0,train,1,False,False,False,False,True,2
1,190023,0,Transport-moving,1,0,0,1,United-States,36-45,0,0,0,1,train,1,False,False,False,False,True,2
1,462890,0,Transport-moving,1,0,0,1,United-States,26-35,0,0,0,0,train,1,False,False,True,False,False,2
1,265266,0,Transport-moving,1,0,0,1,United-States,36-45,0,0,0,0,train,1,False,False,False,False,True,2
1,59474,0,Transport-moving,1,0,0,1,United-States,36-45,0,0,0,1,train,1,False,False,False,False,True,2
1,56841,0,Transport-moving,1,0,0,1,United-States,46-55,0,0,0,0,train,1,False,False,False,False,True,2
1,33355,0,Transport-moving,1,7298,0,1,United-States,36-45,7298,1,0,1,train,1,False,False,False,False,True,2
1,182668,0,Transport-moving,1,0,0,1,United-States,36-45,0,0,0,0,train,1,False,False,False,False,True,2
1,174856,0,Transport-moving,1,2885,0,1,United-States,26-35,2885,1,0,0,train,1,False,False,False,False,True,2
1,77370,0,Transport-moving,1,0,0,1,United-States,36-45,0,0,0,0,train,1,False,False,False,False,True,2
1,197583,0,Transport-moving,1,0,0,1,United-States,36-45,0,0,0,1,train,1,False,False,True,False,False,2
1,29696,0,Transport-moving,1,0,0,1,United-States,46-55,0,0,0,0,train,1,False,False,False,False,True,2
1,92440,2,Craft-repair,1,0,0,1,United-States,26-35,0,0,0,1,train,0,False,False,False,False,True,2
1,126701,2,Craft-repair,1,0,0,1,United-States,36-45,0,0,0,0,train,0,False,False,False,False,True,2
1,412296,2,Craft-repair,1,0,0,1,United-States,36-45,0,0,0,0,train,1,False,False,False,False,True,2
1,107793,2,Craft-repair,1,0,0,1,United-States,26-35,0,0,0,0,train,0,False,False,False,False,True,2
1,100584,2,Craft-repair,1,0,0,1,United-States,36-45,0,0,0,0,train,0,True,False,False,False,False,2
1,35236,2,Craft-repair,1,0,0,1,United-States,36-45,0,0,0,0,train,0,False,False,False,False,True,2
1,202565,2,Craft-repair,1,0,0,1,United-States,36-45,0,0,0,0,train,0,False,False,False,False,True,2
1,187581,2,Craft-repair,1,0,0,1,United-States,46-55,0,0,0,0,train,1,False,False,False,False,True,2
1,105017,2,Craft-repair,1,0,0,1,United-States,36-45,0,0,0,0,train,0,False,False,False,False,True,2
1,109089,2,Craft-repair,1,0,0,1,United-States,46-55,0,0,0,0,train,0,False,False,False,False,True,2
1,123429,2,Craft-repair,1,0,0,1,United-States,26-35,0,0,0,0,train,0,False,False,False,False,True,2
1,104772,2,Craft-repair,1,0,0,1,United-States,36-45,0,0,0,0,train,0,False,False,False,False,True,2
1,230246,2,Craft-repair,1,0,0,1,United-States,26-35,0,0,0,0,train,0,False,False,False,False,True,2
1,367533,2,Craft-repair,1,0,0,1,United-States,36-45,0,0,0,0,train,0,False,False,False,False,True,2
1,173858,2,Craft-repair,1,0,0,1,United-States,26-35,0,0,0,0,train,0,False,True,False,False,False,2
1,182177,2,Craft-repair,1,3325,0,1,United-States,26-35,3325,1,0,0,train,0,False,False,False,False,True,2
1,149102,2,Craft-repair,1,0,0,1,Poland,36-45,0,0,0,0,train,0,False,False,False,False,True,2
1,89226,2,Craft-repair,1,0,0,1,United-States,36-45,0,0,0,0,train,0,False,False,False,False,True,2
1,32825,2,Craft-repair,1,0,0,1,United-States,46-55,0,0,0,0,train,0,False,False,False,False,True,2
1,87556,2,Craft-repair,1,0,0,1,United-States,26-35,0,0,0,0,train,0,False,False,False,False,True,2
1,190290,2,Craft-repair,1,0,0,1,United-States,36-45,0,0,0,0,train,0,False,False,False,False,True,2
1,357962,2,Craft-repair,1,0,0,1,United-States,36-45,0,0,0,0,train,0,False,False,False,False,True,2
1,417136,2,Craft-repair,1,0,0,1,United-States,26-35,0,0,0,0,train,0,False,False,True,False,False,2
1,125856,2,Craft-repair,1,0,0,1,United-States,26-35,0,0,0,0,train,0,False,False,False,False,True,2
1,212894,2,Craft-repair,1,0,0,1,United-States,36-45,0,0,0,0,train,1,False,False,False,False,True,2
2,94638,2,Adm-clerical,0,0,0,1,United-States,46-55,0,0,0,0,train,0,False,False,False,False,True,2
2,543162,2,Adm-clerical,0,0,0,1,United-States,46-55,0,0,0,0,train,0,False,False,True,False,False,2
2,335973,2,Adm-clerical,0,0,0,1,United-States,46-55,0,0,0,0,train,0,False,False,False,False,True,2
2,241346,2,Adm-clerical,0,0,0,1,United-States,46-55,0,0,0,0,train,0,False,False,False,False,True,2
2,176317,2,Adm-clerical,0,0,0,1,United-States,46-55,0,0,0,0,train,1,False,False,False,False,True,2
2,358740,2,Adm-clerical,0,0,0,1,England,46-55,0,0,0,0,train,0,False,False,False,False,True,2
2,31838,2,Adm-clerical,0,0,0,1,United-States,46-55,0,0,0,0,train,0,False,False,False,False,True,2
2,202452,2,Adm-clerical,0,0,0,1,United-States,46-55,0,0,0,0,train,0,False,False,False,False,True,2
2,179646,2,Adm-clerical,0,0,0,1,United-States,46-55,0,0,0,0,train,0,False,False,False,False,True,2
2,113176,2,Adm-clerical,0,0,0,1,United-States,46-55,0,0,0,0,train,0,False,False,False,False,True,2
2,311249,2,Adm-clerical,0,0,0,1,United-States,56-65,0,0,0,0,train,0,False,False,True,False,False,2
2,278763,2,Adm-clerical,0,0,0,1,United-States,56-65,0,0,0,0,train,0,False,False,False,False,True,2
2,143372,2,Adm-clerical,0,0,0,1,United-States,56-65,0,0,0,0,train,0,False,False,True,False,False,2
2,160829,2,Adm-clerical,0,0,0,1,United-States,56-65,0,0,0,0,train,0,False,False,False,False,True,2
2,300168,2,Adm-clerical,0,0,0,1,United-States,46-55,0,0,0,0,train,1,False,False,True,False,False,2
2,207058,2,Adm-clerical,0,0,0,1,United-States,46-55,0,0,0,0,train,0,False,False,False,False,True,2
2,145214,2,Adm-clerical,0,0,0,1,United-States,46-55,0,0,0,0,train,0,False,False,False,False,True,2
2,103407,2,Adm-clerical,0,0,0,1,United-States,46-55,0,0,0,0,train,0,False,False,False,False,True,2
2,221336,2,Adm-clerical,0,0,0,1,Philippines,46-55,0,0,0,0,train,1,False,True,False,False,False,2
2,92215,2,Adm-clerical,0,0,0,1,United-States,46-55,0,0,0,0,train,0,False,False,False,False,True,2
2,283005,2,Adm-clerical,0,0,0,1,United-States,56-65,0,0,0,0,train,0,False,False,False,False,True,2
2,111169,2,Adm-clerical,0,0,0,1,United-States,56-65,0,0,0,0,train,0,False,False,False,False,True,2
2,363405,2,Adm-clerical,0,0,0,1,United-States,46-55,0,0,0,0,train,1,False,False,False,False,True,2
2,62605,2,Adm-clerical,0,0,0,1,United-States,46-55,0,0,0,0,train,0,False,False,False,False,True,2
2,306785,2,Adm-clerical,0,0,0,1,United-States,46-55,0,0,0,0,train,0,False,False,False,False,True,2
2,129177,2,Adm-clerical,0,0,0,1,United-States,46-55,0,0,0,0,train,0,False,False,False,False,True,2
2,117700,2,Adm-clerical,0,0,0,1,United-States,46-55,0,0,0,0,train,0,False,False,False,False,True,2
2,233193,2,Adm-clerical,0,0,0,1,United-States,56-65,0,0,0,0,train,0,False,False,False,False,True,2
2,398067,2,Adm-clerical,0,0,0,1,United-States,56-65,0,0,0,0,train,0,False,False,False,False,True,2
2,171328,2,Other-service,0,0,0,1,United-States,56-65,0,0,0,0,train,0,False,False,True,False,False,2
2,51290,2,Other-service,0,0,0,1,United-States,56-65,0,0,0,0,train,0,False,False,False,False,True,2
2,120451,2,Other-service,0,0,0,1,United-States,46-55,0,0,0,0,train,0,False,False,True,False,False,2
2,269080,2,Other-service,0,0,0,1,United-States,46-55,0,0,0,0,train,0,False,False,True,False,False,2
2,191965,2,Other-service,0,0,0,1,United-States,46-55,0,0,0,0,train,0,False,False,False,False,True,2
2,157043,2,Other-service,0,0,0,1,United-States,46-55,0,0,0,0,train,0,False,False,True,False,False,2
2,168381,2,Other-service,0,0,0,1,India,46-55,0,0,0,1,train,0,False,True,False,False,False,2
2,329778,2,Other-service,0,0,0,1,United-States,46-55,0,0,0,0,train,0,False,False,False,False,True,2
2,141483,2,Other-service,0,0,0,1,United-States,46-55,0,0,0,0,train,0,False,False,False,False,True,2
2,158993,2,Other-service,0,0,0,1,United-States,46-55,0,0,0,0,train,1,False,False,True,False,False,2
2,117496,2,Other-service,0,0,0,1,Canada,46-55,0,0,0,0,train,0,False,False,False,False,True,2
2,87205,2,Other-service,0,0,0,1,United-States,46-55,0,0,0,0,train,0,False,False,False,False,True,2
2,85129,2,Other-service,0,0,0,1,United-States,46-55,0,0,0,0,train,0,False,True,False,False,False,2
2,161482,2,Other-service,0,0,0,1,United-States,46-55,0,0,0,0,train,0,False,False,False,False,True,2
2,39380,2,Other-service,0,0,0,1,United-States,56-65,0,0,0,0,train,0,False,False,False,False,True,2
2,385632,2,Other-service,0,0,0,1,United-States,56-65,0,0,0,0,train,0,False,False,False,False,True,2
2,358056,2,Other-service,0,0,0,1,United-States,46-55,0,0,0,0,train,0,False,False,False,False,True,2
2,176140,2,Other-service,0,0,0,1,United-States,46-55,0,0,0,0,train,0,False,False,True,False,False,2
2,197665,2,Other-service,0,0,0,1,United-States,56-65,0,0,0,0,train,0,False,False,False,False,True,2
2,99476,2,Other-service,0,0,0,1,United-States,46-55,0,0,0,0,train,0,False,False,False,False,True,2
2,52953,2,Other-service,0,0,0,1,United-States,46-55,0,0,0,0,train,0,False,False,False,False,True,2
2,209022,2,Other-service,0,0,0,1,United-States,46-55,0,0,0,0,train,0,False,False,False,False,True,2
2,109973,2,Other-service,0,0,0,1,United-States,56-65,0,0,0,0,train,0,False,False,False,False,True,2
2,163708,2,Other-service,0,0,0,1,United-States,46-55,0,0,0,0,train,0,False,False,False,False,True,2
2,169182,2,Other-service,0,0,0,1,Dominican-Republic,46-55,0,0,0,0,train,0,False,False,False,False,True,2
2,119182,2,Other-service,0,0,0,1,United-States,46-55,0,0,0,0,train,0,False,False,True,False,False,2
2,121958,2,Other-service,0,0,0,1,United-States,46-55,0,0,0,0,train,0,False,False,False,False,True,2
2,381851,2,Other-service,0,0,0,1,United-States,56-65,0,0,0,0,train,0,False,False,True,False,False,2
2,219775,2,Other-service,0,0,0,1,United-States,46-55,0,0,0,0,train,0,False,False,False,False,True,2
2,197371,0,Craft-repair,1,0,0,1,United-States,46-55,0,0,0,1,train,1,False,False,True,False,False,0
2,81973,0,Craft-repair,1,0,0,1,United-States,46-55,0,0,0,1,train,1,False,True,False,False,False,0
2,186556,0,Craft-repair,1,0,0,1,United-States,56-65,0,0,0,1,train,1,False,False,False,False,True,0
2,182862,0,Craft-repair,1,0,0,1,United-States,46-55,0,0,0,1,train,1,False,False,False,False,True,0
2,243631,0,Craft-repair,1,7688,0,1,United-States,46-55,7688,1,0,1,train,1,True,False,False,False,False,0
2,22154,0,Craft-repair,1,0,0,1,United-States,46-55,0,0,0,0,train,1,False,False,False,False,True,0
2,343748,0,Craft-repair,1,0,0,1,United-States,46-55,0,0,0,0,train,1,False,False,False,False,True,0
2,55237,0,Craft-repair,1,0,0,1,United-States,46-55,0,0,0,1,train,1,False,False,False,False,True,0
2,255822,0,Craft-repair,1,0,0,1,United-States,56-65,0,0,0,1,train,1,False,False,False,False,True,0
2,165695,0,Craft-repair,1,0,0,1,United-States,56-65,0,0,0,0,train,1,False,False,False,False,True,0
2,168191,0,Craft-repair,1,0,0,1,United-States,46-55,0,0,0,0,train,1,False,False,False,False,True,0
2,120173,0,Craft-repair,1,3103,0,1,United-States,46-55,3103,1,0,1,train,1,False,False,False,False,True,0
2,168211,0,Craft-repair,1,0,1485,1,United-States,46-55,-1485,0,1,1,train,1,False,False,False,False,True,0
2,150930,0,Craft-repair,1,0,0,1,United-States,46-55,0,0,0,0,train,1,False,False,False,False,True,0
2,326857,0,Craft-repair,1,5013,0,1,United-States,46-55,5013,1,0,0,train,1,False,False,False,False,True,0
2,123992,0,Craft-repair,1,0,0,1,United-States,56-65,0,0,0,0,train,1,False,False,False,False,True,0
2,214169,0,Craft-repair,1,0,0,1,United-States,46-55,0,0,0,1,train,1,False,False,False,False,True,0
2,128143,0,Craft-repair,1,0,0,1,United-States,46-55,0,0,0,1,train,1,False,False,False,False,True,0
2,284129,0,Craft-repair,1,0,0,1,United-States,46-55,0,0,0,1,train,1,False,False,False,False,True,0
2,205708,0,Craft-repair,1,0,0,1,Poland,56-65,0,0,0,0,train,1,False,False,False,False,True,0
2,213140,0,Craft-repair,1,7688,0,1,United-States,46-55,7688,1,0,1,train,1,False,False,False,False,True,0
2,24185,0,Craft-repair,1,0,0,1,United-States,46-55,0,0,0,1,train,1,False,False,False,False,True,0
2,211654,0,Craft-repair,1,0,0,1,United-States,46-55,0,0,0,1,train,1,False,False,False,False,True,0
2,194791,0,Craft-repair,1,0,0,1,United-States,46-55,0,0,0,0,train,1,False,False,False,False,True,0
2,115389,0,Craft-repair,1,0,0,1,United-States,56-65,0,0,0,0,train,1,False,False,False,False,True,0
2,225768,0,Craft-repair,1,0,0,1,United-States,46-55,0,0,0,1,train,1,False,False,True,False,False,0
2,329603,0,Craft-repair,1,0,1902,1,United-States,46-55,-1902,0,1,1,train,1,False,False,False,False,True,0
2,368561,0,Craft-repair,1,0,0,1,United-States,46-55,0,0,0,1,train,1,False,False,False,False,True,0
2,80445,0,Craft-repair,1,0,0,1,United-States,46-55,0,0,0,0,train,1,False,False,False,False,True,0
2,189462,0,Craft-repair,1,7688,0,1,United-States,46-55,7688,1,0,1,train,1,False,False,False,False,True,0
2,97842,0,Craft-repair,1,0,0,1,United-States,46-55,0,0,0,0,train,1,False,False,False,False,True,0
2,191681,0,Exec-managerial,1,0,0,1,United-States,46-55,0,0,0,1,train,1,False,False,False,False,True,0
2,259323,0,Exec-managerial,1,0,0,1,United-States,46-55,0,0,0,1,train,1,False,False,False,False,True,0
2,132178,0,Exec-managerial,1,0,0,1,United-States,46-55,0,0,0,1,train,1,False,False,False,False,True,0
2,133461,0,Exec-managerial,1,0,0,1,United-States,46-55,0,0,0,0,train,1,False,False,False,False,True,0
2,164966,0,Exec-managerial,1,0,0,1,India,46-55,0,0,0,1,train,1,False,True,False,False,False,0
2,34368,0,Exec-managerial,1,0,0,1,United-States,46-55,0,0,0,1,train,1,False,False,False,False,True,0
2,185283,0,Exec-managerial,1,0,0,1,United-States,46-55,0,0,0,1,train,1,False,False,False,False,True,0
2,125000,0,Exec-managerial,1,0,0,1,England,56-65,0,0,0,1,train,1,False,False,False,False,True,0
2,118025,0,Exec-managerial,1,99999,0,1,United-States,46-55,99999,1,0,1,train,1,False,False,False,False,True,0
2,175942,0,Exec-managerial,1,0,0,1,United-States,56-65,0,0,0,1,train,1,False,False,False,False,True,0
2,171338,0,Exec-managerial,1,99999,0,1,United-States,46-55,99999,1,0,1,train,1,False,False,False,False,True,0
2,159219,0,Exec-managerial,1,0,0,1,Canada,46-55,0,0,0,1,train,1,False,False,False,False,True,0
2,197553,0,Exec-managerial,1,7688,0,1,United-States,56-65,7688,1,0,1,train,1,False,False,False,False,True,0
2,133050,0,Exec-managerial,1,0,0,1,United-States,46-55,0,0,0,1,train,1,False,False,True,False,False,0
2,304133,0,Exec-managerial,1,0,0,1,United-States,46-55,0,0,0,0,train,1,False,False,False,False,True,0
2,179704,0,Exec-managerial,1,0,0,1,United-States,46-55,0,0,0,1,train,1,False,False,False,False,True,0
2,346963,0,Exec-managerial,1,0,0,1,United-States,56-65,0,0,0,1,train,1,False,False,False,False,True,0
2,36503,0,Exec-managerial,1,0,0,1,United-States,46-55,0,0,0,1,train,1,False,False,False,False,True,0
2,102359,0,Exec-managerial,1,0,0,1,United-States,46-55,0,0,0,0,train,1,False,False,False,False,True,0
2,105582,0,Exec-managerial,1,7688,0,1,United-States,56-65,7688,1,0,1,train,1,False,False,False,False,True,0
2,175804,0,Exec-managerial,1,0,0,1,United-States,46-55,0,0,0,1,train,1,False,False,False,False,True,0
2,196328,0,Exec-managerial,1,0,0,1,United-States,46-55,0,0,0,0,train,1,False,False,True,False,False,0
2,186172,0,Exec-managerial,1,0,0,1,United-States,46-55,0,0,0,1,train,1,False,False,False,False,True,0
2,232618,0,Exec-managerial,1,0,0,1,United-States,56-65,0,0,0,1,train,1,False,False,False,False,True,0
2,193188,0,Exec-managerial,1,0,0,1,United-States,46-55,0,0,0,1,train,1,False,False,False,False,True,0
2,200471,0,Exec-managerial,1,0,0,1,United-States,46-55,0,0,0,1,train,1,False,False,False,False,True,0
2,95680,0,Exec-managerial,1,0,0,1,United-States,46-55,0,0,0,0,train,1,False,True,False,False,False,0
2,235624,0,Exec-managerial,1,0,0,1,Germany,56-65,0,0,0,1,train,1,False,False,False,False,True,0
2,138847,0,Exec-managerial,1,0,0,1,United-States,46-55,0,0,0,1,train,1,False,False,False,False,True,0
2,134671,0,Exec-managerial,1,0,0,1,United-States,46-55,0,0,0,0,train,1,False,False,False,False,True,0
2,117674,0,Exec-managerial,1,0,0,1,United-States,46-55,0,0,0,1,train,1,False,False,False,False,True,0
2,349304,0,Exec-managerial,1,0,0,1,United-States,46-55,0,0,0,1,train,1,False,False,False,False,True,0
2,338816,0,Exec-managerial,1,15024,0,1,United-States,46-55,15024,1,0,1,train,1,False,False,False,False,True,0
2,255412,0,Exec-managerial,1,0,0,1,France,46-55,0,0,0,1,train,1,False,False,False,False,True,0
2,362654,0,Exec-managerial,1,15024,0,1,United-States,46-55,15024,1,0,1,train,1,False,False,False,False,True,0
2,166459,0,Exec-managerial,1,0,0,1,United-States,46-55,0,0,0,0,train,1,False,False,False,False,True,0
2,254230,0,Exec-managerial,1,0,0,1,United-States,46-55,0,0,0,1,train,1,False,False,False,False,True,0
2,109275,0,Exec-managerial,1,0,0,1,United-States,46-55,0,0,0,0,train,1,False,False,False,False,True,0
2,204629,0,Exec-managerial,1,0,0,1,United-States,46-55,0,0,0,1,train,1,False,False,False,False,True,0
2,103063,0,Exec-managerial,1,0,0,1,United-States,46-55,0,0,0,1,train,1,False,False,False,False,True,0
2,149337,0,Exec-managerial,1,0,0,1,United-States,46-55,0,0,0,1,train,1,False,False,False,False,True,0
2,124973,0,Exec-managerial,1,15024,0,1,United-States,46-55,15024,1,0,1,train,1,False,False,False,False,True,0
2,110243,0,Exec-managerial,1,0,0,1,United-States,46-55,0,0,0,1,train,1,False,False,False,False,True,0
2,113995,0,Exec-managerial,1,0,0,1,United-States,46-55,0,0,0,1,train,1,False,False,False,False,True,0
2,265477,0,Prof-specialty,1,0,0,1,United-States,46-55,0,0,0,0,train,1,False,False,False,False,True,0
2,88506,0,Prof-specialty,1,0,0,1,United-States,46-55,0,0,0,0,train,1,False,False,False,False,True,0
2,337895,0,Prof-specialty,1,0,0,1,United-States,56-65,0,0,0,1,train,1,False,False,True,False,False,0
2,249977,0,Prof-specialty,1,0,0,1,United-States,56-65,0,0,0,0,train,1,False,False,False,False,True,0
2,372020,0,Prof-specialty,1,0,0,1,United-States,56-65,0,0,0,1,train,1,False,False,False,False,True,0
2,264052,0,Prof-specialty,1,0,0,1,United-States,46-55,0,0,0,1,train,1,False,False,False,False,True,0
2,146813,0,Prof-specialty,1,0,0,1,United-States,46-55,0,0,0,1,train,1,False,False,False,False,True,0
2,288020,0,Prof-specialty,1,0,0,1,Japan,46-55,0,0,0,0,train,1,False,True,False,False,False,0
2,169982,0,Prof-specialty,1,0,0,1,United-States,56-65,0,0,0,1,train,1,False,False,False,False,True,0
2,146767,0,Prof-specialty,1,0,0,1,United-States,46-55,0,0,0,1,train,1,False,False,False,False,True,0
2,213307,0,Prof-specialty,1,0,0,1,United-States,46-55,0,0,0,0,train,1,False,False,False,False,True,0
2,266529,0,Prof-specialty,1,0,0,1,United-States,46-55,0,0,0,1,train,1,False,False,False,False,True,0
2,30575,0,Prof-specialty,1,0,0,1,United-States,46-55,0,0,0,0,train,1,False,False,False,False,True,0
2,149784,0,Prof-specialty,1,7688,0,1,United-States,46-55,7688,1,0,1,train,1,False,False,False,False,True,0
2,159755,0,Prof-specialty,1,0,0,1,United-States,46-55,0,0,0,1,train,1,False,False,False,False,True,0
2,255364,0,Prof-specialty,1,0,0,1,United-States,46-55,0,0,0,0,train,1,False,False,False,False,True,0
2,90290,0,Prof-specialty,1,0,0,1,United-States,56-65,0,0,0,0,train,1,False,False,False,False,True,0
2,168283,0,Prof-specialty,1,0,0,1,United-States,46-55,0,0,0,1,train,1,False,False,False,False,True,0
2,75104,0,Prof-specialty,1,0,0,1,United-States,46-55,0,0,0,0,train,1,False,False,False,False,True,0
2,103931,0,Prof-specialty,1,0,0,1,United-States,46-55,0,0,0,0,train,1,False,False,False,False,True,0
2,270859,0,Prof-specialty,1,0,0,1,United-States,46-55,0,0,0,1,train,1,False,False,False,False,True,0
2,326048,0,Prof-specialty,1,0,0,1,United-States,46-55,0,0,0,1,train,1,False,False,False,False,True,0
2,130454,0,Prof-specialty,1,0,0,1,United-States,56-65,0,0,0,1,train,1,False,False,False,False,True,0
2,134447,0,Prof-specialty,1,0,0,1,United-States,46-55,0,0,0,0,train,1,False,False,False,False,True,0
2,317733,0,Prof-specialty,1,7688,0,1,United-States,46-55,7688,1,0,1,train,1,False,False,False,False,True,0
2,155449,0,Prof-specialty,1,0,0,1,United-States,56-65,0,0,0,0,train,1,False,False,False,False,True,0
2,420917,0,Prof-specialty,1,0,0,1,United-States,46-55,0,0,0,0,train,1,False,False,False,False,True,0
2,202467,0,Prof-specialty,1,0,1485,1,United-States,46-55,-1485,0,1,1,train,1,False,False,False,False,True,0
2,549341,0,Prof-specialty,1,0,0,1,United-States,46-55,0,0,0,0,train,1,False,False,True,False,False,0
2,82649,0,Prof-specialty,1,5013,0,1,United-States,46-55,5013,1,0,0,train,1,False,False,False,False,True,0
2,275943,0,Prof-specialty,1,0,0,1,Nicaragua,56-65,0,0,0,0,train,1,False,False,False,False,True,0
2,296066,0,Prof-specialty,1,0,0,1,United-States,46-55,0,0,0,0,train,1,False,False,False,False,True,0
2,148509,0,Prof-specialty,1,0,0,1,India,56-65,0,0,0,0,train,1,False,True,False,False,False,0
2,39986,0,Prof-specialty,1,0,0,1,United-States,46-55,0,0,0,0,train,1,False,False,False,False,True,0
2,303090,0,Sales,1,0,0,1,United-States,56-65,0,0,0,0,train,1,False,False,False,False,True,0
2,96062,0,Sales,1,0,1977,1,United-States,46-55,-1977,0,1,1,train,1,False,False,False,False,True,0
2,146013,0,Sales,1,4064,0,1,United-States,56-65,4064,1,0,0,train,1,False,False,False,False,True,0
2,183081,0,Sales,1,0,0,1,United-States,56-65,0,0,0,0,train,1,False,False,False,False,True,0
2,212960,0,Sales,1,0,0,1,United-States,46-55,0,0,0,1,train,1,False,False,False,False,True,0
2,268090,0,Sales,1,0,0,1,United-States,46-55,0,0,0,1,train,1,False,False,False,False,True,0
2,160724,0,Sales,1,0,2415,1,China,46-55,-2415,0,1,1,train,1,False,True,False,False,False,0
2,263925,0,Sales,1,0,0,1,Canada,46-55,0,0,0,1,train,1,False,False,False,False,True,0
2,370119,0,Sales,1,15024,0,1,United-States,46-55,15024,1,0,1,train,1,False,False,False,False,True,0
2,268022,0,Sales,1,0,0,1,United-States,46-55,0,0,0,1,train,1,False,False,False,False,True,0
2,138852,0,Sales,1,0,0,1,United-States,46-55,0,0,0,1,train,1,False,False,False,False,True,0
2,302868,0,Sales,1,0,0,1,United-States,46-55,0,0,0,1,train,1,False,False,False,False,True,0
2,208302,0,Sales,1,0,0,1,United-States,46-55,0,0,0,1,train,1,False,False,False,False,True,0
2,175339,0,Sales,1,0,0,1,United-States,46-55,0,0,0,1,train,1,False,False,False,False,True,0
2,174056,0,Sales,1,15024,0,1,United-States,56-65,15024,1,0,1,train,1,False,False,False,False,True,0
2,211804,0,Sales,1,15024,0,1,United-States,56-65,15024,1,0,1,train,1,False,False,False,False,True,0
2,183611,0,Sales,1,3137,0,1,United-States,46-55,3137,1,0,0,train,1,False,False,False,False,True,0
2,206206,0,Sales,1,0,0,1,United-States,56-65,0,0,0,1,train,1,False,False,False,False,True,0
2,249741,0,Sales,1,0,0,1,United-States,46-55,0,0,0,0,train,1,False,False,False,False,True,0
2,320835,0,Sales,1,0,0,1,United-States,46-55,0,0,0,1,train,1,False,False,False,False,True,0
2,101338,0,Sales,1,0,0,1,United-States,56-65,0,0,0,0,train,1,False,False,False,False,True,0
2,121685,0,Sales,1,0,0,1,United-States,46-55,0,0,0,1,train,1,False,False,False,False,True,0
2,145409,0,Sales,1,15024,0,1,United-States,46-55,15024,1,0,1,train,1,False,False,False,False,True,0
2,235646,0,Sales,1,3103,0,1,United-States,46-55,3103,1,0,1,train,1,False,False,False,False,True,0
2,100506,0,Sales,1,15024,0,1,United-States,46-55,15024,1,0,1,train,1,False,False,False,False,True,0
2,206964,0,Sales,1,0,0,1,United-States,46-55,0,0,0,1,train,1,False,False,False,False,True,0
2,110871,0,Sales,1,0,0,1,United-States,46-55,0,0,0,0,train,1,False,False,False,False,True,0
2,287480,0,Prof-specialty,1,0,0,1,United-States,46-55,0,0,0,0,train,1,False,False,False,False,True,1
2,123075,0,Prof-specialty,1,0,0,1,United-States,46-55,0,0,0,1,train,1,False,False,False,False,True,1
2,193960,0,Prof-specialty,1,0,1902,1,United-States,46-55,-1902,0,1,1,train,1,False,False,False,False,True,1
2,165637,0,Prof-specialty,1,0,0,1,United-States,46-55,0,0,0,0,train,1,False,False,False,False,True,1
2,99185,0,Prof-specialty,1,15024,0,1,United-States,46-55,15024,1,0,1,train,1,False,False,False,False,True,1
2,290593,0,Prof-specialty,1,0,0,1,United-States,56-65,0,0,0,0,train,1,False,False,False,False,True,1
2,98361,0,Prof-specialty,1,15024,0,1,United-States,46-55,15024,1,0,1,train,1,False,False,False,False,True,1
2,126754,0,Prof-specialty,1,15024,0,1,United-States,46-55,15024,1,0,1,train,1,False,False,False,False,True,1
2,159755,0,Prof-specialty,1,0,0,1,United-States,46-55,0,0,0,1,train,1,False,False,False,False,True,1
2,147629,0,Prof-specialty,1,15024,0,1,United-States,46-55,15024,1,0,1,train,1,False,False,False,False,True,1
2,131852,0,Prof-specialty,1,0,0,1,United-States,56-65,0,0,0,1,train,1,False,False,False,False,True,1
2,124137,0,Prof-specialty,1,0,2415,1,Greece,46-55,-2415,0,1,1,train,1,False,False,False,False,True,1
2,110517,0,Prof-specialty,1,4064,0,1,India,56-65,4064,1,0,0,train,1,False,True,False,False,False,1
2,71344,0,Prof-specialty,1,0,0,1,United-States,46-55,0,0,0,0,train,1,False,False,False,False,True,1
2,146326,0,Prof-specialty,1,7688,0,1,United-States,46-55,7688,1,0,1,train,1,False,False,False,False,True,1
2,64045,0,Prof-specialty,1,99999,0,1,United-States,46-55,99999,1,0,1,train,1,False,False,False,False,True,1
2,349910,0,Prof-specialty,1,0,1977,1,United-States,56-65,-1977,0,1,1,train,1,False,False,False,False,True,1
2,172962,0,Prof-specialty,1,0,0,1,United-States,46-55,0,0,0,1,train,1,False,False,False,False,True,1
2,50048,0,Prof-specialty,1,7688,0,1,United-States,46-55,7688,1,0,1,train,1,False,False,False,False,True,1
2,90363,0,Prof-specialty,1,99999,0,1,United-States,46-55,99999,1,0,1,train,1,False,False,False,False,True,1
2,156623,0,Prof-specialty,1,7688,0,1,Philippines,46-55,7688,1,0,1,train,1,False,True,False,False,False,1
2,149650,0,Prof-specialty,1,0,0,1,Iran,46-55,0,0,0,1,train,1,False,False,False,False,True,1
2,146603,0,Prof-specialty,1,0,0,1,United-States,46-55,0,0,0,1,train,1,False,False,False,False,True,1
2,143822,0,Prof-specialty,1,0,0,1,United-States,46-55,0,0,0,1,train,1,False,False,False,False,True,1
2,32694,0,Prof-specialty,1,0,0,1,United-States,56-65,0,0,0,1,train,1,False,False,False,False,True,1
2,282023,0,Prof-specialty,1,0,0,1,United-States,56-65,0,0,0,1,train,1,False,False,False,False,True,1
2,193366,0,Craft-repair,1,0,0,1,United-States,46-55,0,0,0,0,train,1,False,False,False,False,True,2
2,187715,0,Craft-repair,1,0,0,1,United-States,46-55,0,0,0,0,train,1,False,False,False,False,True,2
2,85815,0,Craft-repair,1,0,0,1,United-States,56-65,0,0,0,0,train,1,False,True,False,False,False,2
2,193884,0,Craft-repair,1,0,0,1,Ecuador,46-55,0,0,0,0,train,1,False,False,False,False,True,2
2,56915,0,Craft-repair,1,0,0,1,United-States,46-55,0,0,0,0,train,1,True,False,False,False,False,2
2,245062,0,Craft-repair,1,0,0,1,United-States,56-65,0,0,0,1,train,1,False,False,False,False,True,2
2,199713,0,Craft-repair,1,0,0,1,United-States,56-65,0,0,0,0,train,1,False,False,False,False,True,2
2,25826,0,Craft-repair,1,0,1887,1,United-States,46-55,-1887,0,1,1,train,1,False,False,False,False,True,2
2,199378,0,Craft-repair,1,0,0,1,United-States,56-65,0,0,0,0,train,1,False,False,False,False,True,2
2,177665,0,Craft-repair,1,0,0,1,United-States,56-65,0,0,0,0,train,1,False,False,False,False,True,2
2,87510,0,Craft-repair,1,0,0,1,United-States,56-65,0,0,0,0,train,1,False,False,False,False,True,2
2,387569,0,Craft-repair,1,4386,0,1,United-States,46-55,4386,1,0,1,train,1,False,False,False,False,True,2
2,124793,0,Craft-repair,1,0,0,1,United-States,46-55,0,0,0,0,train,1,False,False,False,False,True,2
2,31339,0,Craft-repair,1,0,0,1,United-States,46-55,0,0,0,0,train,1,False,False,False,False,True,2
2,75472,0,Craft-repair,1,4386,0,1,United-States,46-55,4386,1,0,0,train,1,False,False,False,False,True,2
2,349151,0,Craft-repair,1,0,0,1,United-States,46-55,0,0,0,0,train,1,False,False,False,False,True,2
2,421132,0,Craft-repair,1,0,0,1,United-States,46-55,0,0,0,0,train,1,False,False,False,False,True,2
2,146378,0,Craft-repair,1,0,0,1,United-States,46-55,0,0,0,1,train,1,False,False,False,False,True,2
2,232628,0,Craft-repair,1,0,0,1,United-States,46-55,0,0,0,0,train,1,False,False,True,False,False,2
2,126010,0,Craft-repair,1,0,0,1,United-States,46-55,0,0,0,0,train,1,False,False,False,False,True,2
2,198901,0,Craft-repair,1,0,0,1,United-States,46-55,0,0,0,0,train,1,False,False,False,False,True,2
2,107231,0,Craft-repair,1,0,2002,1,United-States,46-55,-2002,0,1,0,train,1,False,False,False,False,True,2
2,120914,0,Craft-repair,1,2961,0,1,United-States,46-55,2961,1,0,0,train,1,False,False,False,False,True,2
2,187487,0,Craft-repair,1,0,0,1,United-States,56-65,0,0,0,1,train,1,False,False,False,False,True,2
2,199067,0,Craft-repair,1,0,0,1,United-States,46-55,0,0,0,1,train,1,False,False,False,False,True,2
2,185407,0,Craft-repair,1,0,0,1,United-States,46-55,0,0,0,0,train,1,False,False,False,False,True,2
2,189933,0,Craft-repair,1,0,0,1,United-States,46-55,0,0,0,0,train,1,False,False,False,False,True,2
2,185465,0,Craft-repair,1,0,0,1,United-States,46-55,0,0,0,0,train,1,False,False,True,False,False,2
2,176924,0,Craft-repair,1,0,0,1,United-States,46-55,0,0,0,0,train,1,False,False,False,False,True,2
2,101017,0,Craft-repair,1,0,0,1,United-States,46-55,0,0,0,0,train,1,False,False,False,False,True,2
2,119565,0,Craft-repair,1,0,0,1,United-States,46-55,0,0,0,0,train,1,False,False,False,False,True,2
2,240521,0,Craft-repair,1,7298,0,1,United-States,56-65,7298,1,0,1,train,1,False,False,False,False,True,2
2,242341,0,Craft-repair,1,0,0,1,United-States,46-55,0,0,0,0,train,1,True,False,False,False,False,2
2,182854,0,Craft-repair,1,0,0,1,United-States,46-55,0,0,0,0,train,1,False,False,False,False,True,2
2,108993,0,Craft-repair,1,0,0,1,United-States,46-55,0,0,0,1,train,1,False,False,False,False,True,2
2,234057,0,Craft-repair,1,0,0,1,United-States,46-55,0,0,0,1,train,1,False,False,False,False,True,2
2,250873,0,Craft-repair,1,0,0,1,United-States,56-65,0,0,0,0,train,1,False,False,False,False,True,2
2,90624,0,Craft-repair,1,0,0,1,United-States,46-55,0,0,0,0,train,1,False,False,True,False,False,2
2,328610,0,Craft-repair,1,0,0,1,United-States,46-55,0,0,0,0,train,1,False,False,False,False,True,2
2,211762,0,Craft-repair,1,0,0,1,United-States,46-55,0,0,0,1,train,1,False,False,False,False,True,2
2,31840,0,Craft-repair,1,0,0,1,United-States,56-65,0,0,0,1,train,1,False,False,False,False,True,2
2,240859,0,Craft-repair,1,0,0,1,Cuba,46-55,0,0,0,0,train,1,False,False,False,False,True,2
2,186172,0,Craft-repair,1,7688,0,1,United-States,46-55,7688,1,0,1,train,1,False,False,False,False,True,2
2,78141,0,Craft-repair,1,0,0,1,United-States,56-65,0,0,0,1,train,1,False,False,False,False,True,2
2,154785,0,Craft-repair,1,0,0,1,United-States,46-55,0,0,0,1,train,1,False,False,False,False,True,2
2,174351,0,Craft-repair,1,0,0,1,Italy,56-65,0,0,0,0,train,1,False,False,False,False,True,2
2,229737,0,Craft-repair,1,0,0,1,United-States,46-55,0,0,0,1,train,1,False,False,False,False,True,2
2,357848,0,Craft-repair,1,0,0,1,United-States,46-55,0,0,0,1,train,1,False,False,False,False,True,2
2,180920,0,Craft-repair,1,0,0,1,United-States,56-65,0,0,0,0,train,1,False,False,False,False,True,2
2,53197,0,Craft-repair,1,0,0,1,United-States,46-55,0,0,0,0,train,1,False,False,False,False,True,2
2,185859,0,Craft-repair,1,0,0,1,United-States,46-55,0,0,0,0,train,1,False,False,False,False,True,2
2,229272,0,Craft-repair,1,0,0,1,United-States,46-55,0,0,0,1,train,1,False,False,True,False,False,2
2,186338,0,Craft-repair,1,0,0,1,United-States,46-55,0,0,0,1,train,1,False,False,False,False,True,2
2,202956,0,Craft-repair,1,0,0,1,United-States,46-55,0,0,0,0,train,1,False,False,False,False,True,2
2,147098,0,Craft-repair,1,0,0,1,United-States,46-55,0,0,0,1,train,1,False,False,False,False,True,2
2,157569,0,Craft-repair,1,0,0,1,United-States,46-55,0,0,0,0,train,1,False,False,False,False,True,2
2,137691,0,Craft-repair,1,0,0,1,United-States,46-55,0,0,0,1,train,1,False,False,False,False,True,2
2,200471,0,Craft-repair,1,0,0,1,United-States,46-55,0,0,0,0,train,1,False,False,False,False,True,2
2,213140,0,Craft-repair,1,0,0,1,Italy,46-55,0,0,0,0,train,1,False,False,False,False,True,2
2,120970,0,Craft-repair,1,0,0,1,United-States,46-55,0,0,0,1,train,1,False,False,True,False,False,2
2,55507,0,Craft-repair,1,0,0,1,United-States,46-55,0,0,0,0,train,1,False,False,True,False,False,2
2,79324,0,Craft-repair,1,0,0,1,United-States,46-55,0,0,0,1,train,1,False,False,False,False,True,2
2,227386,0,Craft-repair,1,0,0,1,United-States,56-65,0,0,0,0,train,1,False,False,False,False,True,2
2,29658,0,Craft-repair,1,0,0,1,United-States,46-55,0,0,0,1,train,1,False,False,False,False,True,2
2,376973,0,Craft-repair,1,0,0,1,United-States,56-65,0,0,0,1,train,1,False,False,False,False,True,2
2,86837,0,Craft-repair,1,0,1902,1,United-States,46-55,-1902,0,1,1,train,1,False,True,False,False,False,2
2,414994,0,Craft-repair,1,0,0,1,United-States,46-55,0,0,0,0,train,1,False,False,False,False,True,2
2,212120,0,Craft-repair,1,0,0,1,United-States,46-55,0,0,0,1,train,1,False,False,False,False,True,2
2,149640,0,Transport-moving,1,0,0,1,United-States,46-55,0,0,0,0,train,1,False,False,False,False,True,2
2,242606,0,Transport-moving,1,0,0,1,United-States,46-55,0,0,0,0,train,1,False,False,False,False,True,2
2,288825,0,Transport-moving,1,0,0,1,United-States,46-55,0,0,0,0,train,1,False,False,True,False,False,2
2,286967,0,Transport-moving,1,0,0,1,United-States,56-65,0,0,0,0,train,1,False,False,False,False,True,2
2,197422,0,Transport-moving,1,7688,0,1,United-States,46-55,7688,1,0,1,train,1,False,False,False,False,True,2
2,285854,0,Transport-moving,1,0,0,1,United-States,46-55,0,0,0,1,train,1,False,False,False,False,True,2
2,191277,0,Transport-moving,1,0,0,1,United-States,46-55,0,0,0,1,train,1,False,False,False,False,True,2
2,89534,0,Transport-moving,1,0,0,1,United-States,46-55,0,0,0,1,train,1,False,False,False,False,True,2
2,386136,0,Transport-moving,1,0,0,1,United-States,46-55,0,0,0,0,train,1,False,False,False,False,True,2
2,398212,0,Transport-moving,1,5013,0,1,United-States,46-55,5013,1,0,0,train,1,False,False,True,False,False,2
2,173796,0,Transport-moving,1,0,1887,1,United-States,56-65,-1887,0,1,1,train,1,False,False,False,False,True,2
2,245305,0,Transport-moving,1,0,0,1,United-States,46-55,0,0,0,1,train,1,False,False,True,False,False,2
2,270194,0,Transport-moving,1,0,0,1,United-States,46-55,0,0,0,0,train,1,False,False,False,False,True,2
2,224763,0,Transport-moving,1,0,0,1,Cuba,46-55,0,0,0,0,train,1,False,False,False,False,True,2
2,162137,0,Transport-moving,1,0,0,1,United-States,56-65,0,0,0,0,train,1,True,False,False,False,False,2
2,277434,0,Transport-moving,1,0,0,1,United-States,46-55,0,0,0,0,train,1,False,False,False,False,True,2
2,573583,0,Transport-moving,1,0,0,1,Italy,46-55,0,0,0,1,train,1,False,False,False,False,True,2
2,191188,0,Transport-moving,1,0,0,1,United-States,56-65,0,0,0,0,train,1,False,False,False,False,True,2
2,310085,0,Transport-moving,1,0,0,1,United-States,56-65,0,0,0,0,train,1,False,False,False,False,True,2
2,93690,0,Transport-moving,1,0,0,1,United-States,46-55,0,0,0,1,train,1,False,False,False,False,True,2
2,413363,0,Transport-moving,1,0,2002,1,United-States,46-55,-2002,0,1,0,train,1,False,False,False,False,True,2
2,194698,0,Transport-moving,1,0,0,1,United-States,46-55,0,0,0,0,train,1,False,False,False,False,True,2
2,146181,0,Transport-moving,1,0,0,1,United-States,46-55,0,0,0,0,train,1,False,False,True,False,False,2
2,181953,0,Transport-moving,1,0,0,1,United-States,56-65,0,0,0,0,train,1,False,False,False,False,True,2
2,107833,0,Transport-moving,1,0,1485,1,United-States,56-65,-1485,0,1,1,train,1,False,False,False,False,True,2
